{"Version":"0.0.0","Data":{"Constructions":"{\"Version\":\"0.0.16\",\"Structures\":[[],[{\"TypeID\":1,\"Position\":{\"x\":-462.216644,\"y\":18.0163345,\"z\":1562.91626},\"Rotation\":{\"x\":0.0005004637,\"y\":-0.000500464,\"z\":2.50464154E-07,\"w\":0.999999762},\"LinkedStructures\":[null,{\"TypeID\":20},null,null,null,null,null],\"Elements\":[],\"Storages\":[]},{\"TypeID\":1,\"Position\":{\"x\":-462.2189,\"y\":18.0140724,\"z\":1565.17627},\"Rotation\":{\"x\":0.0005004637,\"y\":-0.000500464,\"z\":2.50464154E-07,\"w\":0.999999762},\"LinkedStructures\":[{\"TypeID\":20},null,null,null,null,null,null],\"Elements\":[],\"Storages\":[]},{\"TypeID\":1,\"Position\":{\"x\":-1130.71655,\"y\":37.3638535,\"z\":1624.29944},\"Rotation\":{\"w\":1.0},\"LinkedStructures\":[null,{\"TypeID\":20,\"InstanceID\":1},null,null,null,null,null],\"Elements\":[],\"Storages\":[]},{\"TypeID\":1,\"Position\":{\"x\":-1130.71655,\"y\":37.3638535,\"z\":1626.55945},\"Rotation\":{\"w\":1.0},\"LinkedStructures\":[{\"TypeID\":20,\"InstanceID\":1},null,null,null,null,null,null],\"Elements\":[],\"Storages\":[]},{\"TypeID\":1,\"Position\":{\"x\":-420.490448,\"y\":14.763773,\"z\":1588.06641},\"Rotation\":{\"x\":0.0005004637,\"y\":-0.000500464,\"z\":2.50464154E-07,\"w\":0.999999762},\"LinkedStructures\":[null,{\"TypeID\":3},null,null,null,null,null],\"Elements\":[{\"ProfileID\":66,\"Position\":{\"x\":-420.490448,\"y\":14.763773,\"z\":1588.06641},\"Rotation\":{\"x\":-0.000353881565,\"y\":0.7071067,\"z\":0.70710665,\"w\":0.000353881565},\"LengthScale\":1.0}],\"Storages\":[]},{\"TypeID\":1,\"Position\":{\"x\":-420.4927,\"y\":14.7615108,\"z\":1590.32642},\"Rotation\":{\"x\":0.0005004637,\"y\":-0.000500464,\"z\":2.50464154E-07,\"w\":0.999999762},\"LinkedStructures\":[{\"TypeID\":3},null,null,null,null,null,null],\"Elements\":[{\"ProfileID\":66,\"Position\":{\"x\":-420.4927,\"y\":14.7615108,\"z\":1590.32642},\"Rotation\":{\"x\":-0.000353881565,\"y\":0.7071067,\"z\":0.70710665,\"w\":0.000353881565},\"LengthScale\":1.0}],\"Storages\":[]},{\"TypeID\":1,\"Position\":{\"x\":-604.3562,\"y\":177.34166,\"z\":97.2549744},\"Rotation\":{\"x\":0.0005004637,\"y\":-0.000500464,\"z\":2.50464154E-07,\"w\":0.999999762},\"LinkedStructures\":[null,{\"TypeID\":20,\"InstanceID\":2},null,null,null,null,null],\"Elements\":[],\"Storages\":[]},{\"TypeID\":1,\"Position\":{\"x\":-604.358459,\"y\":177.3394,\"z\":99.51497},\"Rotation\":{\"x\":0.0005004637,\"y\":-0.000500464,\"z\":2.50464154E-07,\"w\":0.999999762},\"LinkedStructures\":[{\"TypeID\":20,\"InstanceID\":2},null,null,null,null,null,null],\"Elements\":[],\"Storages\":[]}],null,[{\"TypeID\":3,\"Position\":{\"x\":-420.490448,\"y\":14.763773,\"z\":1588.06641},\"Rotation\":{\"x\":0.0005004637,\"y\":-0.000500464,\"z\":2.50464126E-07,\"w\":0.999999762},\"LinkedStructures\":[{\"TypeID\":1,\"InstanceID\":4},{\"TypeID\":1,\"InstanceID\":5},null,null,null,null,null,null,null,null,null,null,null,null,null,null],\"Elements\":[{\"ProfileID\":1,\"Position\":{\"x\":-420.491577,\"y\":14.7626419,\"z\":1589.19641},\"Rotation\":{\"x\":0.0005004657,\"w\":0.9999999},\"LengthScale\":1.0}],\"Storages\":[]}],null,null,null,null,null,[{\"TypeID\":9,\"Position\":{\"x\":-1634.78809,\"y\":16.0677223,\"z\":468.5806},\"Rotation\":{\"y\":0.290144354,\"w\":0.9569829},\"LinkedStructures\":[null,null,null,null,null,null],\"Elements\":[{\"ProfileID\":13,\"Position\":{\"x\":-1634.85339,\"y\":16.0660419,\"z\":468.597137},\"Rotation\":{\"x\":-0.7025503,\"y\":-0.017103374,\"z\":0.0171033144,\"w\":0.711223},\"LengthScale\":1.0},{\"ProfileID\":13,\"Position\":{\"x\":-1634.64429,\"y\":16.0621357,\"z\":469.098572},\"Rotation\":{\"x\":0.292504758,\"y\":0.6009381,\"z\":0.6410604,\"w\":-0.377300948},\"LengthScale\":1.0}],\"Storages\":[]}],[{\"TypeID\":10,\"Position\":{\"x\":-421.8549,\"y\":14.241519,\"z\":1517.74841},\"Rotation\":{\"w\":1.0},\"LinkedStructures\":[null,null,null,null,null,null,null,null,null],\"Elements\":[{\"ProfileID\":14,\"Position\":{\"x\":-421.8549,\"y\":14.241519,\"z\":1517.74841},\"Rotation\":{\"w\":1.0},\"LengthScale\":1.0}],\"Storages\":[]},{\"TypeID\":10,\"Position\":{\"x\":-376.862671,\"y\":14.9125357,\"z\":1493.395},\"Rotation\":{\"x\":0.0005004637,\"y\":-0.000500464,\"z\":2.50464126E-07,\"w\":0.999999762},\"LinkedStructures\":[null,null,null,null,null,{\"TypeID\":12,\"InstanceID\":2},null,null,{\"TypeID\":11,\"InstanceID\":2}],\"Elements\":[{\"ProfileID\":14,\"Position\":{\"x\":-376.862671,\"y\":14.9125357,\"z\":1493.395},\"Rotation\":{\"x\":0.0005004637,\"y\":-0.000500464,\"z\":2.50464126E-07,\"w\":0.999999762},\"LengthScale\":1.0}],\"Storages\":[]},{\"TypeID\":10,\"Position\":{\"x\":-1185.51123,\"y\":64.6863251,\"z\":136.366989},\"Rotation\":{\"w\":1.0},\"LinkedStructures\":[null,null,null,null,null,{\"TypeID\":12,\"InstanceID\":4},null,null,{\"TypeID\":11,\"InstanceID\":4}],\"Elements\":[{\"ProfileID\":14,\"Position\":{\"x\":-1185.51123,\"y\":64.6863251,\"z\":136.366989},\"Rotation\":{\"w\":1.0},\"LengthScale\":1.0}],\"Storages\":[]},{\"TypeID\":10,\"Position\":{\"x\":-1631.57166,\"y\":14.756649,\"z\":470.7106},\"Rotation\":{\"w\":1.0},\"LinkedStructures\":[null,null,null,null,null,{\"TypeID\":12},null,null,{\"TypeID\":11}],\"Elements\":[{\"ProfileID\":14,\"Position\":{\"x\":-1631.57166,\"y\":14.756649,\"z\":470.7106},\"Rotation\":{\"w\":1.0},\"LengthScale\":1.0}],\"Storages\":[]},{\"TypeID\":10,\"Position\":{\"x\":-438.05426,\"y\":14.6602545,\"z\":1591.08435},\"Rotation\":{\"x\":0.0005004637,\"y\":-0.000500464,\"z\":2.50464126E-07,\"w\":0.999999762},\"LinkedStructures\":[null,null,null,null,null,null,null,null,null],\"Elements\":[{\"ProfileID\":14,\"Position\":{\"x\":-438.05426,\"y\":14.6602545,\"z\":1591.08435},\"Rotation\":{\"x\":0.0005004637,\"y\":-0.000500464,\"z\":2.50464126E-07,\"w\":0.999999762},\"LengthScale\":1.0}],\"Storages\":[]},{\"TypeID\":10,\"Position\":{\"x\":-1110.97681,\"y\":127.298744,\"z\":-174.55423},\"Rotation\":{\"x\":0.0005004637,\"y\":-0.000500464,\"z\":2.50464126E-07,\"w\":0.999999762},\"LinkedStructures\":[null,null,null,null,null,null,null,{\"TypeID\":12,\"InstanceID\":3},{\"TypeID\":11,\"InstanceID\":3}],\"Elements\":[{\"ProfileID\":14,\"Position\":{\"x\":-1110.97681,\"y\":127.298744,\"z\":-174.55423},\"Rotation\":{\"x\":0.0005004637,\"y\":-0.000500464,\"z\":2.50464126E-07,\"w\":0.999999762},\"LengthScale\":1.0}],\"Storages\":[]},{\"TypeID\":10,\"Position\":{\"x\":-1129.78955,\"y\":110.90332,\"z\":-233.338867},\"Rotation\":{\"x\":0.0005004637,\"y\":-0.000500464,\"z\":2.50464126E-07,\"w\":0.999999762},\"LinkedStructures\":[null,null,null,null,null,{\"TypeID\":12,\"InstanceID\":1},null,null,{\"TypeID\":11,\"InstanceID\":1}],\"Elements\":[{\"ProfileID\":14,\"Position\":{\"x\":-1129.78955,\"y\":110.90332,\"z\":-233.338867},\"Rotation\":{\"x\":0.0005004637,\"y\":-0.000500464,\"z\":2.50464126E-07,\"w\":0.999999762},\"LengthScale\":1.0}],\"Storages\":[]},{\"TypeID\":10,\"Position\":{\"x\":-543.0527,\"y\":191.144073,\"z\":145.261246},\"Rotation\":{\"w\":1.0},\"LinkedStructures\":[null,null,null,null,null,{\"TypeID\":12,\"InstanceID\":5},null,null,{\"TypeID\":11,\"InstanceID\":5}],\"Elements\":[{\"ProfileID\":14,\"Position\":{\"x\":-543.0527,\"y\":191.144073,\"z\":145.261246},\"Rotation\":{\"w\":1.0},\"LengthScale\":1.0}],\"Storages\":[]},{\"TypeID\":10,\"Position\":{\"x\":-485.646881,\"y\":146.480927,\"z\":5.461996},\"Rotation\":{\"w\":1.0},\"LinkedStructures\":[null,null,null,null,null,{\"TypeID\":12,\"InstanceID\":6},null,null,{\"TypeID\":11,\"InstanceID\":6}],\"Elements\":[{\"ProfileID\":14,\"Position\":{\"x\":-485.646881,\"y\":146.480927,\"z\":5.461996},\"Rotation\":{\"w\":1.0},\"LengthScale\":1.0}],\"Storages\":[]},{\"TypeID\":10,\"Position\":{\"x\":-625.1581,\"y\":138.227386,\"z\":397.438751},\"Rotation\":{\"w\":1.0},\"LinkedStructures\":[null,null,null,null,null,null,{\"TypeID\":12,\"InstanceID\":7},null,{\"TypeID\":11,\"InstanceID\":7}],\"Elements\":[{\"ProfileID\":14,\"Position\":{\"x\":-625.1581,\"y\":138.227386,\"z\":397.438751},\"Rotation\":{\"w\":1.0},\"LengthScale\":1.0}],\"Storages\":[]},{\"TypeID\":10,\"Position\":{\"x\":-613.58374,\"y\":93.8974838,\"z\":573.09},\"Rotation\":{\"x\":0.0005004637,\"y\":-0.000500464,\"z\":2.50464126E-07,\"w\":0.999999762},\"LinkedStructures\":[null,null,null,null,null,null,{\"TypeID\":12,\"InstanceID\":8},null,{\"TypeID\":11,\"InstanceID\":10}],\"Elements\":[{\"ProfileID\":14,\"Position\":{\"x\":-613.58374,\"y\":93.8974838,\"z\":573.09},\"Rotation\":{\"x\":0.0005004637,\"y\":-0.000500464,\"z\":2.50464126E-07,\"w\":0.999999762},\"LengthScale\":1.0}],\"Storages\":[]}],[{\"TypeID\":11,\"Position\":{\"x\":-1631.57166,\"y\":14.756649,\"z\":470.7106},\"Rotation\":{\"w\":1.0},\"LinkedStructures\":[{\"TypeID\":10,\"InstanceID\":3},{\"TypeID\":10,\"InstanceID\":3}],\"Elements\":[{\"ProfileID\":16,\"Position\":{\"x\":-1631.57166,\"y\":14.756649,\"z\":470.7106},\"Rotation\":{\"w\":1.0},\"LengthScale\":1.0}],\"Storages\":[]},{\"TypeID\":11,\"Position\":{\"x\":-1129.78955,\"y\":110.90332,\"z\":-233.338867},\"Rotation\":{\"w\":1.0},\"LinkedStructures\":[{\"TypeID\":10,\"InstanceID\":6},{\"TypeID\":10,\"InstanceID\":6}],\"Elements\":[{\"ProfileID\":16,\"Position\":{\"x\":-1129.78955,\"y\":110.90332,\"z\":-233.338867},\"Rotation\":{\"w\":1.0},\"LengthScale\":1.0}],\"Storages\":[]},{\"TypeID\":11,\"Position\":{\"x\":-376.862671,\"y\":14.9125357,\"z\":1493.395},\"Rotation\":{\"w\":1.0},\"LinkedStructures\":[{\"TypeID\":10,\"InstanceID\":1},{\"TypeID\":10,\"InstanceID\":1}],\"Elements\":[{\"ProfileID\":16,\"Position\":{\"x\":-376.862671,\"y\":14.9125357,\"z\":1493.395},\"Rotation\":{\"w\":1.0},\"LengthScale\":1.0}],\"Storages\":[]},{\"TypeID\":11,\"Position\":{\"x\":-1110.97681,\"y\":127.298744,\"z\":-174.55423},\"Rotation\":{\"w\":1.0},\"LinkedStructures\":[{\"TypeID\":10,\"InstanceID\":5},{\"TypeID\":10,\"InstanceID\":5}],\"Elements\":[{\"ProfileID\":16,\"Position\":{\"x\":-1110.97681,\"y\":127.298744,\"z\":-174.55423},\"Rotation\":{\"w\":1.0},\"LengthScale\":1.0}],\"Storages\":[]},{\"TypeID\":11,\"Position\":{\"x\":-1185.51123,\"y\":64.6863251,\"z\":136.366989},\"Rotation\":{\"w\":1.0},\"LinkedStructures\":[{\"TypeID\":10,\"InstanceID\":2},{\"TypeID\":10,\"InstanceID\":2}],\"Elements\":[{\"ProfileID\":16,\"Position\":{\"x\":-1185.51123,\"y\":64.6863251,\"z\":136.366989},\"Rotation\":{\"w\":1.0},\"LengthScale\":1.0}],\"Storages\":[]},{\"TypeID\":11,\"Position\":{\"x\":-543.0527,\"y\":191.144073,\"z\":145.261246},\"Rotation\":{\"w\":1.0},\"LinkedStructures\":[{\"TypeID\":10,\"InstanceID\":7},{\"TypeID\":10,\"InstanceID\":7}],\"Elements\":[{\"ProfileID\":16,\"Position\":{\"x\":-543.0527,\"y\":191.144073,\"z\":145.261246},\"Rotation\":{\"w\":1.0},\"LengthScale\":1.0}],\"Storages\":[]},{\"TypeID\":11,\"Position\":{\"x\":-485.646881,\"y\":146.480927,\"z\":5.461996},\"Rotation\":{\"w\":1.0},\"LinkedStructures\":[{\"TypeID\":10,\"InstanceID\":8},{\"TypeID\":10,\"InstanceID\":8}],\"Elements\":[{\"ProfileID\":16,\"Position\":{\"x\":-485.646881,\"y\":146.480927,\"z\":5.461996},\"Rotation\":{\"w\":1.0},\"LengthScale\":1.0}],\"Storages\":[]},{\"TypeID\":11,\"Position\":{\"x\":-625.1581,\"y\":138.227386,\"z\":397.438751},\"Rotation\":{\"w\":1.0},\"LinkedStructures\":[{\"TypeID\":10,\"InstanceID\":9},{\"TypeID\":10,\"InstanceID\":9}],\"Elements\":[{\"ProfileID\":16,\"Position\":{\"x\":-625.1581,\"y\":138.227386,\"z\":397.438751},\"Rotation\":{\"w\":1.0},\"LengthScale\":1.0}],\"Storages\":[]},{\"TypeID\":11,\"Position\":{\"x\":-478.104736,\"y\":86.12844,\"z\":716.4433},\"Rotation\":{\"y\":0.9988605,\"z\":-0.0477256626},\"LinkedStructures\":[null,null],\"Elements\":[],\"Storages\":[]},{\"TypeID\":11,\"Position\":{\"x\":-478.851563,\"y\":85.99112,\"z\":714.430237},\"Rotation\":{\"y\":0.998962939,\"z\":-0.0455310643},\"LinkedStructures\":[null,null],\"Elements\":[],\"Storages\":[]},{\"TypeID\":11,\"Position\":{\"x\":-613.58374,\"y\":93.8974838,\"z\":573.09},\"Rotation\":{\"w\":1.0},\"LinkedStructures\":[{\"TypeID\":10,\"InstanceID\":10},{\"TypeID\":10,\"InstanceID\":10}],\"Elements\":[{\"ProfileID\":16,\"Position\":{\"x\":-613.58374,\"y\":93.8974838,\"z\":573.09},\"Rotation\":{\"w\":1.0},\"LengthScale\":1.0}],\"Storages\":[]}],[{\"TypeID\":12,\"Position\":{\"x\":-1632.70166,\"y\":14.7336693,\"z\":471.8406},\"Rotation\":{\"w\":1.0},\"LinkedStructures\":[null,null,null,{\"TypeID\":10,\"InstanceID\":3},null,null],\"Elements\":[{\"ProfileID\":81,\"Position\":{\"x\":-1632.70166,\"y\":15.4336691,\"z\":471.8406},\"Rotation\":{\"x\":-0.7071068,\"w\":0.7071068},\"LengthScale\":1.0}],\"Storages\":[]},{\"TypeID\":12,\"Position\":{\"x\":-1130.92065,\"y\":110.856705,\"z\":-232.209991},\"Rotation\":{\"y\":0.00050035317,\"w\":-0.9999999},\"LinkedStructures\":[null,null,null,{\"TypeID\":10,\"InstanceID\":6},null,null],\"Elements\":[{\"ProfileID\":81,\"Position\":{\"x\":-1130.92065,\"y\":111.5567,\"z\":-232.209991},\"Rotation\":{\"x\":-0.7071068,\"w\":0.7071068},\"LengthScale\":1.0}],\"Storages\":[]},{\"TypeID\":12,\"Position\":{\"x\":-377.9938,\"y\":14.8764,\"z\":1494.52393},\"Rotation\":{\"y\":0.00050035317,\"w\":-0.9999999},\"LinkedStructures\":[null,null,null,{\"TypeID\":10,\"InstanceID\":1},null,null],\"Elements\":[{\"ProfileID\":81,\"Position\":{\"x\":-377.9938,\"y\":15.5764,\"z\":1494.52393},\"Rotation\":{\"x\":-0.7071068,\"w\":0.7071068},\"LengthScale\":1.0}],\"Storages\":[]},{\"TypeID\":12,\"Position\":{\"x\":-1109.8457,\"y\":127.058769,\"z\":-175.6831},\"Rotation\":{\"y\":0.00050035317,\"w\":-0.9999999},\"LinkedStructures\":[null,null,{\"TypeID\":10,\"InstanceID\":5},null,null,null],\"Elements\":[{\"ProfileID\":81,\"Position\":{\"x\":-1109.8457,\"y\":127.758766,\"z\":-175.6831},\"Rotation\":{\"x\":-0.7071068,\"w\":0.7071068},\"LengthScale\":1.0}],\"Storages\":[]},{\"TypeID\":12,\"Position\":{\"x\":-1186.64124,\"y\":64.32337,\"z\":137.497},\"Rotation\":{\"w\":1.0},\"LinkedStructures\":[null,null,null,{\"TypeID\":10,\"InstanceID\":2},null,null],\"Elements\":[{\"ProfileID\":81,\"Position\":{\"x\":-1186.64124,\"y\":65.02337,\"z\":137.497},\"Rotation\":{\"x\":-0.7071068,\"w\":0.7071068},\"LengthScale\":1.0}],\"Storages\":[]},{\"TypeID\":12,\"Position\":{\"x\":-544.1827,\"y\":190.628876,\"z\":146.391251},\"Rotation\":{\"w\":1.0},\"LinkedStructures\":[null,null,null,{\"TypeID\":10,\"InstanceID\":7},null,null],\"Elements\":[{\"ProfileID\":81,\"Position\":{\"x\":-544.1827,\"y\":191.328873,\"z\":146.391251},\"Rotation\":{\"x\":-0.7071068,\"w\":0.7071068},\"LengthScale\":1.0}],\"Storages\":[]},{\"TypeID\":12,\"Position\":{\"x\":-486.7769,\"y\":146.540543,\"z\":6.591996},\"Rotation\":{\"w\":1.0},\"LinkedStructures\":[null,null,null,{\"TypeID\":10,\"InstanceID\":8},null,null],\"Elements\":[{\"ProfileID\":81,\"Position\":{\"x\":-486.7769,\"y\":147.24054,\"z\":6.591996},\"Rotation\":{\"x\":-0.7071068,\"w\":0.7071068},\"LengthScale\":1.0}],\"Storages\":[]},{\"TypeID\":12,\"Position\":{\"x\":-624.0281,\"y\":138.292267,\"z\":398.568756},\"Rotation\":{\"w\":1.0},\"LinkedStructures\":[{\"TypeID\":10,\"InstanceID\":9},null,null,null,null,null],\"Elements\":[{\"ProfileID\":81,\"Position\":{\"x\":-624.0281,\"y\":138.992264,\"z\":398.568756},\"Rotation\":{\"x\":-0.7071068,\"w\":0.7071068},\"LengthScale\":1.0}],\"Storages\":[]},{\"TypeID\":12,\"Position\":{\"x\":-612.4549,\"y\":93.8974838,\"z\":574.2211},\"Rotation\":{\"y\":0.00050035317,\"w\":-0.9999999},\"LinkedStructures\":[{\"TypeID\":10,\"InstanceID\":10},null,null,null,null,null],\"Elements\":[{\"ProfileID\":81,\"Position\":{\"x\":-612.4549,\"y\":94.59748,\"z\":574.2211},\"Rotation\":{\"x\":-0.7071068,\"w\":0.7071068},\"LengthScale\":1.0}],\"Storages\":[]}],null,null,null,null,null,null,null,[{\"TypeID\":20,\"Position\":{\"x\":-462.216644,\"y\":18.0163345,\"z\":1562.91626},\"Rotation\":{\"x\":0.0005004637,\"y\":-0.000500464,\"z\":2.50464126E-07,\"w\":0.999999762},\"LinkedStructures\":[{\"TypeID\":1},{\"TypeID\":1,\"InstanceID\":1},null,null,null,null,null,null,null,null,null,null,null,null,null,null],\"Elements\":[{\"ProfileID\":224,\"Position\":{\"x\":-462.217773,\"y\":18.01497,\"z\":1564.2793},\"Rotation\":{\"x\":0.0005004657,\"w\":0.9999999},\"LengthScale\":1.0}],\"Storages\":[]},{\"TypeID\":20,\"Position\":{\"x\":-1130.71655,\"y\":37.3638535,\"z\":1624.29944},\"Rotation\":{\"w\":1.0},\"LinkedStructures\":[{\"TypeID\":1,\"InstanceID\":2},{\"TypeID\":1,\"InstanceID\":3},null,null,null,null,null,null,null,null,null,null,null,null,null,null],\"Elements\":[{\"ProfileID\":224,\"Position\":{\"x\":-1130.71655,\"y\":37.3638535,\"z\":1625.66248},\"Rotation\":{\"w\":1.0},\"LengthScale\":1.0}],\"Storages\":[]},{\"TypeID\":20,\"Position\":{\"x\":-604.3562,\"y\":177.34166,\"z\":97.2549744},\"Rotation\":{\"x\":0.0005004637,\"y\":-0.000500464,\"z\":2.50464126E-07,\"w\":0.999999762},\"LinkedStructures\":[{\"TypeID\":1,\"InstanceID\":6},{\"TypeID\":1,\"InstanceID\":7},null,null,null,null,null,null,null,null,null,null,null,null,null,null],\"Elements\":[{\"ProfileID\":224,\"Position\":{\"x\":-604.3573,\"y\":177.3403,\"z\":98.61797},\"Rotation\":{\"x\":0.0004996251,\"w\":0.9999999},\"LengthScale\":1.0}],\"Storages\":[]}],[{\"TypeID\":21,\"Position\":{\"x\":-531.611938,\"y\":195.865,\"z\":120.38031},\"Rotation\":{\"x\":0.0004983907,\"y\":-0.08280827,\"z\":4.14131064E-05,\"w\":0.9965654},\"LinkedStructures\":[null,null,null,null,null,null,null],\"Elements\":[{\"ProfileID\":213,\"Position\":{\"x\":-531.611938,\"y\":196.2025,\"z\":120.38031},\"Rotation\":{\"x\":-0.0585542955,\"y\":0.7046782,\"z\":0.704678357,\"w\":0.0585543},\"LengthScale\":1.0}],\"Storages\":[]}],null,null,[{\"TypeID\":24,\"Position\":{\"x\":-1631.7627,\"y\":14.719121,\"z\":475.729462},\"Rotation\":{\"x\":0.006937445,\"y\":-0.300476372,\"z\":0.00218559685,\"w\":0.9537616},\"LinkedStructures\":[{\"TypeID\":25,\"InstanceID\":1},{\"TypeID\":25,\"InstanceID\":2},null],\"Elements\":[{\"ProfileID\":86,\"Position\":{\"x\":-1631.76746,\"y\":15.79128,\"z\":475.7415},\"Rotation\":{\"x\":-0.06240393,\"y\":-0.251722246,\"z\":0.365450174,\"w\":0.8939731},\"LengthScale\":2.00211644}],\"Storages\":[]}],[{\"TypeID\":25,\"Position\":{\"x\":-1118.79736,\"y\":36.95469,\"z\":1624.73169},\"Rotation\":{\"x\":0.0005004637,\"y\":-0.000500464,\"z\":2.50464126E-07,\"w\":0.999999762},\"LinkedStructures\":[null,null,null,null,null,null],\"Elements\":[{\"ProfileID\":12,\"Position\":{\"x\":-1118.79736,\"y\":37.65469,\"z\":1624.73169},\"Rotation\":{\"x\":0.0005004637,\"y\":-0.000500464,\"z\":2.50464126E-07,\"w\":0.999999762},\"LengthScale\":1.0}],\"Storages\":[]},{\"TypeID\":25,\"Position\":{\"x\":-1632.09485,\"y\":14.71069,\"z\":476.204376},\"Rotation\":{\"w\":1.0},\"LinkedStructures\":[{\"TypeID\":24},null,null,null,{\"TypeID\":28},null],\"Elements\":[{\"ProfileID\":12,\"Position\":{\"x\":-1632.09485,\"y\":15.4106894,\"z\":476.204376},\"Rotation\":{\"w\":1.0},\"LengthScale\":1.0}],\"Storages\":[]},{\"TypeID\":25,\"Position\":{\"x\":-1631.44714,\"y\":14.727129,\"z\":475.278442},\"Rotation\":{\"y\":0.9537833,\"w\":0.300495446},\"LinkedStructures\":[{\"TypeID\":24},null,null,null,{\"TypeID\":28,\"InstanceID\":1},null],\"Elements\":[{\"ProfileID\":12,\"Position\":{\"x\":-1631.44714,\"y\":15.4271288,\"z\":475.278442},\"Rotation\":{\"y\":0.9537833,\"w\":0.300495446},\"LengthScale\":1.0}],\"Storages\":[]},{\"TypeID\":25,\"Position\":{\"x\":-621.346863,\"y\":94.2529755,\"z\":576.0837},\"Rotation\":{\"x\":0.0005004637,\"y\":-0.000500464,\"z\":2.50464126E-07,\"w\":0.999999762},\"LinkedStructures\":[null,null,null,null,null,null],\"Elements\":[],\"Storages\":[]},{\"TypeID\":25,\"Position\":{\"x\":-621.5877,\"y\":94.22635,\"z\":575.7868},\"Rotation\":{\"x\":0.0005004637,\"y\":-0.000500464,\"z\":2.50464126E-07,\"w\":0.999999762},\"LinkedStructures\":[null,null,null,null,null,null],\"Elements\":[{\"ProfileID\":12,\"Position\":{\"x\":-621.5877,\"y\":94.9263458,\"z\":575.7868},\"Rotation\":{\"x\":0.0005004637,\"y\":-0.000500464,\"z\":2.50464126E-07,\"w\":0.999999762},\"LengthScale\":1.0},{\"ProfileID\":84,\"Position\":{\"x\":-621.5877,\"y\":95.6263,\"z\":575.7868},\"Rotation\":{\"x\":0.00149958336,\"y\":0.69820416,\"z\":0.0008210194,\"w\":0.715896666},\"LengthScale\":1.0}],\"Storages\":[]}],null,null,[{\"TypeID\":28,\"Position\":{\"x\":-1632.09485,\"y\":16.11069,\"z\":476.204376},\"Rotation\":{\"x\":-0.7071068,\"w\":0.7071068},\"LinkedStructures\":[{\"TypeID\":25,\"InstanceID\":1}],\"Elements\":[{\"ProfileID\":208,\"Position\":{\"x\":-1632.09485,\"y\":16.11069,\"z\":476.204376},\"Rotation\":{\"x\":-0.7071068,\"w\":0.7071068},\"LengthScale\":1.0},{\"ProfileID\":208,\"Position\":{\"x\":-1632.09009,\"y\":16.34872,\"z\":476.169739},\"Rotation\":{\"x\":-0.00182170048,\"y\":0.9967443,\"z\":0.02355346,\"w\":0.07709153},\"LengthScale\":1.0}],\"Storages\":[]},{\"TypeID\":28,\"Position\":{\"x\":-1631.44714,\"y\":16.1271286,\"z\":475.278442},\"Rotation\":{\"x\":-0.7071068,\"w\":0.7071068},\"LinkedStructures\":[{\"TypeID\":25,\"InstanceID\":2}],\"Elements\":[{\"ProfileID\":208,\"Position\":{\"x\":-1631.44714,\"y\":16.1271286,\"z\":475.278442},\"Rotation\":{\"x\":-0.7071068,\"w\":0.7071068},\"LengthScale\":1.0}],\"Storages\":[]}],null,null,null,[{\"TypeID\":32,\"Position\":{\"x\":-1192.38281,\"y\":64.24227,\"z\":138.393311},\"Rotation\":{\"x\":-0.176346049,\"y\":0.198572874,\"z\":0.12319956,\"w\":-0.9561866},\"LinkedStructures\":[null],\"Elements\":[{\"ProfileID\":31,\"Position\":{\"x\":-1192.38281,\"y\":64.24227,\"z\":138.393311},\"Rotation\":{\"x\":-0.176346034,\"y\":0.198572874,\"z\":0.123199567,\"w\":-0.9561866},\"LengthScale\":1.0},{\"ProfileID\":316,\"Position\":{\"x\":-1192.38281,\"y\":64.24227,\"z\":138.393311},\"Rotation\":{\"x\":-0.176346034,\"y\":0.198572874,\"z\":0.123199567,\"w\":-0.9561866},\"LengthScale\":1.0}],\"Storages\":[{\"Version\":\"0.0.0\",\"ItemBlocks\":[]}]},{\"TypeID\":32,\"Position\":{\"x\":-428.3135,\"y\":14.35249,\"z\":1593.32947},\"Rotation\":{\"x\":0.008347774,\"y\":0.934361,\"z\":0.0219643675,\"w\":0.3555524},\"LinkedStructures\":[null],\"Elements\":[{\"ProfileID\":31,\"Position\":{\"x\":-428.3135,\"y\":14.35249,\"z\":1593.32947},\"Rotation\":{\"x\":0.008347774,\"y\":0.934361,\"z\":0.0219643675,\"w\":0.3555524},\"LengthScale\":1.0},{\"ProfileID\":316,\"Position\":{\"x\":-428.3135,\"y\":14.35249,\"z\":1593.32947},\"Rotation\":{\"x\":0.008347774,\"y\":0.934361,\"z\":0.0219643675,\"w\":0.3555524},\"LengthScale\":1.0}],\"Storages\":[{\"Version\":\"0.0.0\",\"ItemBlocks\":[]}]},{\"TypeID\":32,\"Position\":{\"x\":-919.1251,\"y\":92.7119,\"z\":1452.89429},\"Rotation\":{\"x\":-0.149108529,\"y\":0.05156054,\"z\":-0.129641637,\"w\":-0.9789286},\"LinkedStructures\":[null],\"Elements\":[{\"ProfileID\":31,\"Position\":{\"x\":-919.1251,\"y\":92.7119,\"z\":1452.89429},\"Rotation\":{\"x\":-0.149108529,\"y\":0.05156054,\"z\":-0.129641637,\"w\":-0.9789286},\"LengthScale\":1.0},{\"ProfileID\":316,\"Position\":{\"x\":-919.1251,\"y\":92.7119,\"z\":1452.89429},\"Rotation\":{\"x\":-0.149108529,\"y\":0.05156054,\"z\":-0.129641637,\"w\":-0.9789286},\"LengthScale\":1.0}],\"Storages\":[{\"Version\":\"0.0.0\",\"ItemBlocks\":[]}]},{\"TypeID\":32,\"Position\":{\"x\":-1145.79248,\"y\":58.6508064,\"z\":69.61299},\"Rotation\":{\"y\":0.9981782,\"w\":-0.0603347756},\"LinkedStructures\":[null],\"Elements\":[{\"ProfileID\":31,\"Position\":{\"x\":-1145.79248,\"y\":58.6508064,\"z\":69.61299},\"Rotation\":{\"y\":0.9981782,\"w\":-0.0603347756},\"LengthScale\":1.0},{\"ProfileID\":316,\"Position\":{\"x\":-1145.79248,\"y\":58.6508064,\"z\":69.61299},\"Rotation\":{\"y\":0.9981782,\"w\":-0.0603347756},\"LengthScale\":1.0},{\"ProfileID\":189,\"Position\":{\"x\":-1145.79248,\"y\":58.6508064,\"z\":69.61299},\"Rotation\":{\"y\":0.9981782,\"w\":-0.0603347756},\"LengthScale\":1.0}],\"Storages\":[{\"Version\":\"0.0.0\",\"ItemBlocks\":[]}]},{\"TypeID\":32,\"Position\":{\"x\":-1633.57275,\"y\":14.7533216,\"z\":467.165955},\"Rotation\":{\"x\":-0.006609616,\"y\":0.8271508,\"z\":-0.0097295,\"w\":0.5618569},\"LinkedStructures\":[null],\"Elements\":[{\"ProfileID\":31,\"Position\":{\"x\":-1633.57275,\"y\":14.7533216,\"z\":467.165955},\"Rotation\":{\"x\":-0.006609616,\"y\":0.8271508,\"z\":-0.0097295,\"w\":0.5618569},\"LengthScale\":1.0},{\"ProfileID\":316,\"Position\":{\"x\":-1633.57275,\"y\":14.7533216,\"z\":467.165955},\"Rotation\":{\"x\":-0.006609616,\"y\":0.8271508,\"z\":-0.0097295,\"w\":0.5618569},\"LengthScale\":1.0}],\"Storages\":[{\"Version\":\"0.0.0\",\"ItemBlocks\":[]}]},{\"TypeID\":32,\"Position\":{\"x\":-1637.15857,\"y\":14.720212,\"z\":471.203125},\"Rotation\":{\"y\":0.470145732,\"w\":-0.882588863},\"LinkedStructures\":[null],\"Elements\":[{\"ProfileID\":31,\"Position\":{\"x\":-1637.15857,\"y\":14.720212,\"z\":471.203125},\"Rotation\":{\"y\":0.470145732,\"w\":-0.882588863},\"LengthScale\":1.0},{\"ProfileID\":316,\"Position\":{\"x\":-1637.15857,\"y\":14.720212,\"z\":471.203125},\"Rotation\":{\"y\":0.470145732,\"w\":-0.882588863},\"LengthScale\":1.0}],\"Storages\":[{\"Version\":\"0.0.0\",\"ItemBlocks\":[]}]},{\"TypeID\":32,\"Position\":{\"x\":-1186.37024,\"y\":64.11789,\"z\":138.574478},\"Rotation\":{\"x\":0.0367818177,\"y\":0.7570227,\"z\":0.06231746,\"w\":0.6493692},\"LinkedStructures\":[null],\"Elements\":[{\"ProfileID\":31,\"Position\":{\"x\":-1186.37024,\"y\":64.11789,\"z\":138.574478},\"Rotation\":{\"x\":0.0367818177,\"y\":0.7570227,\"z\":0.06231746,\"w\":0.6493692},\"LengthScale\":1.0},{\"ProfileID\":316,\"Position\":{\"x\":-1186.37024,\"y\":64.11789,\"z\":138.574478},\"Rotation\":{\"x\":0.0367818177,\"y\":0.7570227,\"z\":0.06231746,\"w\":0.6493692},\"LengthScale\":1.0}],\"Storages\":[{\"Version\":\"0.0.0\",\"ItemBlocks\":[]}]},{\"TypeID\":32,\"Position\":{\"x\":-624.6227,\"y\":137.981384,\"z\":395.001221},\"Rotation\":{\"y\":0.126321241,\"w\":0.9919894},\"LinkedStructures\":[null],\"Elements\":[{\"ProfileID\":31,\"Position\":{\"x\":-624.6227,\"y\":137.981384,\"z\":395.001221},\"Rotation\":{\"y\":0.126321241,\"w\":0.9919894},\"LengthScale\":1.0},{\"ProfileID\":316,\"Position\":{\"x\":-624.6227,\"y\":137.981384,\"z\":395.001221},\"Rotation\":{\"y\":0.126321241,\"w\":0.9919894},\"LengthScale\":1.0}],\"Storages\":[{\"Version\":\"0.0.0\",\"ItemBlocks\":[]}]},{\"TypeID\":32,\"Position\":{\"x\":-623.3775,\"y\":138.214325,\"z\":398.336},\"Rotation\":{\"x\":0.08449192,\"y\":0.7550805,\"z\":0.06125606,\"w\":-0.647272944},\"LinkedStructures\":[null],\"Elements\":[{\"ProfileID\":31,\"Position\":{\"x\":-623.3775,\"y\":138.214325,\"z\":398.336},\"Rotation\":{\"x\":0.08449192,\"y\":0.7550805,\"z\":0.06125606,\"w\":-0.647272944},\"LengthScale\":1.0},{\"ProfileID\":316,\"Position\":{\"x\":-623.3775,\"y\":138.214325,\"z\":398.336},\"Rotation\":{\"x\":0.08449192,\"y\":0.7550805,\"z\":0.06125606,\"w\":-0.647272944},\"LengthScale\":1.0}],\"Storages\":[{\"Version\":\"0.0.0\",\"ItemBlocks\":[]}]},{\"TypeID\":32,\"Position\":{\"x\":-604.9995,\"y\":93.9848,\"z\":575.9704},\"Rotation\":{\"x\":-0.0133014247,\"y\":0.480894,\"z\":-0.0356716029,\"w\":-0.8759519},\"LinkedStructures\":[null],\"Elements\":[{\"ProfileID\":31,\"Position\":{\"x\":-604.9995,\"y\":93.9848,\"z\":575.9704},\"Rotation\":{\"x\":-0.0133014247,\"y\":0.480894,\"z\":-0.0356716029,\"w\":-0.8759519},\"LengthScale\":1.0},{\"ProfileID\":316,\"Position\":{\"x\":-604.9995,\"y\":93.9848,\"z\":575.9704},\"Rotation\":{\"x\":-0.0133014247,\"y\":0.480894,\"z\":-0.0356716029,\"w\":-0.8759519},\"LengthScale\":1.0}],\"Storages\":[{\"Version\":\"0.0.0\",\"ItemBlocks\":[]}]}],null,null,null,null,null,null,null,null,null,null,null,null,null,null,null,null]}"}}