{"Version":"0.0.0","Data":{"Constructions":"{\"Version\":\"0.0.16\",\"Structures\":[[],[{\"TypeID\":1,\"Position\":{\"x\":-462.216644,\"y\":18.0163345,\"z\":1562.91626},\"Rotation\":{\"x\":0.0005004637,\"y\":-0.000500464,\"z\":2.50464154E-07,\"w\":0.999999762},\"LinkedStructures\":[null,{\"TypeID\":20},null,null,null,null,null],\"Elements\":[],\"Storages\":[]},{\"TypeID\":1,\"Position\":{\"x\":-462.2189,\"y\":18.0140724,\"z\":1565.17627},\"Rotation\":{\"x\":0.0005004637,\"y\":-0.000500464,\"z\":2.50464154E-07,\"w\":0.999999762},\"LinkedStructures\":[{\"TypeID\":20},null,null,null,null,null,null],\"Elements\":[],\"Storages\":[]},{\"TypeID\":1,\"Position\":{\"x\":-1130.71655,\"y\":37.3638535,\"z\":1624.29944},\"Rotation\":{\"w\":1.0},\"LinkedStructures\":[null,{\"TypeID\":20,\"InstanceID\":1},null,null,null,null,null],\"Elements\":[],\"Storages\":[]},{\"TypeID\":1,\"Position\":{\"x\":-1130.71655,\"y\":37.3638535,\"z\":1626.55945},\"Rotation\":{\"w\":1.0},\"LinkedStructures\":[{\"TypeID\":20,\"InstanceID\":1},null,null,null,null,null,null],\"Elements\":[],\"Storages\":[]},{\"TypeID\":1,\"Position\":{\"x\":-420.490448,\"y\":14.763773,\"z\":1588.06641},\"Rotation\":{\"x\":0.0005004637,\"y\":-0.000500464,\"z\":2.50464154E-07,\"w\":0.999999762},\"LinkedStructures\":[null,{\"TypeID\":3},null,null,null,null,null],\"Elements\":[{\"ProfileID\":66,\"Position\":{\"x\":-420.490448,\"y\":14.763773,\"z\":1588.06641},\"Rotation\":{\"x\":-0.000353881565,\"y\":0.7071067,\"z\":0.70710665,\"w\":0.000353881565},\"LengthScale\":1.0}],\"Storages\":[]},{\"TypeID\":1,\"Position\":{\"x\":-420.4927,\"y\":14.7615108,\"z\":1590.32642},\"Rotation\":{\"x\":0.0005004637,\"y\":-0.000500464,\"z\":2.50464154E-07,\"w\":0.999999762},\"LinkedStructures\":[{\"TypeID\":3},null,null,null,null,null,null],\"Elements\":[{\"ProfileID\":66,\"Position\":{\"x\":-420.4927,\"y\":14.7615108,\"z\":1590.32642},\"Rotation\":{\"x\":-0.000353881565,\"y\":0.7071067,\"z\":0.70710665,\"w\":0.000353881565},\"LengthScale\":1.0}],\"Storages\":[]}],null,[{\"TypeID\":3,\"Position\":{\"x\":-420.490448,\"y\":14.763773,\"z\":1588.06641},\"Rotation\":{\"x\":0.0005004637,\"y\":-0.000500464,\"z\":2.50464126E-07,\"w\":0.999999762},\"LinkedStructures\":[{\"TypeID\":1,\"InstanceID\":4},{\"TypeID\":1,\"InstanceID\":5},null,null,null,null,null,null,null,null,null,null,null,null,null,null],\"Elements\":[{\"ProfileID\":1,\"Position\":{\"x\":-420.491577,\"y\":14.7626419,\"z\":1589.19641},\"Rotation\":{\"x\":0.0005004657,\"w\":0.9999999},\"LengthScale\":1.0}],\"Storages\":[]}],null,null,null,null,null,null,[{\"TypeID\":10,\"Position\":{\"x\":-421.8549,\"y\":14.241519,\"z\":1517.74841},\"Rotation\":{\"w\":1.0},\"LinkedStructures\":[null,null,null,null,null,null,{\"TypeID\":12},null,{\"TypeID\":11}],\"Elements\":[{\"ProfileID\":14,\"Position\":{\"x\":-421.8549,\"y\":14.241519,\"z\":1517.74841},\"Rotation\":{\"w\":1.0},\"LengthScale\":1.0}],\"Storages\":[]},{\"TypeID\":10,\"Position\":{\"x\":-376.862671,\"y\":14.9125357,\"z\":1493.395},\"Rotation\":{\"x\":0.0005004637,\"y\":-0.000500464,\"z\":2.50464126E-07,\"w\":0.999999762},\"LinkedStructures\":[null,null,null,null,null,null,null,null,null],\"Elements\":[{\"ProfileID\":14,\"Position\":{\"x\":-376.862671,\"y\":14.9125357,\"z\":1493.395},\"Rotation\":{\"x\":0.0005004637,\"y\":-0.000500464,\"z\":2.50464126E-07,\"w\":0.999999762},\"LengthScale\":1.0}],\"Storages\":[]},{\"TypeID\":10,\"Position\":{\"x\":-1185.51123,\"y\":64.6863251,\"z\":136.366989},\"Rotation\":{\"w\":1.0},\"LinkedStructures\":[null,null,null,null,null,null,{\"TypeID\":12,\"InstanceID\":1},null,{\"TypeID\":11,\"InstanceID\":1}],\"Elements\":[{\"ProfileID\":14,\"Position\":{\"x\":-1185.51123,\"y\":64.6863251,\"z\":136.366989},\"Rotation\":{\"w\":1.0},\"LengthScale\":1.0}],\"Storages\":[]}],[{\"TypeID\":11,\"Position\":{\"x\":-421.8549,\"y\":14.241519,\"z\":1517.74841},\"Rotation\":{\"w\":1.0},\"LinkedStructures\":[{\"TypeID\":10},{\"TypeID\":10}],\"Elements\":[{\"ProfileID\":16,\"Position\":{\"x\":-421.8549,\"y\":14.241519,\"z\":1517.74841},\"Rotation\":{\"w\":1.0},\"LengthScale\":1.0}],\"Storages\":[]},{\"TypeID\":11,\"Position\":{\"x\":-1185.51123,\"y\":64.6863251,\"z\":136.366989},\"Rotation\":{\"w\":1.0},\"LinkedStructures\":[{\"TypeID\":10,\"InstanceID\":2},{\"TypeID\":10,\"InstanceID\":2}],\"Elements\":[{\"ProfileID\":16,\"Position\":{\"x\":-1185.51123,\"y\":64.6863251,\"z\":136.366989},\"Rotation\":{\"w\":1.0},\"LengthScale\":1.0}],\"Storages\":[]}],[{\"TypeID\":12,\"Position\":{\"x\":-420.724884,\"y\":14.0441227,\"z\":1518.87842},\"Rotation\":{\"w\":1.0},\"LinkedStructures\":[{\"TypeID\":10},null,null,null,null,null],\"Elements\":[{\"ProfileID\":81,\"Position\":{\"x\":-420.724884,\"y\":14.7441225,\"z\":1518.87842},\"Rotation\":{\"x\":-0.7071068,\"w\":0.7071068},\"LengthScale\":1.0}],\"Storages\":[]},{\"TypeID\":12,\"Position\":{\"x\":-1184.38123,\"y\":64.3412857,\"z\":137.497},\"Rotation\":{\"w\":1.0},\"LinkedStructures\":[{\"TypeID\":10,\"InstanceID\":2},null,null,null,null,null],\"Elements\":[{\"ProfileID\":81,\"Position\":{\"x\":-1184.38123,\"y\":65.04128,\"z\":137.497},\"Rotation\":{\"x\":-0.7071068,\"w\":0.7071068},\"LengthScale\":1.0}],\"Storages\":[]}],null,null,null,null,null,null,null,[{\"TypeID\":20,\"Position\":{\"x\":-462.216644,\"y\":18.0163345,\"z\":1562.91626},\"Rotation\":{\"x\":0.0005004637,\"y\":-0.000500464,\"z\":2.50464126E-07,\"w\":0.999999762},\"LinkedStructures\":[{\"TypeID\":1},{\"TypeID\":1,\"InstanceID\":1},null,null,null,null,null,null,null,null,null,null,null,null,null,null],\"Elements\":[{\"ProfileID\":224,\"Position\":{\"x\":-462.217773,\"y\":18.01497,\"z\":1564.2793},\"Rotation\":{\"x\":0.0005004657,\"w\":0.9999999},\"LengthScale\":1.0}],\"Storages\":[]},{\"TypeID\":20,\"Position\":{\"x\":-1130.71655,\"y\":37.3638535,\"z\":1624.29944},\"Rotation\":{\"w\":1.0},\"LinkedStructures\":[{\"TypeID\":1,\"InstanceID\":2},{\"TypeID\":1,\"InstanceID\":3},null,null,null,null,null,null,null,null,null,null,null,null,null,null],\"Elements\":[{\"ProfileID\":224,\"Position\":{\"x\":-1130.71655,\"y\":37.3638535,\"z\":1625.66248},\"Rotation\":{\"w\":1.0},\"LengthScale\":1.0}],\"Storages\":[]}],null,null,null,null,[{\"TypeID\":25,\"Position\":{\"x\":-1118.79736,\"y\":36.95469,\"z\":1624.73169},\"Rotation\":{\"x\":0.0005004637,\"y\":-0.000500464,\"z\":2.50464126E-07,\"w\":0.999999762},\"LinkedStructures\":[null,null,null,null,null,null],\"Elements\":[{\"ProfileID\":12,\"Position\":{\"x\":-1118.79736,\"y\":37.65469,\"z\":1624.73169},\"Rotation\":{\"x\":0.0005004637,\"y\":-0.000500464,\"z\":2.50464126E-07,\"w\":0.999999762},\"LengthScale\":1.0}],\"Storages\":[]}],null,null,null,null,null,null,[{\"TypeID\":32,\"Position\":{\"x\":-1118.66528,\"y\":36.9642143,\"z\":1625.909},\"Rotation\":{\"y\":0.8381877,\"w\":0.545381844},\"LinkedStructures\":[null],\"Elements\":[{\"ProfileID\":31,\"Position\":{\"x\":-1118.66528,\"y\":36.9642143,\"z\":1625.909},\"Rotation\":{\"y\":0.8381877,\"w\":0.545381844},\"LengthScale\":1.0},{\"ProfileID\":316,\"Position\":{\"x\":-1118.66528,\"y\":36.9642143,\"z\":1625.909},\"Rotation\":{\"y\":0.8381877,\"w\":0.545381844},\"LengthScale\":1.0}],\"Storages\":[{\"Version\":\"0.0.0\",\"ItemBlocks\":[]}]},{\"TypeID\":32,\"Position\":{\"x\":-428.3135,\"y\":14.35249,\"z\":1593.32947},\"Rotation\":{\"x\":0.008347774,\"y\":0.934361,\"z\":0.0219643675,\"w\":0.3555524},\"LinkedStructures\":[null],\"Elements\":[{\"ProfileID\":31,\"Position\":{\"x\":-428.3135,\"y\":14.35249,\"z\":1593.32947},\"Rotation\":{\"x\":0.008347774,\"y\":0.934361,\"z\":0.0219643675,\"w\":0.3555524},\"LengthScale\":1.0},{\"ProfileID\":316,\"Position\":{\"x\":-428.3135,\"y\":14.35249,\"z\":1593.32947},\"Rotation\":{\"x\":0.008347774,\"y\":0.934361,\"z\":0.0219643675,\"w\":0.3555524},\"LengthScale\":1.0}],\"Storages\":[{\"Version\":\"0.0.0\",\"ItemBlocks\":[]}]},{\"TypeID\":32,\"Position\":{\"x\":-919.1251,\"y\":92.7119,\"z\":1452.89429},\"Rotation\":{\"x\":-0.149108529,\"y\":0.05156054,\"z\":-0.129641637,\"w\":-0.9789286},\"LinkedStructures\":[null],\"Elements\":[{\"ProfileID\":31,\"Position\":{\"x\":-919.1251,\"y\":92.7119,\"z\":1452.89429},\"Rotation\":{\"x\":-0.149108529,\"y\":0.05156054,\"z\":-0.129641637,\"w\":-0.9789286},\"LengthScale\":1.0},{\"ProfileID\":316,\"Position\":{\"x\":-919.1251,\"y\":92.7119,\"z\":1452.89429},\"Rotation\":{\"x\":-0.149108529,\"y\":0.05156054,\"z\":-0.129641637,\"w\":-0.9789286},\"LengthScale\":1.0}],\"Storages\":[{\"Version\":\"0.0.0\",\"ItemBlocks\":[]}]}],null,null,null,null,null,null,null,null,null,null,null,null,null,null,null,null]}"}}