{"Version":"0.0.0","Data":{"Constructions":"{\"Version\":\"0.0.16\",\"Structures\":[[],[{\"TypeID\":1,\"Position\":{\"x\":-462.216644,\"y\":18.0163345,\"z\":1562.91626},\"Rotation\":{\"x\":0.0005004637,\"y\":-0.000500464,\"z\":2.50464154E-07,\"w\":0.999999762},\"LinkedStructures\":[null,{\"TypeID\":20},null,null,null,null,null],\"Elements\":[],\"Storages\":[]},{\"TypeID\":1,\"Position\":{\"x\":-462.2189,\"y\":18.0140724,\"z\":1565.17627},\"Rotation\":{\"x\":0.0005004637,\"y\":-0.000500464,\"z\":2.50464154E-07,\"w\":0.999999762},\"LinkedStructures\":[{\"TypeID\":20},null,null,null,null,null,null],\"Elements\":[],\"Storages\":[]},{\"TypeID\":1,\"Position\":{\"x\":-1130.71655,\"y\":37.3638535,\"z\":1624.29944},\"Rotation\":{\"w\":1.0},\"LinkedStructures\":[null,{\"TypeID\":20,\"InstanceID\":1},null,null,null,null,null],\"Elements\":[],\"Storages\":[]},{\"TypeID\":1,\"Position\":{\"x\":-1130.71655,\"y\":37.3638535,\"z\":1626.55945},\"Rotation\":{\"w\":1.0},\"LinkedStructures\":[{\"TypeID\":20,\"InstanceID\":1},null,null,null,null,null,null],\"Elements\":[],\"Storages\":[]},{\"TypeID\":1,\"Position\":{\"x\":-420.490448,\"y\":14.763773,\"z\":1588.06641},\"Rotation\":{\"x\":0.0005004637,\"y\":-0.000500464,\"z\":2.50464154E-07,\"w\":0.999999762},\"LinkedStructures\":[null,{\"TypeID\":3},null,null,null,null,null],\"Elements\":[{\"ProfileID\":66,\"Position\":{\"x\":-420.490448,\"y\":14.763773,\"z\":1588.06641},\"Rotation\":{\"x\":-0.000353881565,\"y\":0.7071067,\"z\":0.70710665,\"w\":0.000353881565},\"LengthScale\":1.0}],\"Storages\":[]},{\"TypeID\":1,\"Position\":{\"x\":-420.4927,\"y\":14.7615108,\"z\":1590.32642},\"Rotation\":{\"x\":0.0005004637,\"y\":-0.000500464,\"z\":2.50464154E-07,\"w\":0.999999762},\"LinkedStructures\":[{\"TypeID\":3},null,null,null,null,null,null],\"Elements\":[{\"ProfileID\":66,\"Position\":{\"x\":-420.4927,\"y\":14.7615108,\"z\":1590.32642},\"Rotation\":{\"x\":-0.000353881565,\"y\":0.7071067,\"z\":0.70710665,\"w\":0.000353881565},\"LengthScale\":1.0}],\"Storages\":[]},{\"TypeID\":1,\"Position\":{\"x\":-604.3562,\"y\":177.34166,\"z\":97.2549744},\"Rotation\":{\"x\":0.0005004637,\"y\":-0.000500464,\"z\":2.50464154E-07,\"w\":0.999999762},\"LinkedStructures\":[null,{\"TypeID\":20,\"InstanceID\":2},null,null,null,null,null],\"Elements\":[],\"Storages\":[]},{\"TypeID\":1,\"Position\":{\"x\":-604.358459,\"y\":177.3394,\"z\":99.51497},\"Rotation\":{\"x\":0.0005004637,\"y\":-0.000500464,\"z\":2.50464154E-07,\"w\":0.999999762},\"LinkedStructures\":[{\"TypeID\":20,\"InstanceID\":2},null,null,null,null,null,null],\"Elements\":[],\"Storages\":[]},{\"TypeID\":1,\"Position\":{\"x\":-592.617859,\"y\":93.99642,\"z\":577.025452},\"Rotation\":{\"y\":-0.7237988,\"w\":0.690011144},\"LinkedStructures\":[{\"TypeID\":3,\"InstanceID\":3},null,{\"TypeID\":3,\"InstanceID\":1},null,null,null,null],\"Elements\":[{\"ProfileID\":66,\"Position\":{\"x\":-592.617859,\"y\":93.99642,\"z\":577.025452},\"Rotation\":{\"x\":-0.5118031,\"y\":0.487911582,\"z\":0.487911582,\"w\":0.5118031},\"LengthScale\":1.0}],\"Storages\":[]},{\"TypeID\":1,\"Position\":{\"x\":-592.5099,\"y\":93.99642,\"z\":574.768},\"Rotation\":{\"y\":-0.9997146,\"w\":-0.023891449},\"LinkedStructures\":[{\"TypeID\":3,\"InstanceID\":1},{\"TypeID\":3,\"InstanceID\":2},null,null,null,null,null],\"Elements\":[{\"ProfileID\":66,\"Position\":{\"x\":-592.5099,\"y\":93.99642,\"z\":574.768},\"Rotation\":{\"x\":-0.706905067,\"y\":-0.0168938823,\"z\":-0.0168938078,\"w\":0.706904948},\"LengthScale\":1.0}],\"Storages\":[]},{\"TypeID\":1,\"Position\":{\"x\":-592.4019,\"y\":93.99642,\"z\":572.510559},\"Rotation\":{\"y\":-0.7237989,\"w\":0.6900111},\"LinkedStructures\":[{\"TypeID\":3,\"InstanceID\":4},null,null,{\"TypeID\":3,\"InstanceID\":2},null,null,null],\"Elements\":[{\"ProfileID\":66,\"Position\":{\"x\":-592.4019,\"y\":93.99642,\"z\":572.510559},\"Rotation\":{\"x\":-0.5118031,\"y\":0.487911522,\"z\":0.487911522,\"w\":0.5118031},\"LengthScale\":1.0}],\"Storages\":[]},{\"TypeID\":1,\"Position\":{\"x\":-590.3604,\"y\":93.99642,\"z\":577.133362},\"Rotation\":{\"y\":-0.0238915347,\"w\":0.999714553},\"LinkedStructures\":[{\"TypeID\":3,\"InstanceID\":5},null,{\"TypeID\":3,\"InstanceID\":3},null,null,null,null],\"Elements\":[{\"ProfileID\":66,\"Position\":{\"x\":-590.3604,\"y\":93.99642,\"z\":577.133362},\"Rotation\":{\"x\":0.0168938991,\"y\":-0.706904948,\"z\":-0.706905067,\"w\":-0.0168939233},\"LengthScale\":1.0}],\"Storages\":[]},{\"TypeID\":1,\"Position\":{\"x\":-590.144531,\"y\":93.99642,\"z\":572.6186},\"Rotation\":{\"y\":-0.7237989,\"w\":0.6900111},\"LinkedStructures\":[null,{\"TypeID\":3,\"InstanceID\":4},null,{\"TypeID\":3,\"InstanceID\":6},null,null,null],\"Elements\":[{\"ProfileID\":66,\"Position\":{\"x\":-590.144531,\"y\":93.99642,\"z\":572.6186},\"Rotation\":{\"x\":-0.5118031,\"y\":0.487911522,\"z\":0.487911522,\"w\":0.5118031},\"LengthScale\":1.0}],\"Storages\":[]},{\"TypeID\":1,\"Position\":{\"x\":-590.2525,\"y\":93.99642,\"z\":574.876038},\"Rotation\":{\"y\":-0.0238915347,\"w\":0.999714553},\"LinkedStructures\":[{\"TypeID\":3,\"InstanceID\":6},{\"TypeID\":3,\"InstanceID\":5},null,null,null,null,null],\"Elements\":[{\"ProfileID\":66,\"Position\":{\"x\":-590.2525,\"y\":93.99642,\"z\":574.876038},\"Rotation\":{\"x\":0.0168938991,\"y\":-0.706904948,\"z\":-0.706905067,\"w\":-0.0168939233},\"LengthScale\":1.0}],\"Storages\":[]},{\"TypeID\":1,\"Position\":{\"x\":-599.33075,\"y\":93.26254,\"z\":571.914734},\"Rotation\":{\"x\":0.000497703,\"y\":0.099025704,\"z\":-4.952883E-05,\"w\":0.995084763},\"LinkedStructures\":[{\"TypeID\":3,\"InstanceID\":24},{\"TypeID\":3,\"InstanceID\":22},null,null,null,null,null],\"Elements\":[{\"ProfileID\":66,\"Position\":{\"x\":-599.33075,\"y\":93.26254,\"z\":571.914734},\"Rotation\":{\"x\":0.07002176,\"y\":0.703631341,\"z\":0.7036313,\"w\":-0.07002176},\"LengthScale\":1.0}],\"Storages\":[]},{\"TypeID\":1,\"Position\":{\"x\":-598.8854,\"y\":93.2602844,\"z\":574.130432},\"Rotation\":{\"x\":0.000497703,\"y\":0.099025704,\"z\":-4.952883E-05,\"w\":0.995084763},\"LinkedStructures\":[{\"TypeID\":3,\"InstanceID\":22},{\"TypeID\":3,\"InstanceID\":25},null,null,null,null,null],\"Elements\":[{\"ProfileID\":66,\"Position\":{\"x\":-598.8854,\"y\":93.2602844,\"z\":574.130432},\"Rotation\":{\"x\":0.07002176,\"y\":0.703631341,\"z\":0.7036313,\"w\":-0.07002176},\"LengthScale\":1.0}],\"Storages\":[]},{\"TypeID\":1,\"Position\":{\"x\":-599.7761,\"y\":93.26254,\"z\":569.699036},\"Rotation\":{\"x\":4.95288441E-05,\"y\":0.995084763,\"z\":0.000497703,\"w\":-0.0990257338},\"LinkedStructures\":[{\"TypeID\":3,\"InstanceID\":24},null,null,{\"TypeID\":20,\"InstanceID\":3},null,null,null],\"Elements\":[{\"ProfileID\":66,\"Position\":{\"x\":-599.7761,\"y\":93.26254,\"z\":569.699036},\"Rotation\":{\"x\":-0.703631341,\"y\":0.07002178,\"z\":0.0700217858,\"w\":0.7036313},\"LengthScale\":1.0}],\"Storages\":[]},{\"TypeID\":1,\"Position\":{\"x\":-601.9918,\"y\":92.89593,\"z\":570.1444},\"Rotation\":{\"x\":2.81453311E-12,\"y\":-0.6336095,\"z\":2.30505784E-12,\"w\":0.77365303},\"LinkedStructures\":[{\"TypeID\":20,\"InstanceID\":3},null,null,null,null,null,null],\"Elements\":[],\"Storages\":[]}],[{\"TypeID\":2,\"Position\":{\"x\":-600.6967,\"y\":93.03762,\"z\":571.628235},\"Rotation\":{\"x\":1.09227356E-08,\"y\":0.789868534,\"z\":-1.4067929E-08,\"w\":0.6132763},\"LinkedStructures\":[null,null,null,null,null,null,null],\"Elements\":[{\"ProfileID\":42,\"Position\":{\"x\":-600.6967,\"y\":93.37512,\"z\":571.628235},\"Rotation\":{\"x\":-0.55852145,\"y\":-0.433651865,\"z\":-0.433651865,\"w\":0.55852145},\"LengthScale\":1.0}],\"Storages\":[]}],[{\"TypeID\":3,\"Position\":{\"x\":-420.490448,\"y\":14.763773,\"z\":1588.06641},\"Rotation\":{\"x\":0.0005004637,\"y\":-0.000500464,\"z\":2.50464126E-07,\"w\":0.999999762},\"LinkedStructures\":[{\"TypeID\":1,\"InstanceID\":4},{\"TypeID\":1,\"InstanceID\":5},null,null,null,null,null,null,null,null,null,null,null,null,null,null],\"Elements\":[{\"ProfileID\":1,\"Position\":{\"x\":-420.491577,\"y\":14.7626419,\"z\":1589.19641},\"Rotation\":{\"x\":0.0005004657,\"w\":0.9999999},\"LengthScale\":1.0}],\"Storages\":[]},{\"TypeID\":3,\"Position\":{\"x\":-592.617859,\"y\":93.99642,\"z\":577.025452},\"Rotation\":{\"y\":-0.999714553,\"w\":-0.0238915347},\"LinkedStructures\":[{\"TypeID\":1,\"InstanceID\":8},{\"TypeID\":1,\"InstanceID\":9},null,{\"TypeID\":4},null,{\"TypeID\":8},null,null,{\"TypeID\":3,\"InstanceID\":2},{\"TypeID\":3,\"InstanceID\":3},null,null,null,null,null,null],\"Elements\":[{\"ProfileID\":1,\"Position\":{\"x\":-592.563843,\"y\":93.99642,\"z\":575.8967},\"Rotation\":{\"y\":-0.999714553,\"w\":-0.0238915943},\"LengthScale\":1.0}],\"Storages\":[]},{\"TypeID\":3,\"Position\":{\"x\":-592.5099,\"y\":93.99642,\"z\":574.768},\"Rotation\":{\"y\":-0.9997146,\"w\":-0.023891449},\"LinkedStructures\":[{\"TypeID\":1,\"InstanceID\":9},{\"TypeID\":1,\"InstanceID\":10},null,{\"TypeID\":4,\"InstanceID\":1},null,{\"TypeID\":8,\"InstanceID\":1},{\"TypeID\":3,\"InstanceID\":4},null,null,null,null,{\"TypeID\":3,\"InstanceID\":1},null,null,null,null],\"Elements\":[{\"ProfileID\":1,\"Position\":{\"x\":-592.455933,\"y\":93.99642,\"z\":573.6393},\"Rotation\":{\"y\":-0.9997146,\"w\":-0.023891598},\"LengthScale\":1.0}],\"Storages\":[]},{\"TypeID\":3,\"Position\":{\"x\":-590.3604,\"y\":93.99642,\"z\":577.133362},\"Rotation\":{\"y\":-0.7237988,\"w\":0.690011144},\"LinkedStructures\":[{\"TypeID\":1,\"InstanceID\":11},{\"TypeID\":1,\"InstanceID\":8},null,null,null,{\"TypeID\":8,\"InstanceID\":2},{\"TypeID\":3,\"InstanceID\":1},null,null,{\"TypeID\":3,\"InstanceID\":5},null,null,null,null,null,null],\"Elements\":[{\"ProfileID\":1,\"Position\":{\"x\":-591.489136,\"y\":93.99642,\"z\":577.0794},\"Rotation\":{\"y\":-0.7237989,\"w\":0.6900111},\"LengthScale\":1.0}],\"Storages\":[]},{\"TypeID\":3,\"Position\":{\"x\":-590.144531,\"y\":93.99642,\"z\":572.6186},\"Rotation\":{\"y\":-0.7237989,\"w\":0.6900111},\"LinkedStructures\":[{\"TypeID\":1,\"InstanceID\":12},{\"TypeID\":1,\"InstanceID\":10},null,null,null,{\"TypeID\":8,\"InstanceID\":3},null,{\"TypeID\":3,\"InstanceID\":2},null,null,{\"TypeID\":3,\"InstanceID\":6},null,null,null,null,null],\"Elements\":[{\"ProfileID\":1,\"Position\":{\"x\":-591.273254,\"y\":93.99642,\"z\":572.564636},\"Rotation\":{\"y\":-0.7237989,\"w\":0.6900111},\"LengthScale\":1.0}],\"Storages\":[]},{\"TypeID\":3,\"Position\":{\"x\":-590.2525,\"y\":93.99642,\"z\":574.876038},\"Rotation\":{\"y\":-0.0238915347,\"w\":0.999714553},\"LinkedStructures\":[{\"TypeID\":1,\"InstanceID\":13},{\"TypeID\":1,\"InstanceID\":11},null,{\"TypeID\":4},null,{\"TypeID\":8,\"InstanceID\":4},{\"TypeID\":3,\"InstanceID\":3},null,null,null,null,{\"TypeID\":3,\"InstanceID\":6},null,null,null,null],\"Elements\":[{\"ProfileID\":1,\"Position\":{\"x\":-590.306458,\"y\":93.99642,\"z\":576.004761},\"Rotation\":{\"y\":-0.0238915943,\"w\":0.999714553},\"LengthScale\":1.0}],\"Storages\":[]},{\"TypeID\":3,\"Position\":{\"x\":-590.144531,\"y\":93.99642,\"z\":572.6186},\"Rotation\":{\"y\":-0.0238916278,\"w\":0.9997146},\"LinkedStructures\":[{\"TypeID\":1,\"InstanceID\":12},{\"TypeID\":1,\"InstanceID\":13},null,{\"TypeID\":4,\"InstanceID\":1},null,{\"TypeID\":8,\"InstanceID\":5},null,null,{\"TypeID\":3,\"InstanceID\":5},{\"TypeID\":3,\"InstanceID\":4},null,null,null,null,null,null],\"Elements\":[{\"ProfileID\":1,\"Position\":{\"x\":-590.198547,\"y\":93.99642,\"z\":573.7473},\"Rotation\":{\"y\":-0.0238916278,\"w\":0.9997146},\"LengthScale\":1.0}],\"Storages\":[]},{\"TypeID\":3,\"Position\":{\"x\":-592.4019,\"y\":96.69642,\"z\":572.510559},\"Rotation\":{\"y\":0.6900111,\"w\":0.7237989},\"LinkedStructures\":[{\"TypeID\":8,\"InstanceID\":3},{\"TypeID\":8,\"InstanceID\":3},null,null,null,{\"TypeID\":7,\"InstanceID\":2},{\"TypeID\":3,\"InstanceID\":10},null,null,{\"TypeID\":3,\"InstanceID\":12},null,null,null,null,{\"TypeID\":8,\"InstanceID\":3},null],\"Elements\":[{\"ProfileID\":1,\"Position\":{\"x\":-591.2732,\"y\":96.69642,\"z\":572.5645},\"Rotation\":{\"y\":0.6900111,\"w\":0.7237989},\"LengthScale\":1.0}],\"Storages\":[]},{\"TypeID\":3,\"Position\":{\"x\":-592.617859,\"y\":96.69642,\"z\":577.025452},\"Rotation\":{\"y\":-0.9997146,\"w\":-0.023891449},\"LinkedStructures\":[{\"TypeID\":8},{\"TypeID\":8},null,null,null,null,{\"TypeID\":3,\"InstanceID\":11},null,{\"TypeID\":3,\"InstanceID\":12},{\"TypeID\":3,\"InstanceID\":13},null,null,null,null,{\"TypeID\":8},null],\"Elements\":[{\"ProfileID\":1,\"Position\":{\"x\":-592.5639,\"y\":96.69642,\"z\":575.8967},\"Rotation\":{\"y\":-0.9997146,\"w\":-0.023891449},\"LengthScale\":1.0}],\"Storages\":[]},{\"TypeID\":3,\"Position\":{\"x\":-590.2525,\"y\":96.69642,\"z\":574.876038},\"Rotation\":{\"y\":-0.0238917768,\"w\":0.9997146},\"LinkedStructures\":[{\"TypeID\":8,\"InstanceID\":4},{\"TypeID\":8,\"InstanceID\":4},null,null,null,null,{\"TypeID\":3,\"InstanceID\":13},null,null,{\"TypeID\":3,\"InstanceID\":11},null,{\"TypeID\":3,\"InstanceID\":10},null,null,{\"TypeID\":8,\"InstanceID\":4},null],\"Elements\":[{\"ProfileID\":1,\"Position\":{\"x\":-590.306458,\"y\":96.69642,\"z\":576.004761},\"Rotation\":{\"y\":-0.0238917768,\"w\":0.9997146},\"LengthScale\":1.0}],\"Storages\":[]},{\"TypeID\":3,\"Position\":{\"x\":-590.144531,\"y\":96.69642,\"z\":572.6186},\"Rotation\":{\"y\":-0.0238915347,\"w\":0.999714553},\"LinkedStructures\":[{\"TypeID\":8,\"InstanceID\":5},{\"TypeID\":8,\"InstanceID\":5},null,null,null,null,{\"TypeID\":3,\"InstanceID\":11},null,{\"TypeID\":3,\"InstanceID\":9},{\"TypeID\":3,\"InstanceID\":7},null,null,null,null,{\"TypeID\":8,\"InstanceID\":5},null],\"Elements\":[{\"ProfileID\":1,\"Position\":{\"x\":-590.1985,\"y\":96.69642,\"z\":573.7473},\"Rotation\":{\"y\":-0.0238915347,\"w\":0.999714553},\"LengthScale\":1.0}],\"Storages\":[]},{\"TypeID\":3,\"Position\":{\"x\":-592.5099,\"y\":96.69642,\"z\":574.768},\"Rotation\":{\"y\":0.6900112,\"w\":0.723798752},\"LinkedStructures\":[{\"TypeID\":3,\"InstanceID\":12},{\"TypeID\":3,\"InstanceID\":9},null,null,null,{\"TypeID\":7},{\"TypeID\":3,\"InstanceID\":9},{\"TypeID\":3,\"InstanceID\":10},null,{\"TypeID\":3,\"InstanceID\":8},{\"TypeID\":3,\"InstanceID\":12},null,null,null,null,null],\"Elements\":[{\"ProfileID\":1,\"Position\":{\"x\":-591.381165,\"y\":96.69642,\"z\":574.82196},\"Rotation\":{\"y\":0.690011,\"w\":0.723798931},\"LengthScale\":1.0}],\"Storages\":[]},{\"TypeID\":3,\"Position\":{\"x\":-592.5099,\"y\":96.69642,\"z\":574.768},\"Rotation\":{\"y\":-0.9997146,\"w\":-0.023891449},\"LinkedStructures\":[{\"TypeID\":8,\"InstanceID\":1},{\"TypeID\":8,\"InstanceID\":1},null,null,null,null,{\"TypeID\":3,\"InstanceID\":7},null,null,{\"TypeID\":3,\"InstanceID\":11},null,{\"TypeID\":3,\"InstanceID\":8},null,null,{\"TypeID\":8,\"InstanceID\":1},null],\"Elements\":[{\"ProfileID\":1,\"Position\":{\"x\":-592.455933,\"y\":96.69642,\"z\":573.6393},\"Rotation\":{\"y\":-0.9997146,\"w\":-0.023891449},\"LengthScale\":1.0}],\"Storages\":[]},{\"TypeID\":3,\"Position\":{\"x\":-590.3604,\"y\":96.69642,\"z\":577.133362},\"Rotation\":{\"y\":-0.7237989,\"w\":0.6900111},\"LinkedStructures\":[{\"TypeID\":8,\"InstanceID\":2},{\"TypeID\":8,\"InstanceID\":2},null,null,null,{\"TypeID\":7,\"InstanceID\":1},{\"TypeID\":3,\"InstanceID\":8},null,null,{\"TypeID\":3,\"InstanceID\":9},null,null,null,null,{\"TypeID\":8,\"InstanceID\":2},null],\"Elements\":[{\"ProfileID\":1,\"Position\":{\"x\":-591.489136,\"y\":96.69642,\"z\":577.0794},\"Rotation\":{\"y\":-0.7237989,\"w\":0.6900111},\"LengthScale\":1.0}],\"Storages\":[]},{\"TypeID\":3,\"Position\":{\"x\":-591.273254,\"y\":98.49642,\"z\":572.564636},\"Rotation\":{\"x\":0.31300354,\"y\":-0.6450457,\"z\":0.328330368,\"w\":0.6149342},\"LinkedStructures\":[{\"TypeID\":7,\"InstanceID\":2},{\"TypeID\":7,\"InstanceID\":2},null,null,{\"TypeID\":5},null,null,null,null,null,null,null,null,null,null,null],\"Elements\":[{\"ProfileID\":1,\"Position\":{\"x\":-591.937439,\"y\":97.58278,\"z\":572.5329},\"Rotation\":{\"x\":0.31300354,\"y\":-0.6450457,\"z\":0.328330368,\"w\":0.6149342},\"LengthScale\":1.0}],\"Storages\":[]},{\"TypeID\":3,\"Position\":{\"x\":-591.273254,\"y\":98.49642,\"z\":572.564636},\"Rotation\":{\"x\":0.328330368,\"y\":0.6149342,\"z\":-0.31300354,\"w\":0.6450457},\"LinkedStructures\":[{\"TypeID\":7,\"InstanceID\":2},{\"TypeID\":7,\"InstanceID\":2},null,{\"TypeID\":5,\"InstanceID\":3},null,null,null,null,null,null,null,null,null,null,null,null],\"Elements\":[{\"ProfileID\":1,\"Position\":{\"x\":-590.6091,\"y\":97.58278,\"z\":572.5964},\"Rotation\":{\"x\":0.328330368,\"y\":0.6149342,\"z\":-0.31300354,\"w\":0.6450457},\"LengthScale\":1.0}],\"Storages\":[]},{\"TypeID\":3,\"Position\":{\"x\":-591.381165,\"y\":98.49642,\"z\":574.82196},\"Rotation\":{\"x\":0.31300354,\"y\":-0.6450457,\"z\":0.328330368,\"w\":0.6149342},\"LinkedStructures\":[{\"TypeID\":7},{\"TypeID\":7},null,{\"TypeID\":5},{\"TypeID\":5,\"InstanceID\":1},null,null,null,null,null,null,null,null,null,null,null],\"Elements\":[{\"ProfileID\":1,\"Position\":{\"x\":-592.045349,\"y\":97.58278,\"z\":574.7902},\"Rotation\":{\"x\":0.31300354,\"y\":-0.6450457,\"z\":0.328330368,\"w\":0.6149342},\"LengthScale\":1.0}],\"Storages\":[]},{\"TypeID\":3,\"Position\":{\"x\":-591.381165,\"y\":98.49642,\"z\":574.82196},\"Rotation\":{\"x\":0.328330368,\"y\":0.6149342,\"z\":-0.31300354,\"w\":0.6450457},\"LinkedStructures\":[{\"TypeID\":7},{\"TypeID\":7},null,{\"TypeID\":5,\"InstanceID\":2},{\"TypeID\":5,\"InstanceID\":3},null,null,null,null,null,null,null,null,null,null,null],\"Elements\":[{\"ProfileID\":1,\"Position\":{\"x\":-590.717,\"y\":97.58278,\"z\":574.8537},\"Rotation\":{\"x\":0.328330368,\"y\":0.6149342,\"z\":-0.31300354,\"w\":0.6450457},\"LengthScale\":1.0}],\"Storages\":[]},{\"TypeID\":3,\"Position\":{\"x\":-591.489136,\"y\":98.49642,\"z\":577.0794},\"Rotation\":{\"x\":0.328330368,\"y\":0.6149342,\"z\":-0.31300354,\"w\":0.6450457},\"LinkedStructures\":[{\"TypeID\":7,\"InstanceID\":1},{\"TypeID\":7,\"InstanceID\":1},null,null,{\"TypeID\":5,\"InstanceID\":2},null,null,null,null,null,null,null,null,null,null,null],\"Elements\":[{\"ProfileID\":1,\"Position\":{\"x\":-590.824951,\"y\":97.58278,\"z\":577.111145},\"Rotation\":{\"x\":0.328330368,\"y\":0.6149342,\"z\":-0.31300354,\"w\":0.6450457},\"LengthScale\":1.0}],\"Storages\":[]},{\"TypeID\":3,\"Position\":{\"x\":-591.489136,\"y\":98.49642,\"z\":577.0794},\"Rotation\":{\"x\":0.31300354,\"y\":-0.6450457,\"z\":0.328330368,\"w\":0.6149342},\"LinkedStructures\":[{\"TypeID\":7,\"InstanceID\":1},{\"TypeID\":7,\"InstanceID\":1},null,{\"TypeID\":5,\"InstanceID\":1},null,null,null,null,null,null,null,null,null,null,null,null],\"Elements\":[{\"ProfileID\":1,\"Position\":{\"x\":-592.1533,\"y\":97.58278,\"z\":577.047668},\"Rotation\":{\"x\":0.31300354,\"y\":-0.6450457,\"z\":0.328330368,\"w\":0.6149342},\"LengthScale\":1.0}],\"Storages\":[]},{\"TypeID\":3,\"Position\":{\"x\":-591.381165,\"y\":98.49642,\"z\":574.82196},\"Rotation\":{\"y\":-0.0238916278,\"w\":0.9997146},\"LinkedStructures\":[{\"TypeID\":7},{\"TypeID\":7,\"InstanceID\":1},null,null,null,null,null,null,null,null,null,{\"TypeID\":3,\"InstanceID\":21},null,null,null,null],\"Elements\":[{\"ProfileID\":1,\"Position\":{\"x\":-591.4351,\"y\":98.49642,\"z\":575.9507},\"Rotation\":{\"y\":-0.0238916278,\"w\":0.9997146},\"LengthScale\":1.0}],\"Storages\":[]},{\"TypeID\":3,\"Position\":{\"x\":-591.273254,\"y\":98.49642,\"z\":572.564636},\"Rotation\":{\"y\":-0.0238916278,\"w\":0.9997146},\"LinkedStructures\":[{\"TypeID\":7,\"InstanceID\":2},{\"TypeID\":7},null,null,null,null,null,null,{\"TypeID\":3,\"InstanceID\":20},null,null,null,null,null,null,null],\"Elements\":[{\"ProfileID\":1,\"Position\":{\"x\":-591.3272,\"y\":98.49642,\"z\":573.693359},\"Rotation\":{\"y\":-0.0238916278,\"w\":0.9997146},\"LengthScale\":1.0}],\"Storages\":[]},{\"TypeID\":3,\"Position\":{\"x\":-599.33075,\"y\":93.26254,\"z\":571.914734},\"Rotation\":{\"x\":0.000497703,\"y\":0.09902569,\"z\":-4.95288223E-05,\"w\":0.995084763},\"LinkedStructures\":[{\"TypeID\":1,\"InstanceID\":14},{\"TypeID\":1,\"InstanceID\":15},null,null,null,{\"TypeID\":8,\"InstanceID\":6},null,null,{\"TypeID\":3,\"InstanceID\":25},null,null,{\"TypeID\":3,\"InstanceID\":24},null,null,null,null],\"Elements\":[{\"ProfileID\":1,\"Position\":{\"x\":-599.108032,\"y\":93.26141,\"z\":573.0226},\"Rotation\":{\"x\":0.000497164845,\"y\":0.09901986,\"z\":-4.94723245E-05,\"w\":0.995085359},\"LengthScale\":1.0}],\"Storages\":[]},{\"TypeID\":3,\"Position\":{\"x\":-599.3308,\"y\":95.96141,\"z\":571.914734},\"Rotation\":{\"x\":0.000497703,\"y\":0.09902569,\"z\":-4.95288223E-05,\"w\":0.995084763},\"LinkedStructures\":[{\"TypeID\":8,\"InstanceID\":6},{\"TypeID\":8,\"InstanceID\":6},null,null,null,{\"TypeID\":7,\"InstanceID\":3},null,null,null,null,null,null,null,null,{\"TypeID\":8,\"InstanceID\":6},null],\"Elements\":[{\"ProfileID\":1,\"Position\":{\"x\":-599.1081,\"y\":95.96028,\"z\":573.0226},\"Rotation\":{\"x\":0.000497703,\"y\":0.09902569,\"z\":-4.95288223E-05,\"w\":0.995084763},\"LengthScale\":1.0}],\"Storages\":[]},{\"TypeID\":3,\"Position\":{\"x\":-599.33075,\"y\":93.26254,\"z\":571.914734},\"Rotation\":{\"x\":4.95288368E-05,\"y\":0.995084763,\"z\":0.000497703,\"w\":-0.09902572},\"LinkedStructures\":[{\"TypeID\":1,\"InstanceID\":14},{\"TypeID\":1,\"InstanceID\":16},null,null,null,{\"TypeID\":19},null,{\"TypeID\":20,\"InstanceID\":3},null,null,null,{\"TypeID\":3,\"InstanceID\":22},null,null,null,null],\"Elements\":[{\"ProfileID\":1,\"Position\":{\"x\":-599.553467,\"y\":93.26254,\"z\":570.8069},\"Rotation\":{\"x\":-7.275958E-12,\"y\":0.9950855,\"z\":-5.869405E-11,\"w\":-0.09901987},\"LengthScale\":1.0}],\"Storages\":[]},{\"TypeID\":3,\"Position\":{\"x\":-598.8854,\"y\":93.2602844,\"z\":574.130432},\"Rotation\":{\"x\":0.000497703,\"y\":0.09902572,\"z\":-4.95288368E-05,\"w\":0.995084763},\"LinkedStructures\":[{\"TypeID\":1,\"InstanceID\":15},null,{\"TypeID\":18},null,null,{\"TypeID\":8,\"InstanceID\":7},null,null,null,null,null,{\"TypeID\":3,\"InstanceID\":22},null,null,null,null],\"Elements\":[{\"ProfileID\":1,\"Position\":{\"x\":-598.6627,\"y\":93.2591553,\"z\":575.2383},\"Rotation\":{\"x\":0.000497164845,\"y\":0.09901986,\"z\":-4.94723245E-05,\"w\":0.995085359},\"LengthScale\":1.0}],\"Storages\":[]}],[{\"TypeID\":4,\"Position\":{\"x\":-591.4352,\"y\":94.15892,\"z\":575.9507},\"Rotation\":{\"y\":0.6900111,\"w\":0.7237989},\"LinkedStructures\":[{\"TypeID\":3,\"InstanceID\":1},{\"TypeID\":3,\"InstanceID\":5},{\"TypeID\":8,\"InstanceID\":2},null,{\"TypeID\":8,\"InstanceID\":4},{\"TypeID\":8},null,null,null,null,null],\"Elements\":[{\"ProfileID\":314,\"Position\":{\"x\":-591.391968,\"y\":94.15892,\"z\":575.047},\"Rotation\":{\"y\":0.6900111,\"w\":0.7237989},\"LengthScale\":1.0},{\"ProfileID\":315,\"Position\":{\"x\":-591.4135,\"y\":94.15892,\"z\":575.4988},\"Rotation\":{\"y\":0.6900111,\"w\":0.7237989},\"LengthScale\":1.0},{\"ProfileID\":315,\"Position\":{\"x\":-591.4352,\"y\":94.15892,\"z\":575.9507},\"Rotation\":{\"y\":0.6900111,\"w\":0.7237989},\"LengthScale\":1.0},{\"ProfileID\":315,\"Position\":{\"x\":-591.456848,\"y\":94.15892,\"z\":576.4026},\"Rotation\":{\"y\":-0.723798931,\"w\":0.690011},\"LengthScale\":1.0},{\"ProfileID\":315,\"Position\":{\"x\":-591.4784,\"y\":94.15892,\"z\":576.8544},\"Rotation\":{\"y\":-0.723798931,\"w\":0.690011},\"LengthScale\":1.0}],\"Storages\":[]},{\"TypeID\":4,\"Position\":{\"x\":-591.3273,\"y\":94.15892,\"z\":573.693359},\"Rotation\":{\"y\":0.6900111,\"w\":0.7237989},\"LinkedStructures\":[{\"TypeID\":3,\"InstanceID\":2},{\"TypeID\":3,\"InstanceID\":6},null,{\"TypeID\":8,\"InstanceID\":3},{\"TypeID\":8,\"InstanceID\":5},{\"TypeID\":8,\"InstanceID\":1},null,null,null,null,null],\"Elements\":[{\"ProfileID\":314,\"Position\":{\"x\":-591.284058,\"y\":94.15892,\"z\":572.7897},\"Rotation\":{\"y\":0.6900111,\"w\":0.7237989},\"LengthScale\":1.0},{\"ProfileID\":315,\"Position\":{\"x\":-591.3056,\"y\":94.15892,\"z\":573.241455},\"Rotation\":{\"y\":0.6900111,\"w\":0.7237989},\"LengthScale\":1.0},{\"ProfileID\":315,\"Position\":{\"x\":-591.3273,\"y\":94.15892,\"z\":573.693359},\"Rotation\":{\"y\":0.6900111,\"w\":0.7237989},\"LengthScale\":1.0},{\"ProfileID\":315,\"Position\":{\"x\":-591.348938,\"y\":94.15892,\"z\":574.145264},\"Rotation\":{\"y\":-0.723798931,\"w\":0.690011},\"LengthScale\":1.0},{\"ProfileID\":315,\"Position\":{\"x\":-591.3705,\"y\":94.15892,\"z\":574.597046},\"Rotation\":{\"y\":-0.723798931,\"w\":0.690011},\"LengthScale\":1.0}],\"Storages\":[]}],[{\"TypeID\":5,\"Position\":{\"x\":-591.9914,\"y\":97.745285,\"z\":573.6615},\"Rotation\":{\"x\":0.4534915,\"y\":-0.8909403,\"z\":0.0108377179,\"w\":-0.0212920886},\"LinkedStructures\":[{\"TypeID\":3,\"InstanceID\":14},{\"TypeID\":3,\"InstanceID\":16},null],\"Elements\":[{\"ProfileID\":6,\"Position\":{\"x\":-592.7403,\"y\":96.82864,\"z\":573.6257},\"Rotation\":{\"x\":-0.0108377179,\"y\":-0.0212920886,\"z\":0.4534915,\"w\":0.8909403},\"LengthScale\":1.0},{\"ProfileID\":6,\"Position\":{\"x\":-592.4933,\"y\":97.16855,\"z\":573.6375},\"Rotation\":{\"x\":-0.4534915,\"y\":0.8909403,\"z\":-0.0108377179,\"w\":0.0212920886},\"LengthScale\":1.0},{\"ProfileID\":6,\"Position\":{\"x\":-592.2461,\"y\":97.50845,\"z\":573.6493},\"Rotation\":{\"x\":-0.0108377179,\"y\":-0.0212920886,\"z\":0.4534915,\"w\":0.8909403},\"LengthScale\":1.0},{\"ProfileID\":6,\"Position\":{\"x\":-591.9991,\"y\":97.8483658,\"z\":573.661133},\"Rotation\":{\"x\":-0.4534915,\"y\":0.8909403,\"z\":-0.0108377179,\"w\":0.0212920886},\"LengthScale\":1.0},{\"ProfileID\":6,\"Position\":{\"x\":-591.751953,\"y\":98.18827,\"z\":573.673},\"Rotation\":{\"x\":-0.0108377179,\"y\":-0.0212920886,\"z\":0.4534915,\"w\":0.8909403},\"LengthScale\":1.0},{\"ProfileID\":6,\"Position\":{\"x\":-591.5049,\"y\":98.5281754,\"z\":573.6847},\"Rotation\":{\"x\":-0.4534915,\"y\":0.8909403,\"z\":-0.0108377179,\"w\":0.0212920886},\"LengthScale\":1.0}],\"Storages\":[]},{\"TypeID\":5,\"Position\":{\"x\":-592.099365,\"y\":97.745285,\"z\":575.918945},\"Rotation\":{\"x\":0.4534915,\"y\":-0.8909403,\"z\":0.0108377179,\"w\":-0.0212920886},\"LinkedStructures\":[{\"TypeID\":3,\"InstanceID\":16},{\"TypeID\":3,\"InstanceID\":19},null],\"Elements\":[{\"ProfileID\":6,\"Position\":{\"x\":-592.848267,\"y\":96.82864,\"z\":575.8831},\"Rotation\":{\"x\":-0.0108377179,\"y\":-0.0212920886,\"z\":0.4534915,\"w\":0.8909403},\"LengthScale\":1.0},{\"ProfileID\":6,\"Position\":{\"x\":-592.6012,\"y\":97.16855,\"z\":575.894958},\"Rotation\":{\"x\":-0.4534915,\"y\":0.8909403,\"z\":-0.0108377179,\"w\":0.0212920886},\"LengthScale\":1.0},{\"ProfileID\":6,\"Position\":{\"x\":-592.3541,\"y\":97.50845,\"z\":575.90686},\"Rotation\":{\"x\":-0.0108377179,\"y\":-0.0212920886,\"z\":0.4534915,\"w\":0.8909403},\"LengthScale\":1.0},{\"ProfileID\":6,\"Position\":{\"x\":-592.107056,\"y\":97.8483658,\"z\":575.9186},\"Rotation\":{\"x\":-0.4534915,\"y\":0.8909403,\"z\":-0.0108377179,\"w\":0.0212920886},\"LengthScale\":1.0},{\"ProfileID\":6,\"Position\":{\"x\":-591.8599,\"y\":98.18827,\"z\":575.9304},\"Rotation\":{\"x\":-0.0108377179,\"y\":-0.0212920886,\"z\":0.4534915,\"w\":0.8909403},\"LengthScale\":1.0},{\"ProfileID\":6,\"Position\":{\"x\":-591.6129,\"y\":98.5281754,\"z\":575.942261},\"Rotation\":{\"x\":-0.4534915,\"y\":0.8909403,\"z\":-0.0108377179,\"w\":0.0212920886},\"LengthScale\":1.0}],\"Storages\":[]},{\"TypeID\":5,\"Position\":{\"x\":-590.771057,\"y\":97.745285,\"z\":575.982544},\"Rotation\":{\"x\":0.0108377179,\"y\":-0.0212920886,\"z\":-0.4534915,\"w\":0.8909403},\"LinkedStructures\":[{\"TypeID\":3,\"InstanceID\":17},{\"TypeID\":3,\"InstanceID\":18},null],\"Elements\":[{\"ProfileID\":6,\"Position\":{\"x\":-590.022156,\"y\":96.82864,\"z\":576.0184},\"Rotation\":{\"x\":0.0108377179,\"y\":-0.0212920886,\"z\":-0.4534915,\"w\":0.8909403},\"LengthScale\":1.0},{\"ProfileID\":6,\"Position\":{\"x\":-590.269165,\"y\":97.16855,\"z\":576.006531},\"Rotation\":{\"x\":0.4534915,\"y\":0.8909403,\"z\":0.0108377179,\"w\":0.0212920886},\"LengthScale\":1.0},{\"ProfileID\":6,\"Position\":{\"x\":-590.516357,\"y\":97.50845,\"z\":575.994751},\"Rotation\":{\"x\":0.4534915,\"y\":0.8909403,\"z\":0.0108377179,\"w\":0.0212920886},\"LengthScale\":1.0},{\"ProfileID\":6,\"Position\":{\"x\":-590.763367,\"y\":97.8483658,\"z\":575.9829},\"Rotation\":{\"x\":0.0108377179,\"y\":-0.0212920886,\"z\":-0.4534915,\"w\":0.8909403},\"LengthScale\":1.0},{\"ProfileID\":6,\"Position\":{\"x\":-591.010559,\"y\":98.18827,\"z\":575.9711},\"Rotation\":{\"x\":0.4534915,\"y\":0.8909403,\"z\":0.0108377179,\"w\":0.0212920886},\"LengthScale\":1.0},{\"ProfileID\":6,\"Position\":{\"x\":-591.257568,\"y\":98.5281754,\"z\":575.959351},\"Rotation\":{\"x\":0.0108377179,\"y\":-0.0212920886,\"z\":-0.4534915,\"w\":0.8909403},\"LengthScale\":1.0}],\"Storages\":[]},{\"TypeID\":5,\"Position\":{\"x\":-590.6631,\"y\":97.745285,\"z\":573.7251},\"Rotation\":{\"x\":0.0108377179,\"y\":-0.0212920886,\"z\":-0.4534915,\"w\":0.8909403},\"LinkedStructures\":[{\"TypeID\":3,\"InstanceID\":15},{\"TypeID\":3,\"InstanceID\":17},null],\"Elements\":[{\"ProfileID\":6,\"Position\":{\"x\":-589.9142,\"y\":96.82864,\"z\":573.7609},\"Rotation\":{\"x\":0.4534915,\"y\":0.8909403,\"z\":0.0108377179,\"w\":0.0212920886},\"LengthScale\":1.0},{\"ProfileID\":6,\"Position\":{\"x\":-590.1612,\"y\":97.16855,\"z\":573.7491},\"Rotation\":{\"x\":0.0108377179,\"y\":-0.0212920886,\"z\":-0.4534915,\"w\":0.8909403},\"LengthScale\":1.0},{\"ProfileID\":6,\"Position\":{\"x\":-590.4084,\"y\":97.50845,\"z\":573.7373},\"Rotation\":{\"x\":0.4534915,\"y\":0.8909403,\"z\":0.0108377179,\"w\":0.0212920886},\"LengthScale\":1.0},{\"ProfileID\":6,\"Position\":{\"x\":-590.6554,\"y\":97.8483658,\"z\":573.725464},\"Rotation\":{\"x\":0.0108377179,\"y\":-0.0212920886,\"z\":-0.4534915,\"w\":0.8909403},\"LengthScale\":1.0},{\"ProfileID\":6,\"Position\":{\"x\":-590.9025,\"y\":98.18827,\"z\":573.7136},\"Rotation\":{\"x\":0.0108377179,\"y\":-0.0212920886,\"z\":-0.4534915,\"w\":0.8909403},\"LengthScale\":1.0},{\"ProfileID\":6,\"Position\":{\"x\":-591.1496,\"y\":98.5281754,\"z\":573.7019},\"Rotation\":{\"x\":0.0108377179,\"y\":-0.0212920886,\"z\":-0.4534915,\"w\":0.8909403},\"LengthScale\":1.0}],\"Storages\":[]}],null,[{\"TypeID\":7,\"Position\":{\"x\":-591.381165,\"y\":97.14642,\"z\":574.82196},\"Rotation\":{\"y\":0.6900111,\"w\":0.7237989},\"LinkedStructures\":[{\"TypeID\":3,\"InstanceID\":16},{\"TypeID\":3,\"InstanceID\":17},{\"TypeID\":3,\"InstanceID\":20},{\"TypeID\":3,\"InstanceID\":21},null,{\"TypeID\":3,\"InstanceID\":11}],\"Elements\":[{\"ProfileID\":9,\"Position\":{\"x\":-591.381165,\"y\":97.14642,\"z\":574.82196},\"Rotation\":{\"y\":0.6900111,\"w\":0.7237989},\"LengthScale\":1.0},{\"ProfileID\":8,\"Position\":{\"x\":-591.381165,\"y\":97.59642,\"z\":574.82196},\"Rotation\":{\"y\":0.6900111,\"w\":0.7237989},\"LengthScale\":1.0},{\"ProfileID\":7,\"Position\":{\"x\":-591.381165,\"y\":98.0464249,\"z\":574.82196},\"Rotation\":{\"y\":0.6900111,\"w\":0.7237989},\"LengthScale\":1.0}],\"Storages\":[]},{\"TypeID\":7,\"Position\":{\"x\":-591.489136,\"y\":97.14642,\"z\":577.0794},\"Rotation\":{\"y\":-0.7237989,\"w\":0.6900111},\"LinkedStructures\":[{\"TypeID\":3,\"InstanceID\":18},{\"TypeID\":3,\"InstanceID\":19},{\"TypeID\":3,\"InstanceID\":20},null,null,{\"TypeID\":3,\"InstanceID\":13}],\"Elements\":[{\"ProfileID\":9,\"Position\":{\"x\":-591.489136,\"y\":97.14642,\"z\":577.0794},\"Rotation\":{\"y\":-0.7237989,\"w\":0.6900111},\"LengthScale\":1.0},{\"ProfileID\":8,\"Position\":{\"x\":-591.489136,\"y\":97.59642,\"z\":577.0794},\"Rotation\":{\"y\":-0.7237989,\"w\":0.6900111},\"LengthScale\":1.0},{\"ProfileID\":7,\"Position\":{\"x\":-591.489136,\"y\":98.0464249,\"z\":577.0794},\"Rotation\":{\"y\":-0.7237989,\"w\":0.6900111},\"LengthScale\":1.0}],\"Storages\":[]},{\"TypeID\":7,\"Position\":{\"x\":-591.273254,\"y\":97.14642,\"z\":572.564636},\"Rotation\":{\"y\":0.6900111,\"w\":0.7237989},\"LinkedStructures\":[{\"TypeID\":3,\"InstanceID\":14},{\"TypeID\":3,\"InstanceID\":15},{\"TypeID\":3,\"InstanceID\":21},null,null,{\"TypeID\":3,\"InstanceID\":7}],\"Elements\":[{\"ProfileID\":9,\"Position\":{\"x\":-591.273254,\"y\":97.14642,\"z\":572.564636},\"Rotation\":{\"y\":0.6900111,\"w\":0.7237989},\"LengthScale\":1.0},{\"ProfileID\":8,\"Position\":{\"x\":-591.273254,\"y\":97.59642,\"z\":572.564636},\"Rotation\":{\"y\":0.6900111,\"w\":0.7237989},\"LengthScale\":1.0},{\"ProfileID\":7,\"Position\":{\"x\":-591.273254,\"y\":98.0464249,\"z\":572.564636},\"Rotation\":{\"y\":0.6900111,\"w\":0.7237989},\"LengthScale\":1.0}],\"Storages\":[]},{\"TypeID\":7,\"Position\":{\"x\":-599.108032,\"y\":96.41028,\"z\":573.023},\"Rotation\":{\"x\":0.000497703,\"y\":0.099025704,\"z\":-4.952883E-05,\"w\":0.995084763},\"LinkedStructures\":[null,null,null,null,null,{\"TypeID\":3,\"InstanceID\":23}],\"Elements\":[{\"ProfileID\":8,\"Position\":{\"x\":-599.108032,\"y\":96.41028,\"z\":573.023},\"Rotation\":{\"x\":0.000497703,\"y\":0.099025704,\"z\":-4.952883E-05,\"w\":0.995084763},\"LengthScale\":1.0}],\"Storages\":[]}],[{\"TypeID\":8,\"Position\":{\"x\":-592.5639,\"y\":94.44642,\"z\":575.8967},\"Rotation\":{\"y\":-0.999714553,\"w\":-0.0238915347},\"LinkedStructures\":[null,null,null,null,null,null,null,null,{\"TypeID\":8,\"InstanceID\":1},{\"TypeID\":8,\"InstanceID\":2},null,null,null,null,{\"TypeID\":3,\"InstanceID\":8},{\"TypeID\":3,\"InstanceID\":1},null,null],\"Elements\":[{\"ProfileID\":5,\"Position\":{\"x\":-592.5639,\"y\":94.44642,\"z\":575.8967},\"Rotation\":{\"y\":-0.999714553,\"w\":-0.0238915347},\"LengthScale\":1.0},{\"ProfileID\":5,\"Position\":{\"x\":-592.5639,\"y\":94.89642,\"z\":575.8967},\"Rotation\":{\"x\":0.56973803,\"y\":-0.821479,\"z\":0.0136158019,\"w\":-0.0196319968},\"LengthScale\":1.0},{\"ProfileID\":5,\"Position\":{\"x\":-592.5639,\"y\":95.34642,\"z\":575.8967},\"Rotation\":{\"x\":0.8477004,\"y\":0.5298706,\"z\":0.0245685317,\"w\":0.006127706},\"LengthScale\":1.0},{\"ProfileID\":5,\"Position\":{\"x\":-592.5639,\"y\":95.79642,\"z\":575.8967},\"Rotation\":{\"y\":-0.999714553,\"w\":-0.0238915347},\"LengthScale\":1.0},{\"ProfileID\":5,\"Position\":{\"x\":-592.5639,\"y\":96.2464142,\"z\":575.8967},\"Rotation\":{\"y\":-0.999714553,\"w\":-0.0238915347},\"LengthScale\":1.0}],\"Storages\":[]},{\"TypeID\":8,\"Position\":{\"x\":-592.455933,\"y\":94.44642,\"z\":573.6393},\"Rotation\":{\"y\":-0.999714553,\"w\":-0.0238915347},\"LinkedStructures\":[null,null,null,null,{\"TypeID\":16,\"InstanceID\":1},{\"TypeID\":16,\"InstanceID\":1},{\"TypeID\":8,\"InstanceID\":3},null,null,null,null,{\"TypeID\":8},null,null,{\"TypeID\":3,\"InstanceID\":12},{\"TypeID\":3,\"InstanceID\":2},null,null],\"Elements\":[{\"ProfileID\":4,\"Position\":{\"x\":-592.455933,\"y\":94.44642,\"z\":573.6393},\"Rotation\":{\"y\":-0.999714553,\"w\":-0.0238915347},\"LengthScale\":1.0},{\"ProfileID\":4,\"Position\":{\"x\":-592.455933,\"y\":94.89642,\"z\":573.6393},\"Rotation\":{\"y\":-0.999714553,\"w\":-0.0238915347},\"LengthScale\":1.0},{\"ProfileID\":4,\"Position\":{\"x\":-592.455933,\"y\":95.34642,\"z\":573.6393},\"Rotation\":{\"y\":-0.999714553,\"w\":-0.0238915347},\"LengthScale\":1.0},{\"ProfileID\":4,\"Position\":{\"x\":-592.455933,\"y\":95.79642,\"z\":573.6393},\"Rotation\":{\"y\":-0.999714553,\"w\":-0.0238915347},\"LengthScale\":1.0},{\"ProfileID\":4,\"Position\":{\"x\":-592.455933,\"y\":96.2464142,\"z\":573.6393},\"Rotation\":{\"y\":-0.999714553,\"w\":-0.0238915347},\"LengthScale\":1.0}],\"Storages\":[]},{\"TypeID\":8,\"Position\":{\"x\":-591.489136,\"y\":94.44642,\"z\":577.0794},\"Rotation\":{\"y\":-0.7237989,\"w\":0.6900111},\"LinkedStructures\":[null,null,null,null,null,null,{\"TypeID\":8},null,null,{\"TypeID\":8,\"InstanceID\":4},null,null,null,null,{\"TypeID\":3,\"InstanceID\":13},{\"TypeID\":3,\"InstanceID\":3},null,null],\"Elements\":[{\"ProfileID\":5,\"Position\":{\"x\":-591.489136,\"y\":94.44642,\"z\":577.0794},\"Rotation\":{\"y\":-0.7237989,\"w\":0.6900111},\"LengthScale\":1.0},{\"ProfileID\":5,\"Position\":{\"x\":-591.489136,\"y\":94.89642,\"z\":577.0794},\"Rotation\":{\"x\":0.412493467,\"y\":-0.594755352,\"z\":-0.3932377,\"w\":0.566991448},\"LengthScale\":1.0},{\"ProfileID\":5,\"Position\":{\"x\":-591.489136,\"y\":95.34642,\"z\":577.0794},\"Rotation\":{\"x\":0.6167873,\"y\":0.3790081,\"z\":-0.582042038,\"w\":-0.3703422},\"LengthScale\":1.0},{\"ProfileID\":4,\"Position\":{\"x\":-591.489136,\"y\":95.79642,\"z\":577.0794},\"Rotation\":{\"y\":-0.7237989,\"w\":0.6900111},\"LengthScale\":1.0},{\"ProfileID\":4,\"Position\":{\"x\":-591.489136,\"y\":96.2464142,\"z\":577.0794},\"Rotation\":{\"y\":-0.7237989,\"w\":0.6900111},\"LengthScale\":1.0}],\"Storages\":[]},{\"TypeID\":8,\"Position\":{\"x\":-591.273254,\"y\":94.44642,\"z\":572.564636},\"Rotation\":{\"y\":0.6900111,\"w\":0.7237989},\"LinkedStructures\":[null,null,null,null,null,null,{\"TypeID\":8,\"InstanceID\":5},null,null,{\"TypeID\":8,\"InstanceID\":1},null,null,null,null,{\"TypeID\":3,\"InstanceID\":7},{\"TypeID\":4,\"InstanceID\":1},null,null],\"Elements\":[{\"ProfileID\":5,\"Position\":{\"x\":-591.273254,\"y\":94.44642,\"z\":572.564636},\"Rotation\":{\"y\":0.6900111,\"w\":0.7237989},\"LengthScale\":1.0},{\"ProfileID\":5,\"Position\":{\"x\":-591.273254,\"y\":94.89642,\"z\":572.564636},\"Rotation\":{\"x\":-0.3932377,\"y\":0.566991448,\"z\":-0.412493467,\"w\":0.594755352},\"LengthScale\":1.0},{\"ProfileID\":5,\"Position\":{\"x\":-591.273254,\"y\":95.34642,\"z\":572.564636},\"Rotation\":{\"x\":-0.582042038,\"y\":-0.3703422,\"z\":-0.6167873,\"w\":-0.3790081},\"LengthScale\":1.0},{\"ProfileID\":5,\"Position\":{\"x\":-591.273254,\"y\":95.79642,\"z\":572.564636},\"Rotation\":{\"y\":0.6900111,\"w\":0.7237989},\"LengthScale\":1.0},{\"ProfileID\":5,\"Position\":{\"x\":-591.273254,\"y\":96.2464142,\"z\":572.564636},\"Rotation\":{\"y\":0.6900111,\"w\":0.7237989},\"LengthScale\":1.0}],\"Storages\":[]},{\"TypeID\":8,\"Position\":{\"x\":-590.3065,\"y\":94.44642,\"z\":576.004761},\"Rotation\":{\"y\":-0.0238917433,\"w\":0.999714553},\"LinkedStructures\":[null,null,null,null,null,null,{\"TypeID\":8,\"InstanceID\":2},null,null,null,null,{\"TypeID\":8,\"InstanceID\":5},null,null,{\"TypeID\":3,\"InstanceID\":9},{\"TypeID\":3,\"InstanceID\":5},null,null],\"Elements\":[{\"ProfileID\":5,\"Position\":{\"x\":-590.3065,\"y\":94.44642,\"z\":576.004761},\"Rotation\":{\"y\":-0.0238917433,\"w\":0.999714553},\"LengthScale\":1.0},{\"ProfileID\":5,\"Position\":{\"x\":-590.3065,\"y\":94.89642,\"z\":576.004761},\"Rotation\":{\"x\":0.0136159211,\"y\":-0.0196321681,\"z\":-0.56973803,\"w\":0.821479},\"LengthScale\":1.0},{\"ProfileID\":5,\"Position\":{\"x\":-590.3065,\"y\":95.34642,\"z\":576.004761},\"Rotation\":{\"x\":0.0245687142,\"y\":0.006127814,\"z\":-0.8477004,\"w\":-0.5298706},\"LengthScale\":1.0},{\"ProfileID\":5,\"Position\":{\"x\":-590.3065,\"y\":95.79642,\"z\":576.004761},\"Rotation\":{\"y\":-0.0238917433,\"w\":0.999714553},\"LengthScale\":1.0},{\"ProfileID\":5,\"Position\":{\"x\":-590.3065,\"y\":96.2464142,\"z\":576.004761},\"Rotation\":{\"y\":-0.0238917433,\"w\":0.999714553},\"LengthScale\":1.0}],\"Storages\":[]},{\"TypeID\":8,\"Position\":{\"x\":-590.198547,\"y\":94.44642,\"z\":573.7473},\"Rotation\":{\"y\":-0.0238915347,\"w\":0.999714553},\"LinkedStructures\":[null,null,null,null,null,null,null,null,{\"TypeID\":8,\"InstanceID\":4},{\"TypeID\":8,\"InstanceID\":3},null,null,null,null,{\"TypeID\":3,\"InstanceID\":10},{\"TypeID\":3,\"InstanceID\":6},null,null],\"Elements\":[{\"ProfileID\":5,\"Position\":{\"x\":-590.198547,\"y\":94.44642,\"z\":573.7473},\"Rotation\":{\"y\":-0.0238915347,\"w\":0.999714553},\"LengthScale\":1.0},{\"ProfileID\":5,\"Position\":{\"x\":-590.198547,\"y\":94.89642,\"z\":573.7473},\"Rotation\":{\"x\":0.0136158019,\"y\":-0.0196319968,\"z\":-0.56973803,\"w\":0.821479},\"LengthScale\":1.0},{\"ProfileID\":5,\"Position\":{\"x\":-590.198547,\"y\":95.34642,\"z\":573.7473},\"Rotation\":{\"x\":0.0245685317,\"y\":0.006127706,\"z\":-0.8477004,\"w\":-0.5298706},\"LengthScale\":1.0},{\"ProfileID\":4,\"Position\":{\"x\":-590.198547,\"y\":95.79642,\"z\":573.7473},\"Rotation\":{\"y\":-0.0238915347,\"w\":0.999714553},\"LengthScale\":1.0},{\"ProfileID\":4,\"Position\":{\"x\":-590.198547,\"y\":96.2464142,\"z\":573.7473},\"Rotation\":{\"y\":-0.0238915347,\"w\":0.999714553},\"LengthScale\":1.0}],\"Storages\":[]},{\"TypeID\":8,\"Position\":{\"x\":-599.1081,\"y\":93.71141,\"z\":573.0226},\"Rotation\":{\"y\":0.0990257,\"w\":0.9950849},\"LinkedStructures\":[null,null,null,null,{\"TypeID\":16},{\"TypeID\":16},null,null,{\"TypeID\":8,\"InstanceID\":7},null,null,null,null,null,{\"TypeID\":3,\"InstanceID\":23},{\"TypeID\":3,\"InstanceID\":22},null,null],\"Elements\":[{\"ProfileID\":4,\"Position\":{\"x\":-599.1081,\"y\":93.71141,\"z\":573.0226},\"Rotation\":{\"x\":-0.0776675,\"y\":0.0614316352,\"z\":-0.780461848,\"w\":0.617311358},\"LengthScale\":1.0},{\"ProfileID\":4,\"Position\":{\"x\":-599.1081,\"y\":94.16141,\"z\":573.0226},\"Rotation\":{\"x\":-0.0776675,\"y\":0.0614316352,\"z\":-0.780461848,\"w\":0.617311358},\"LengthScale\":1.0},{\"ProfileID\":4,\"Position\":{\"x\":-599.1081,\"y\":94.61141,\"z\":573.0226},\"Rotation\":{\"x\":-0.0776675,\"y\":0.0614316352,\"z\":-0.780461848,\"w\":0.617311358},\"LengthScale\":1.0},{\"ProfileID\":4,\"Position\":{\"x\":-599.1081,\"y\":95.06141,\"z\":573.0226},\"Rotation\":{\"x\":-0.0776675,\"y\":0.0614316352,\"z\":-0.780461848,\"w\":0.617311358},\"LengthScale\":1.0},{\"ProfileID\":4,\"Position\":{\"x\":-599.1081,\"y\":95.51141,\"z\":573.0226},\"Rotation\":{\"x\":-0.0776675,\"y\":0.0614316352,\"z\":-0.780461848,\"w\":0.617311358},\"LengthScale\":1.0}],\"Storages\":[]},{\"TypeID\":8,\"Position\":{\"x\":-598.6627,\"y\":93.70915,\"z\":575.2383},\"Rotation\":{\"y\":0.0990257,\"w\":0.9950849},\"LinkedStructures\":[null,null,null,null,null,null,null,null,null,null,null,{\"TypeID\":8,\"InstanceID\":6},null,null,null,{\"TypeID\":3,\"InstanceID\":25},null,null],\"Elements\":[{\"ProfileID\":5,\"Position\":{\"x\":-598.6627,\"y\":93.70915,\"z\":575.2383},\"Rotation\":{\"y\":0.0990257,\"w\":0.9950849},\"LengthScale\":1.0},{\"ProfileID\":5,\"Position\":{\"x\":-598.6627,\"y\":94.15915,\"z\":575.2383},\"Rotation\":{\"x\":-0.0564348,\"y\":0.08137077,\"z\":-0.5670995,\"w\":0.8176749},\"LengthScale\":1.0},{\"ProfileID\":5,\"Position\":{\"x\":-598.6627,\"y\":94.60915,\"z\":575.2383},\"Rotation\":{\"x\":-0.07969081,\"y\":-0.0589716919,\"z\":-0.8443038,\"w\":-0.5266144},\"LengthScale\":1.0},{\"ProfileID\":5,\"Position\":{\"x\":-598.6627,\"y\":95.05915,\"z\":575.2383},\"Rotation\":{\"y\":0.0990257,\"w\":0.9950849},\"LengthScale\":1.0},{\"ProfileID\":5,\"Position\":{\"x\":-598.6627,\"y\":95.5091553,\"z\":575.2383},\"Rotation\":{\"y\":0.0990257,\"w\":0.9950849},\"LengthScale\":1.0}],\"Storages\":[]}],[{\"TypeID\":9,\"Position\":{\"x\":-1634.78809,\"y\":16.0677223,\"z\":468.5806},\"Rotation\":{\"y\":0.290144354,\"w\":0.9569829},\"LinkedStructures\":[null,null,null,null,null,null],\"Elements\":[{\"ProfileID\":13,\"Position\":{\"x\":-1634.85339,\"y\":16.0660419,\"z\":468.597137},\"Rotation\":{\"x\":-0.7025503,\"y\":-0.017103374,\"z\":0.0171033144,\"w\":0.711223},\"LengthScale\":1.0},{\"ProfileID\":13,\"Position\":{\"x\":-1634.64429,\"y\":16.0621357,\"z\":469.098572},\"Rotation\":{\"x\":0.2925048,\"y\":0.600938141,\"z\":0.6410604,\"w\":-0.377300978},\"LengthScale\":1.0}],\"Storages\":[]},{\"TypeID\":9,\"Position\":{\"x\":-601.469055,\"y\":93.52333,\"z\":565.4215},\"Rotation\":{\"y\":0.9833009,\"w\":-0.1819873},\"LinkedStructures\":[null,null,null,null,null,null],\"Elements\":[{\"ProfileID\":13,\"Position\":{\"x\":-601.0221,\"y\":93.6682053,\"z\":566.189148},\"Rotation\":{\"x\":-0.7071068,\"w\":0.7071068},\"LengthScale\":1.0},{\"ProfileID\":13,\"Position\":{\"x\":-601.308,\"y\":93.60186,\"z\":565.8417},\"Rotation\":{\"x\":-0.7071068,\"w\":0.7071068},\"LengthScale\":1.0},{\"ProfileID\":13,\"Position\":{\"x\":-601.469055,\"y\":93.52333,\"z\":565.4215},\"Rotation\":{\"x\":-0.7071068,\"z\":-1.49011612E-08,\"w\":0.7071069},\"LengthScale\":1.0},{\"ProfileID\":13,\"Position\":{\"x\":-601.63,\"y\":93.50442,\"z\":565.0016},\"Rotation\":{\"x\":-0.649389863,\"y\":0.279808462,\"z\":0.279808462,\"w\":0.64939},\"LengthScale\":1.0}],\"Storages\":[]},{\"TypeID\":9,\"Position\":{\"x\":-600.7495,\"y\":94.03321,\"z\":567.227051},\"Rotation\":{\"y\":0.978829265,\"w\":-0.204678535},\"LinkedStructures\":[null,null,null,null,null,null],\"Elements\":[{\"ProfileID\":13,\"Position\":{\"x\":-600.208435,\"y\":94.3989,\"z\":568.4639},\"Rotation\":{\"x\":-0.7071068,\"y\":2.98023224E-08,\"z\":2.98023224E-08,\"w\":0.7071068},\"LengthScale\":1.0},{\"ProfileID\":13,\"Position\":{\"x\":-600.3888,\"y\":94.28831,\"z\":568.051636},\"Rotation\":{\"x\":-0.7071068,\"y\":2.98023224E-08,\"z\":2.98023224E-08,\"w\":0.7071068},\"LengthScale\":1.0},{\"ProfileID\":13,\"Position\":{\"x\":-600.569153,\"y\":94.16402,\"z\":567.639343},\"Rotation\":{\"x\":-0.7071068,\"y\":2.98023224E-08,\"z\":2.98023224E-08,\"w\":0.7071068},\"LengthScale\":1.0},{\"ProfileID\":13,\"Position\":{\"x\":-600.7495,\"y\":94.03321,\"z\":567.227051},\"Rotation\":{\"x\":-0.7071069,\"z\":2.98023224E-08,\"w\":0.707106769},\"LengthScale\":1.0},{\"ProfileID\":13,\"Position\":{\"x\":-600.9297,\"y\":93.8522949,\"z\":566.815063},\"Rotation\":{\"x\":-0.705954731,\"y\":-0.04035011,\"z\":-0.04035011,\"w\":0.705954552},\"LengthScale\":1.0}],\"Storages\":[]},{\"TypeID\":9,\"Position\":{\"x\":-599.8356,\"y\":94.5502548,\"z\":569.2407},\"Rotation\":{\"y\":0.997015536,\"w\":-0.0772016346},\"LinkedStructures\":[null,null,null,null,null,null],\"Elements\":[{\"ProfileID\":13,\"Position\":{\"x\":-599.389343,\"y\":94.588974,\"z\":570.5026},\"Rotation\":{\"x\":-0.7071068,\"y\":-7.450581E-09,\"z\":-7.450581E-09,\"w\":0.7071068},\"LengthScale\":1.0},{\"ProfileID\":13,\"Position\":{\"x\":-599.5778,\"y\":94.58535,\"z\":570.094},\"Rotation\":{\"x\":-0.7071068,\"y\":-7.450581E-09,\"z\":-7.450581E-09,\"w\":0.7071068},\"LengthScale\":1.0},{\"ProfileID\":13,\"Position\":{\"x\":-599.7663,\"y\":94.5583344,\"z\":569.685364},\"Rotation\":{\"x\":-0.7071068,\"y\":-7.450581E-09,\"z\":-7.450581E-09,\"w\":0.7071068},\"LengthScale\":1.0},{\"ProfileID\":13,\"Position\":{\"x\":-599.8356,\"y\":94.5502548,\"z\":569.2407},\"Rotation\":{\"x\":-0.7071068,\"y\":7.450581E-09,\"z\":7.450581E-09,\"w\":0.7071068},\"LengthScale\":1.0},{\"ProfileID\":13,\"Position\":{\"x\":-599.904846,\"y\":94.50093,\"z\":568.7961},\"Rotation\":{\"x\":-0.6591914,\"y\":0.25586468,\"z\":0.25586468,\"w\":0.6591914},\"LengthScale\":1.0}],\"Storages\":[]},{\"TypeID\":9,\"Position\":{\"x\":-599.4482,\"y\":94.4895859,\"z\":571.4007},\"Rotation\":{\"y\":0.999465048,\"w\":0.0327053368},\"LinkedStructures\":[null,null,null,null,null,null],\"Elements\":[{\"ProfileID\":13,\"Position\":{\"x\":-599.4482,\"y\":94.4895859,\"z\":571.4007},\"Rotation\":{\"x\":-0.707106769,\"y\":-5.58793545E-09,\"z\":-5.58793545E-09,\"w\":0.707106769},\"LengthScale\":1.0},{\"ProfileID\":13,\"Position\":{\"x\":-599.418762,\"y\":94.53909,\"z\":570.95166},\"Rotation\":{\"x\":-0.7067286,\"y\":-0.02312616,\"z\":-0.02312616,\"w\":0.7067286},\"LengthScale\":1.0}],\"Storages\":[]},{\"TypeID\":9,\"Position\":{\"x\":-601.529663,\"y\":92.0900955,\"z\":564.485962},\"Rotation\":{\"x\":7.86371E-05,\"y\":0.987539,\"z\":-0.0004934568,\"w\":0.157373875},\"LinkedStructures\":[null,null,null,null,null,null],\"Elements\":[{\"ProfileID\":13,\"Position\":{\"x\":-601.529663,\"y\":93.440094,\"z\":564.485962},\"Rotation\":{\"x\":-0.698295534,\"y\":-0.111280151,\"z\":-0.111280128,\"w\":0.6982957},\"LengthScale\":1.0}],\"Storages\":[]},{\"TypeID\":9,\"Position\":{\"x\":-598.0626,\"y\":93.55514,\"z\":578.6407},\"Rotation\":{\"y\":0.201598063,\"w\":0.979468346},\"LinkedStructures\":[null,null,null,null,null,null],\"Elements\":[{\"ProfileID\":13,\"Position\":{\"x\":-598.6536,\"y\":93.88343,\"z\":577.465759},\"Rotation\":{\"x\":-0.7071068,\"w\":0.7071068},\"LengthScale\":1.0},{\"ProfileID\":13,\"Position\":{\"x\":-598.5176,\"y\":93.8012,\"z\":577.894165},\"Rotation\":{\"x\":-0.7071068,\"w\":0.7071068},\"LengthScale\":1.0},{\"ProfileID\":13,\"Position\":{\"x\":-598.381348,\"y\":93.70493,\"z\":578.323059},\"Rotation\":{\"x\":-0.7071068,\"w\":0.7071068},\"LengthScale\":1.0},{\"ProfileID\":13,\"Position\":{\"x\":-598.0626,\"y\":93.55514,\"z\":578.6407},\"Rotation\":{\"x\":-0.7071068,\"z\":-1.49011612E-08,\"w\":0.707106769},\"LengthScale\":1.0},{\"ProfileID\":13,\"Position\":{\"x\":-597.884949,\"y\":93.43024,\"z\":579.054},\"Rotation\":{\"x\":-0.540137231,\"y\":-0.456346154,\"z\":-0.456346154,\"w\":0.540137231},\"LengthScale\":1.0}],\"Storages\":[]},{\"TypeID\":9,\"Position\":{\"x\":-599.1169,\"y\":94.076416,\"z\":576.730042},\"Rotation\":{\"y\":0.39866668,\"w\":0.9170959},\"LinkedStructures\":[null,null,null,null,null,null],\"Elements\":[{\"ProfileID\":13,\"Position\":{\"x\":-599.1169,\"y\":94.076416,\"z\":576.730042},\"Rotation\":{\"x\":-0.7071068,\"w\":0.7071068},\"LengthScale\":1.0},{\"ProfileID\":13,\"Position\":{\"x\":-598.787842,\"y\":93.96027,\"z\":577.037},\"Rotation\":{\"x\":0.106844231,\"y\":0.6989882,\"z\":0.6989881,\"w\":-0.106844231},\"LengthScale\":1.0}],\"Storages\":[]},{\"TypeID\":9,\"Position\":{\"x\":-599.1735,\"y\":92.7556458,\"z\":576.185669},\"Rotation\":{\"y\":0.956732035,\"w\":0.2909706},\"LinkedStructures\":[null,null,null,null,null,null],\"Elements\":[{\"ProfileID\":13,\"Position\":{\"x\":-599.1093,\"y\":94.1156,\"z\":576.2275},\"Rotation\":{\"x\":-0.6787417,\"y\":-0.175166875,\"z\":-0.197869346,\"w\":0.685182},\"LengthScale\":1.0}],\"Storages\":[]},{\"TypeID\":9,\"Position\":{\"x\":-600.438538,\"y\":93.05046,\"z\":575.3427},\"Rotation\":{\"x\":-1.78990476E-08,\"y\":0.6999817,\"z\":1.7543675E-08,\"w\":0.71416086},\"LinkedStructures\":[null,null,null,null,null,null],\"Elements\":[{\"ProfileID\":117,\"Position\":{\"x\":-600.438538,\"y\":93.7254639,\"z\":575.3427},\"Rotation\":{\"x\":0.494961828,\"y\":0.504987955,\"z\":0.504988,\"w\":-0.4949618},\"LengthScale\":1.0}],\"Storages\":[]},{\"TypeID\":9,\"Position\":{\"x\":-597.764,\"y\":91.95818,\"z\":579.502563},\"Rotation\":{\"x\":0.0003191122,\"y\":0.770097435,\"z\":-0.000385228777,\"w\":0.6379261},\"LinkedStructures\":[null,null,null,null,null,null],\"Elements\":[{\"ProfileID\":13,\"Position\":{\"x\":-597.764,\"y\":93.30818,\"z\":579.502563},\"Rotation\":{\"x\":-0.54454124,\"y\":-0.4510818,\"z\":-0.451082021,\"w\":0.5445412},\"LengthScale\":1.0}],\"Storages\":[]},{\"TypeID\":9,\"Position\":{\"x\":-597.630249,\"y\":91.8239441,\"z\":580.0077},\"Rotation\":{\"x\":0.000300847139,\"y\":0.798761964,\"z\":-0.0003994124,\"w\":0.60164696},\"LinkedStructures\":[null,null,null,null,null,null],\"Elements\":[{\"ProfileID\":13,\"Position\":{\"x\":-597.630249,\"y\":93.17394,\"z\":580.0077},\"Rotation\":{\"x\":-0.5648101,\"y\":-0.4254287,\"z\":-0.425428718,\"w\":0.5648101},\"LengthScale\":1.0}],\"Storages\":[]}],[{\"TypeID\":10,\"Position\":{\"x\":-421.8549,\"y\":14.241519,\"z\":1517.74841},\"Rotation\":{\"w\":1.0},\"LinkedStructures\":[null,null,null,null,null,null,null,null,null],\"Elements\":[{\"ProfileID\":14,\"Position\":{\"x\":-421.8549,\"y\":14.241519,\"z\":1517.74841},\"Rotation\":{\"w\":1.0},\"LengthScale\":1.0}],\"Storages\":[]},{\"TypeID\":10,\"Position\":{\"x\":-376.862671,\"y\":14.9125357,\"z\":1493.395},\"Rotation\":{\"x\":0.0005004637,\"y\":-0.000500464,\"z\":2.50464126E-07,\"w\":0.999999762},\"LinkedStructures\":[null,null,null,null,null,{\"TypeID\":12,\"InstanceID\":2},null,null,{\"TypeID\":11,\"InstanceID\":2}],\"Elements\":[{\"ProfileID\":14,\"Position\":{\"x\":-376.862671,\"y\":14.9125357,\"z\":1493.395},\"Rotation\":{\"x\":0.0005004637,\"y\":-0.000500464,\"z\":2.50464126E-07,\"w\":0.999999762},\"LengthScale\":1.0}],\"Storages\":[]},{\"TypeID\":10,\"Position\":{\"x\":-1185.51123,\"y\":64.6863251,\"z\":136.366989},\"Rotation\":{\"w\":1.0},\"LinkedStructures\":[null,null,null,null,null,{\"TypeID\":12,\"InstanceID\":4},null,null,{\"TypeID\":11,\"InstanceID\":4}],\"Elements\":[{\"ProfileID\":14,\"Position\":{\"x\":-1185.51123,\"y\":64.6863251,\"z\":136.366989},\"Rotation\":{\"w\":1.0},\"LengthScale\":1.0}],\"Storages\":[]},{\"TypeID\":10,\"Position\":{\"x\":-1631.57166,\"y\":14.756649,\"z\":470.7106},\"Rotation\":{\"w\":1.0},\"LinkedStructures\":[null,null,null,null,null,{\"TypeID\":12},null,null,{\"TypeID\":11}],\"Elements\":[{\"ProfileID\":14,\"Position\":{\"x\":-1631.57166,\"y\":14.756649,\"z\":470.7106},\"Rotation\":{\"w\":1.0},\"LengthScale\":1.0}],\"Storages\":[]},{\"TypeID\":10,\"Position\":{\"x\":-438.05426,\"y\":14.6602545,\"z\":1591.08435},\"Rotation\":{\"x\":0.0005004637,\"y\":-0.000500464,\"z\":2.50464126E-07,\"w\":0.999999762},\"LinkedStructures\":[null,null,null,null,null,null,null,null,null],\"Elements\":[{\"ProfileID\":14,\"Position\":{\"x\":-438.05426,\"y\":14.6602545,\"z\":1591.08435},\"Rotation\":{\"x\":0.0005004637,\"y\":-0.000500464,\"z\":2.50464126E-07,\"w\":0.999999762},\"LengthScale\":1.0}],\"Storages\":[]},{\"TypeID\":10,\"Position\":{\"x\":-1110.97681,\"y\":127.298744,\"z\":-174.55423},\"Rotation\":{\"x\":0.0005004637,\"y\":-0.000500464,\"z\":2.50464126E-07,\"w\":0.999999762},\"LinkedStructures\":[null,null,null,null,null,null,null,{\"TypeID\":12,\"InstanceID\":3},{\"TypeID\":11,\"InstanceID\":3}],\"Elements\":[{\"ProfileID\":14,\"Position\":{\"x\":-1110.97681,\"y\":127.298744,\"z\":-174.55423},\"Rotation\":{\"x\":0.0005004637,\"y\":-0.000500464,\"z\":2.50464126E-07,\"w\":0.999999762},\"LengthScale\":1.0}],\"Storages\":[]},{\"TypeID\":10,\"Position\":{\"x\":-1129.78955,\"y\":110.90332,\"z\":-233.338867},\"Rotation\":{\"x\":0.0005004637,\"y\":-0.000500464,\"z\":2.50464126E-07,\"w\":0.999999762},\"LinkedStructures\":[null,null,null,null,null,{\"TypeID\":12,\"InstanceID\":1},null,null,{\"TypeID\":11,\"InstanceID\":1}],\"Elements\":[{\"ProfileID\":14,\"Position\":{\"x\":-1129.78955,\"y\":110.90332,\"z\":-233.338867},\"Rotation\":{\"x\":0.0005004637,\"y\":-0.000500464,\"z\":2.50464126E-07,\"w\":0.999999762},\"LengthScale\":1.0}],\"Storages\":[]},{\"TypeID\":10,\"Position\":{\"x\":-543.0527,\"y\":191.144073,\"z\":145.261246},\"Rotation\":{\"w\":1.0},\"LinkedStructures\":[null,null,null,null,null,{\"TypeID\":12,\"InstanceID\":5},null,null,{\"TypeID\":11,\"InstanceID\":5}],\"Elements\":[{\"ProfileID\":14,\"Position\":{\"x\":-543.0527,\"y\":191.144073,\"z\":145.261246},\"Rotation\":{\"w\":1.0},\"LengthScale\":1.0}],\"Storages\":[]},{\"TypeID\":10,\"Position\":{\"x\":-485.646881,\"y\":146.480927,\"z\":5.461996},\"Rotation\":{\"w\":1.0},\"LinkedStructures\":[null,null,null,null,null,{\"TypeID\":12,\"InstanceID\":6},null,null,{\"TypeID\":11,\"InstanceID\":6}],\"Elements\":[{\"ProfileID\":14,\"Position\":{\"x\":-485.646881,\"y\":146.480927,\"z\":5.461996},\"Rotation\":{\"w\":1.0},\"LengthScale\":1.0}],\"Storages\":[]},{\"TypeID\":10,\"Position\":{\"x\":-625.1581,\"y\":138.227386,\"z\":397.438751},\"Rotation\":{\"w\":1.0},\"LinkedStructures\":[null,null,null,null,null,null,{\"TypeID\":12,\"InstanceID\":7},null,{\"TypeID\":11,\"InstanceID\":7}],\"Elements\":[{\"ProfileID\":14,\"Position\":{\"x\":-625.1581,\"y\":138.227386,\"z\":397.438751},\"Rotation\":{\"w\":1.0},\"LengthScale\":1.0}],\"Storages\":[]},{\"TypeID\":10,\"Position\":{\"x\":-613.58374,\"y\":93.8974838,\"z\":573.09},\"Rotation\":{\"x\":0.0005004637,\"y\":-0.000500464,\"z\":2.50464126E-07,\"w\":0.999999762},\"LinkedStructures\":[null,null,null,null,null,null,null,null,null],\"Elements\":[{\"ProfileID\":14,\"Position\":{\"x\":-613.58374,\"y\":93.8974838,\"z\":573.09},\"Rotation\":{\"x\":0.0005004637,\"y\":-0.000500464,\"z\":2.50464126E-07,\"w\":0.999999762},\"LengthScale\":1.0}],\"Storages\":[]}],[{\"TypeID\":11,\"Position\":{\"x\":-1631.57166,\"y\":14.756649,\"z\":470.7106},\"Rotation\":{\"w\":1.0},\"LinkedStructures\":[{\"TypeID\":10,\"InstanceID\":3},{\"TypeID\":10,\"InstanceID\":3}],\"Elements\":[{\"ProfileID\":16,\"Position\":{\"x\":-1631.57166,\"y\":14.756649,\"z\":470.7106},\"Rotation\":{\"w\":1.0},\"LengthScale\":1.0}],\"Storages\":[]},{\"TypeID\":11,\"Position\":{\"x\":-1129.78955,\"y\":110.90332,\"z\":-233.338867},\"Rotation\":{\"w\":1.0},\"LinkedStructures\":[{\"TypeID\":10,\"InstanceID\":6},{\"TypeID\":10,\"InstanceID\":6}],\"Elements\":[{\"ProfileID\":16,\"Position\":{\"x\":-1129.78955,\"y\":110.90332,\"z\":-233.338867},\"Rotation\":{\"w\":1.0},\"LengthScale\":1.0}],\"Storages\":[]},{\"TypeID\":11,\"Position\":{\"x\":-376.862671,\"y\":14.9125357,\"z\":1493.395},\"Rotation\":{\"w\":1.0},\"LinkedStructures\":[{\"TypeID\":10,\"InstanceID\":1},{\"TypeID\":10,\"InstanceID\":1}],\"Elements\":[{\"ProfileID\":16,\"Position\":{\"x\":-376.862671,\"y\":14.9125357,\"z\":1493.395},\"Rotation\":{\"w\":1.0},\"LengthScale\":1.0}],\"Storages\":[]},{\"TypeID\":11,\"Position\":{\"x\":-1110.97681,\"y\":127.298744,\"z\":-174.55423},\"Rotation\":{\"w\":1.0},\"LinkedStructures\":[{\"TypeID\":10,\"InstanceID\":5},{\"TypeID\":10,\"InstanceID\":5}],\"Elements\":[{\"ProfileID\":16,\"Position\":{\"x\":-1110.97681,\"y\":127.298744,\"z\":-174.55423},\"Rotation\":{\"w\":1.0},\"LengthScale\":1.0}],\"Storages\":[]},{\"TypeID\":11,\"Position\":{\"x\":-1185.51123,\"y\":64.6863251,\"z\":136.366989},\"Rotation\":{\"w\":1.0},\"LinkedStructures\":[{\"TypeID\":10,\"InstanceID\":2},{\"TypeID\":10,\"InstanceID\":2}],\"Elements\":[{\"ProfileID\":16,\"Position\":{\"x\":-1185.51123,\"y\":64.6863251,\"z\":136.366989},\"Rotation\":{\"w\":1.0},\"LengthScale\":1.0}],\"Storages\":[]},{\"TypeID\":11,\"Position\":{\"x\":-543.0527,\"y\":191.144073,\"z\":145.261246},\"Rotation\":{\"w\":1.0},\"LinkedStructures\":[{\"TypeID\":10,\"InstanceID\":7},{\"TypeID\":10,\"InstanceID\":7}],\"Elements\":[{\"ProfileID\":16,\"Position\":{\"x\":-543.0527,\"y\":191.144073,\"z\":145.261246},\"Rotation\":{\"w\":1.0},\"LengthScale\":1.0}],\"Storages\":[]},{\"TypeID\":11,\"Position\":{\"x\":-485.646881,\"y\":146.480927,\"z\":5.461996},\"Rotation\":{\"w\":1.0},\"LinkedStructures\":[{\"TypeID\":10,\"InstanceID\":8},{\"TypeID\":10,\"InstanceID\":8}],\"Elements\":[{\"ProfileID\":16,\"Position\":{\"x\":-485.646881,\"y\":146.480927,\"z\":5.461996},\"Rotation\":{\"w\":1.0},\"LengthScale\":1.0}],\"Storages\":[]},{\"TypeID\":11,\"Position\":{\"x\":-625.1581,\"y\":138.227386,\"z\":397.438751},\"Rotation\":{\"w\":1.0},\"LinkedStructures\":[{\"TypeID\":10,\"InstanceID\":9},{\"TypeID\":10,\"InstanceID\":9}],\"Elements\":[{\"ProfileID\":16,\"Position\":{\"x\":-625.1581,\"y\":138.227386,\"z\":397.438751},\"Rotation\":{\"w\":1.0},\"LengthScale\":1.0}],\"Storages\":[]},{\"TypeID\":11,\"Position\":{\"x\":-478.104736,\"y\":86.12844,\"z\":716.4433},\"Rotation\":{\"y\":0.9988605,\"z\":-0.0477256626},\"LinkedStructures\":[null,null],\"Elements\":[],\"Storages\":[]},{\"TypeID\":11,\"Position\":{\"x\":-478.851563,\"y\":85.99112,\"z\":714.430237},\"Rotation\":{\"y\":0.998962939,\"z\":-0.0455310643},\"LinkedStructures\":[null,null],\"Elements\":[],\"Storages\":[]}],[{\"TypeID\":12,\"Position\":{\"x\":-1632.70166,\"y\":14.7336693,\"z\":471.8406},\"Rotation\":{\"w\":1.0},\"LinkedStructures\":[null,null,null,{\"TypeID\":10,\"InstanceID\":3},null,null],\"Elements\":[{\"ProfileID\":81,\"Position\":{\"x\":-1632.70166,\"y\":15.4336691,\"z\":471.8406},\"Rotation\":{\"x\":-0.7071068,\"w\":0.7071068},\"LengthScale\":1.0}],\"Storages\":[]},{\"TypeID\":12,\"Position\":{\"x\":-1130.92065,\"y\":110.856705,\"z\":-232.209991},\"Rotation\":{\"y\":0.00050035317,\"w\":-0.9999999},\"LinkedStructures\":[null,null,null,{\"TypeID\":10,\"InstanceID\":6},null,null],\"Elements\":[{\"ProfileID\":81,\"Position\":{\"x\":-1130.92065,\"y\":111.5567,\"z\":-232.209991},\"Rotation\":{\"x\":-0.7071068,\"w\":0.7071068},\"LengthScale\":1.0}],\"Storages\":[]},{\"TypeID\":12,\"Position\":{\"x\":-377.9938,\"y\":14.8764,\"z\":1494.52393},\"Rotation\":{\"y\":0.00050035317,\"w\":-0.9999999},\"LinkedStructures\":[null,null,null,{\"TypeID\":10,\"InstanceID\":1},null,null],\"Elements\":[{\"ProfileID\":81,\"Position\":{\"x\":-377.9938,\"y\":15.5764,\"z\":1494.52393},\"Rotation\":{\"x\":-0.7071068,\"w\":0.7071068},\"LengthScale\":1.0}],\"Storages\":[]},{\"TypeID\":12,\"Position\":{\"x\":-1109.8457,\"y\":127.058769,\"z\":-175.6831},\"Rotation\":{\"y\":0.00050035317,\"w\":-0.9999999},\"LinkedStructures\":[null,null,{\"TypeID\":10,\"InstanceID\":5},null,null,null],\"Elements\":[{\"ProfileID\":81,\"Position\":{\"x\":-1109.8457,\"y\":127.758766,\"z\":-175.6831},\"Rotation\":{\"x\":-0.7071068,\"w\":0.7071068},\"LengthScale\":1.0}],\"Storages\":[]},{\"TypeID\":12,\"Position\":{\"x\":-1186.64124,\"y\":64.32337,\"z\":137.497},\"Rotation\":{\"w\":1.0},\"LinkedStructures\":[null,null,null,{\"TypeID\":10,\"InstanceID\":2},null,null],\"Elements\":[{\"ProfileID\":81,\"Position\":{\"x\":-1186.64124,\"y\":65.02337,\"z\":137.497},\"Rotation\":{\"x\":-0.7071068,\"w\":0.7071068},\"LengthScale\":1.0}],\"Storages\":[]},{\"TypeID\":12,\"Position\":{\"x\":-544.1827,\"y\":190.628876,\"z\":146.391251},\"Rotation\":{\"w\":1.0},\"LinkedStructures\":[null,null,null,{\"TypeID\":10,\"InstanceID\":7},null,null],\"Elements\":[{\"ProfileID\":81,\"Position\":{\"x\":-544.1827,\"y\":191.328873,\"z\":146.391251},\"Rotation\":{\"x\":-0.7071068,\"w\":0.7071068},\"LengthScale\":1.0}],\"Storages\":[]},{\"TypeID\":12,\"Position\":{\"x\":-486.7769,\"y\":146.540543,\"z\":6.591996},\"Rotation\":{\"w\":1.0},\"LinkedStructures\":[null,null,null,{\"TypeID\":10,\"InstanceID\":8},null,null],\"Elements\":[{\"ProfileID\":81,\"Position\":{\"x\":-486.7769,\"y\":147.24054,\"z\":6.591996},\"Rotation\":{\"x\":-0.7071068,\"w\":0.7071068},\"LengthScale\":1.0}],\"Storages\":[]},{\"TypeID\":12,\"Position\":{\"x\":-624.0281,\"y\":138.292267,\"z\":398.568756},\"Rotation\":{\"w\":1.0},\"LinkedStructures\":[{\"TypeID\":10,\"InstanceID\":9},null,null,null,null,null],\"Elements\":[{\"ProfileID\":81,\"Position\":{\"x\":-624.0281,\"y\":138.992264,\"z\":398.568756},\"Rotation\":{\"x\":-0.7071068,\"w\":0.7071068},\"LengthScale\":1.0}],\"Storages\":[]}],null,null,null,[{\"TypeID\":16,\"Position\":{\"x\":-599.1081,\"y\":93.48641,\"z\":573.0226},\"Rotation\":{\"y\":0.099025704,\"w\":0.9950849},\"LinkedStructures\":[null,null,null,null,null,{\"TypeID\":8,\"InstanceID\":6}],\"Elements\":[{\"ProfileID\":191,\"Position\":{\"x\":-599.1081,\"y\":93.48641,\"z\":573.0226},\"Rotation\":{\"y\":0.099025704,\"w\":0.9950849},\"LengthScale\":1.0}],\"Storages\":[]},{\"TypeID\":16,\"Position\":{\"x\":-592.455933,\"y\":94.22142,\"z\":573.6393},\"Rotation\":{\"y\":-0.0238915365,\"w\":0.999714553},\"LinkedStructures\":[null,null,null,null,null,{\"TypeID\":8,\"InstanceID\":1}],\"Elements\":[{\"ProfileID\":191,\"Position\":{\"x\":-592.455933,\"y\":94.22142,\"z\":573.6393},\"Rotation\":{\"y\":-0.0238915365,\"w\":0.999714553},\"LengthScale\":1.0}],\"Storages\":[]}],null,[{\"TypeID\":18,\"Position\":{\"x\":-598.8854,\"y\":92.4023743,\"z\":574.130432},\"Rotation\":{\"x\":0.0009954049,\"y\":0.09902565,\"z\":-9.90575354E-05,\"w\":0.9950844},\"LinkedStructures\":[null,{\"TypeID\":3,\"InstanceID\":25}],\"Elements\":[{\"ProfileID\":33,\"Position\":{\"x\":-598.8854,\"y\":92.4023743,\"z\":574.130432},\"Rotation\":{\"x\":-0.380342662,\"y\":0.0915067643,\"z\":0.0378497429,\"w\":0.919528961},\"LengthScale\":1.0}],\"Storages\":[]}],[{\"TypeID\":19,\"Position\":{\"x\":-599.553467,\"y\":93.71267,\"z\":570.8069},\"Rotation\":{\"y\":0.9950461,\"w\":-0.09941511},\"LinkedStructures\":[null,null,null,null,null,null,null,null,null,null,null,null,null,null,null,{\"TypeID\":3,\"InstanceID\":24},null,null],\"Elements\":[{\"ProfileID\":205,\"Position\":{\"x\":-599.553467,\"y\":93.71267,\"z\":570.8069},\"Rotation\":{\"y\":0.9950461,\"w\":-0.09941511},\"LengthScale\":1.0}],\"Storages\":[]}],[{\"TypeID\":20,\"Position\":{\"x\":-462.216644,\"y\":18.0163345,\"z\":1562.91626},\"Rotation\":{\"x\":0.0005004637,\"y\":-0.000500464,\"z\":2.50464126E-07,\"w\":0.999999762},\"LinkedStructures\":[{\"TypeID\":1},{\"TypeID\":1,\"InstanceID\":1},null,null,null,null,null,null,null,null,null,null,null,null,null,null],\"Elements\":[{\"ProfileID\":224,\"Position\":{\"x\":-462.217773,\"y\":18.01497,\"z\":1564.2793},\"Rotation\":{\"x\":0.0005004657,\"w\":0.9999999},\"LengthScale\":1.0}],\"Storages\":[]},{\"TypeID\":20,\"Position\":{\"x\":-1130.71655,\"y\":37.3638535,\"z\":1624.29944},\"Rotation\":{\"w\":1.0},\"LinkedStructures\":[{\"TypeID\":1,\"InstanceID\":2},{\"TypeID\":1,\"InstanceID\":3},null,null,null,null,null,null,null,null,null,null,null,null,null,null],\"Elements\":[{\"ProfileID\":224,\"Position\":{\"x\":-1130.71655,\"y\":37.3638535,\"z\":1625.66248},\"Rotation\":{\"w\":1.0},\"LengthScale\":1.0}],\"Storages\":[]},{\"TypeID\":20,\"Position\":{\"x\":-604.3562,\"y\":177.34166,\"z\":97.2549744},\"Rotation\":{\"x\":0.0005004637,\"y\":-0.000500464,\"z\":2.50464126E-07,\"w\":0.999999762},\"LinkedStructures\":[{\"TypeID\":1,\"InstanceID\":6},{\"TypeID\":1,\"InstanceID\":7},null,null,null,null,null,null,null,null,null,null,null,null,null,null],\"Elements\":[{\"ProfileID\":224,\"Position\":{\"x\":-604.3573,\"y\":177.3403,\"z\":98.61797},\"Rotation\":{\"x\":0.0004996251,\"w\":0.9999999},\"LengthScale\":1.0}],\"Storages\":[]},{\"TypeID\":20,\"Position\":{\"x\":-599.7761,\"y\":93.26254,\"z\":569.699036},\"Rotation\":{\"x\":2.81453311E-12,\"y\":-0.6336095,\"z\":2.30505784E-12,\"w\":0.77365303},\"LinkedStructures\":[{\"TypeID\":1,\"InstanceID\":16},{\"TypeID\":1,\"InstanceID\":17},null,null,null,null,null,null,null,null,{\"TypeID\":3,\"InstanceID\":24},null,null,null,null,null],\"Elements\":[{\"ProfileID\":229,\"Position\":{\"x\":-599.9604,\"y\":93.23206,\"z\":569.7361},\"Rotation\":{\"x\":0.0621410049,\"y\":-0.6315668,\"z\":0.0508931,\"w\":0.7711497},\"LengthScale\":1.01307952},{\"ProfileID\":225,\"Position\":{\"x\":-600.5369,\"y\":93.1366653,\"z\":569.852},\"Rotation\":{\"x\":0.0621410049,\"y\":-0.6315668,\"z\":0.0508931,\"w\":0.7711497},\"LengthScale\":1.01307952}],\"Storages\":[]}],[{\"TypeID\":21,\"Position\":{\"x\":-531.611938,\"y\":195.865,\"z\":120.38031},\"Rotation\":{\"x\":0.0004983907,\"y\":-0.08280827,\"z\":4.14131064E-05,\"w\":0.9965654},\"LinkedStructures\":[null,null,null,null,null,null,null],\"Elements\":[{\"ProfileID\":213,\"Position\":{\"x\":-531.611938,\"y\":196.2025,\"z\":120.38031},\"Rotation\":{\"x\":-0.0585543,\"y\":0.7046782,\"z\":0.7046784,\"w\":0.0585543},\"LengthScale\":1.0}],\"Storages\":[]},{\"TypeID\":21,\"Position\":{\"x\":-593.477356,\"y\":93.76759,\"z\":574.916748},\"Rotation\":{\"x\":0.0003529904,\"y\":0.7088739,\"z\":-0.000354761461,\"w\":0.705335},\"LinkedStructures\":[null,null,null,null,null,null,null],\"Elements\":[{\"ProfileID\":213,\"Position\":{\"x\":-593.477356,\"y\":94.1050949,\"z\":574.916748},\"Rotation\":{\"x\":-0.5012497,\"y\":-0.4987473,\"z\":-0.4987473,\"w\":0.5012496},\"LengthScale\":1.0},{\"ProfileID\":221,\"Position\":{\"x\":-593.477356,\"y\":94.7801,\"z\":574.916748},\"Rotation\":{\"x\":-0.5012497,\"y\":-0.4987473,\"z\":-0.4987473,\"w\":0.5012496},\"LengthScale\":1.0},{\"ProfileID\":222,\"Position\":{\"x\":-593.477356,\"y\":95.4551,\"z\":574.916748},\"Rotation\":{\"x\":-0.5012497,\"y\":-0.4987473,\"z\":-0.4987473,\"w\":0.5012496},\"LengthScale\":1.0},{\"ProfileID\":223,\"Position\":{\"x\":-593.477356,\"y\":96.1301041,\"z\":574.916748},\"Rotation\":{\"x\":-0.5012497,\"y\":-0.4987473,\"z\":-0.4987473,\"w\":0.5012496},\"LengthScale\":1.0}],\"Storages\":[]},{\"TypeID\":21,\"Position\":{\"x\":-593.1851,\"y\":93.48076,\"z\":575.5267},\"Rotation\":{\"x\":0.00034894087,\"y\":0.716595,\"z\":-0.000358499121,\"w\":0.6974893},\"LinkedStructures\":[null,null,null,null,null,null,null],\"Elements\":[{\"ProfileID\":213,\"Position\":{\"x\":-593.1851,\"y\":93.81826,\"z\":575.5267},\"Rotation\":{\"x\":-0.5067093,\"y\":-0.493199527,\"z\":-0.4931995,\"w\":0.5067092},\"LengthScale\":1.0}],\"Storages\":[]},{\"TypeID\":21,\"Position\":{\"x\":-600.2688,\"y\":93.0621,\"z\":571.097},\"Rotation\":{\"x\":0.0003166546,\"y\":0.7739634,\"z\":-0.0003870301,\"w\":0.6332301},\"LinkedStructures\":[null,null,null,null,null,null,null],\"Elements\":[{\"ProfileID\":213,\"Position\":{\"x\":-600.2688,\"y\":93.3996048,\"z\":571.097},\"Rotation\":{\"x\":-0.5472748,\"y\":-0.4477614,\"z\":-0.447761327,\"w\":0.5472748},\"LengthScale\":1.0},{\"ProfileID\":221,\"Position\":{\"x\":-600.2688,\"y\":94.07461,\"z\":571.097},\"Rotation\":{\"x\":-0.5472748,\"y\":-0.4477614,\"z\":-0.447761327,\"w\":0.5472748},\"LengthScale\":1.0},{\"ProfileID\":222,\"Position\":{\"x\":-600.2688,\"y\":94.74961,\"z\":571.097},\"Rotation\":{\"x\":-0.5472748,\"y\":-0.4477614,\"z\":-0.447761327,\"w\":0.5472748},\"LengthScale\":1.0},{\"ProfileID\":223,\"Position\":{\"x\":-600.2688,\"y\":95.424614,\"z\":571.097},\"Rotation\":{\"x\":-0.5472748,\"y\":-0.4477614,\"z\":-0.447761327,\"w\":0.5472748},\"LengthScale\":1.0}],\"Storages\":[]},{\"TypeID\":21,\"Position\":{\"x\":-599.194153,\"y\":92.74365,\"z\":575.477844},\"Rotation\":{\"x\":0.0003126173,\"y\":0.7807543,\"z\":-0.000390625,\"w\":0.624838},\"LinkedStructures\":[null,null,null,null,null,null,null],\"Elements\":[{\"ProfileID\":213,\"Position\":{\"x\":-599.194153,\"y\":93.0811539,\"z\":575.477844},\"Rotation\":{\"x\":-0.552076757,\"y\":-0.441827238,\"z\":-0.441827238,\"w\":0.5520768},\"LengthScale\":1.0},{\"ProfileID\":221,\"Position\":{\"x\":-599.194153,\"y\":93.75616,\"z\":575.477844},\"Rotation\":{\"x\":-0.552076757,\"y\":-0.441827238,\"z\":-0.441827238,\"w\":0.5520768},\"LengthScale\":1.0},{\"ProfileID\":222,\"Position\":{\"x\":-599.194153,\"y\":94.43116,\"z\":575.477844},\"Rotation\":{\"x\":-0.552076757,\"y\":-0.441827238,\"z\":-0.441827238,\"w\":0.5520768},\"LengthScale\":1.0}],\"Storages\":[]}],null,null,[{\"TypeID\":24,\"Position\":{\"x\":-1631.7627,\"y\":14.719121,\"z\":475.729462},\"Rotation\":{\"x\":0.006937445,\"y\":-0.300476372,\"z\":0.00218559685,\"w\":0.9537616},\"LinkedStructures\":[{\"TypeID\":25,\"InstanceID\":1},{\"TypeID\":25,\"InstanceID\":2},null],\"Elements\":[{\"ProfileID\":86,\"Position\":{\"x\":-1631.76746,\"y\":15.79128,\"z\":475.7415},\"Rotation\":{\"x\":-0.06240392,\"y\":-0.251722246,\"z\":0.365450174,\"w\":0.893973053},\"LengthScale\":2.00211644}],\"Storages\":[]}],[{\"TypeID\":25,\"Position\":{\"x\":-1118.79736,\"y\":36.95469,\"z\":1624.73169},\"Rotation\":{\"x\":0.0005004637,\"y\":-0.000500464,\"z\":2.50464126E-07,\"w\":0.999999762},\"LinkedStructures\":[null,null,null,null,null,null],\"Elements\":[{\"ProfileID\":12,\"Position\":{\"x\":-1118.79736,\"y\":37.65469,\"z\":1624.73169},\"Rotation\":{\"x\":0.0005004637,\"y\":-0.000500464,\"z\":2.50464126E-07,\"w\":0.999999762},\"LengthScale\":1.0}],\"Storages\":[]},{\"TypeID\":25,\"Position\":{\"x\":-1632.09485,\"y\":14.71069,\"z\":476.204376},\"Rotation\":{\"w\":1.0},\"LinkedStructures\":[{\"TypeID\":24},null,null,null,{\"TypeID\":28},null],\"Elements\":[{\"ProfileID\":12,\"Position\":{\"x\":-1632.09485,\"y\":15.4106894,\"z\":476.204376},\"Rotation\":{\"w\":1.0},\"LengthScale\":1.0}],\"Storages\":[]},{\"TypeID\":25,\"Position\":{\"x\":-1631.44714,\"y\":14.727129,\"z\":475.278442},\"Rotation\":{\"y\":0.9537833,\"w\":0.300495446},\"LinkedStructures\":[{\"TypeID\":24},null,null,null,{\"TypeID\":28,\"InstanceID\":1},null],\"Elements\":[{\"ProfileID\":12,\"Position\":{\"x\":-1631.44714,\"y\":15.4271288,\"z\":475.278442},\"Rotation\":{\"y\":0.9537833,\"w\":0.300495446},\"LengthScale\":1.0}],\"Storages\":[]},{\"TypeID\":25,\"Position\":{\"x\":-621.346863,\"y\":94.2529755,\"z\":576.0837},\"Rotation\":{\"x\":0.0005004637,\"y\":-0.000500464,\"z\":2.50464126E-07,\"w\":0.999999762},\"LinkedStructures\":[null,null,null,null,null,null],\"Elements\":[],\"Storages\":[]},{\"TypeID\":25,\"Position\":{\"x\":-621.5877,\"y\":94.22635,\"z\":575.7868},\"Rotation\":{\"x\":0.0005004637,\"y\":-0.000500464,\"z\":2.50464126E-07,\"w\":0.999999762},\"LinkedStructures\":[null,null,null,null,null,null],\"Elements\":[{\"ProfileID\":12,\"Position\":{\"x\":-621.5877,\"y\":94.9263458,\"z\":575.7868},\"Rotation\":{\"x\":0.0005004637,\"y\":-0.000500464,\"z\":2.50464126E-07,\"w\":0.999999762},\"LengthScale\":1.0},{\"ProfileID\":84,\"Position\":{\"x\":-621.5877,\"y\":95.6263,\"z\":575.7868},\"Rotation\":{\"x\":0.0014995836,\"y\":0.69820416,\"z\":0.0008210195,\"w\":0.715896666},\"LengthScale\":1.0}],\"Storages\":[]}],null,null,[{\"TypeID\":28,\"Position\":{\"x\":-1632.09485,\"y\":16.11069,\"z\":476.204376},\"Rotation\":{\"x\":-0.7071068,\"w\":0.7071068},\"LinkedStructures\":[{\"TypeID\":25,\"InstanceID\":1}],\"Elements\":[{\"ProfileID\":208,\"Position\":{\"x\":-1632.09485,\"y\":16.11069,\"z\":476.204376},\"Rotation\":{\"x\":-0.7071068,\"w\":0.7071068},\"LengthScale\":1.0},{\"ProfileID\":208,\"Position\":{\"x\":-1632.09009,\"y\":16.34872,\"z\":476.169739},\"Rotation\":{\"x\":-0.00182170048,\"y\":0.9967443,\"z\":0.02355346,\"w\":0.07709153},\"LengthScale\":1.0}],\"Storages\":[]},{\"TypeID\":28,\"Position\":{\"x\":-1631.44714,\"y\":16.1271286,\"z\":475.278442},\"Rotation\":{\"x\":-0.7071068,\"w\":0.7071068},\"LinkedStructures\":[{\"TypeID\":25,\"InstanceID\":2}],\"Elements\":[{\"ProfileID\":208,\"Position\":{\"x\":-1631.44714,\"y\":16.1271286,\"z\":475.278442},\"Rotation\":{\"x\":-0.7071068,\"w\":0.7071068},\"LengthScale\":1.0}],\"Storages\":[]}],null,null,null,[{\"TypeID\":32,\"Position\":{\"x\":-1192.38281,\"y\":64.24227,\"z\":138.393311},\"Rotation\":{\"x\":-0.176346049,\"y\":0.198572874,\"z\":0.12319956,\"w\":-0.9561866},\"LinkedStructures\":[null],\"Elements\":[{\"ProfileID\":31,\"Position\":{\"x\":-1192.38281,\"y\":64.24227,\"z\":138.393311},\"Rotation\":{\"x\":-0.176346034,\"y\":0.198572874,\"z\":0.123199567,\"w\":-0.9561866},\"LengthScale\":1.0},{\"ProfileID\":316,\"Position\":{\"x\":-1192.38281,\"y\":64.24227,\"z\":138.393311},\"Rotation\":{\"x\":-0.176346034,\"y\":0.198572874,\"z\":0.123199567,\"w\":-0.9561866},\"LengthScale\":1.0}],\"Storages\":[{\"Version\":\"0.0.0\",\"ItemBlocks\":[]}]},{\"TypeID\":32,\"Position\":{\"x\":-428.3135,\"y\":14.35249,\"z\":1593.32947},\"Rotation\":{\"x\":0.008347774,\"y\":0.934361,\"z\":0.0219643675,\"w\":0.3555524},\"LinkedStructures\":[null],\"Elements\":[{\"ProfileID\":31,\"Position\":{\"x\":-428.3135,\"y\":14.35249,\"z\":1593.32947},\"Rotation\":{\"x\":0.008347774,\"y\":0.934361,\"z\":0.0219643675,\"w\":0.3555524},\"LengthScale\":1.0},{\"ProfileID\":316,\"Position\":{\"x\":-428.3135,\"y\":14.35249,\"z\":1593.32947},\"Rotation\":{\"x\":0.008347774,\"y\":0.934361,\"z\":0.0219643675,\"w\":0.3555524},\"LengthScale\":1.0}],\"Storages\":[{\"Version\":\"0.0.0\",\"ItemBlocks\":[]}]},{\"TypeID\":32,\"Position\":{\"x\":-919.1251,\"y\":92.7119,\"z\":1452.89429},\"Rotation\":{\"x\":-0.149108529,\"y\":0.05156054,\"z\":-0.129641637,\"w\":-0.9789286},\"LinkedStructures\":[null],\"Elements\":[{\"ProfileID\":31,\"Position\":{\"x\":-919.1251,\"y\":92.7119,\"z\":1452.89429},\"Rotation\":{\"x\":-0.149108529,\"y\":0.05156054,\"z\":-0.129641637,\"w\":-0.9789286},\"LengthScale\":1.0},{\"ProfileID\":316,\"Position\":{\"x\":-919.1251,\"y\":92.7119,\"z\":1452.89429},\"Rotation\":{\"x\":-0.149108529,\"y\":0.05156054,\"z\":-0.129641637,\"w\":-0.9789286},\"LengthScale\":1.0}],\"Storages\":[{\"Version\":\"0.0.0\",\"ItemBlocks\":[]}]},{\"TypeID\":32,\"Position\":{\"x\":-1145.79248,\"y\":58.6508064,\"z\":69.61299},\"Rotation\":{\"y\":0.9981782,\"w\":-0.0603347756},\"LinkedStructures\":[null],\"Elements\":[{\"ProfileID\":31,\"Position\":{\"x\":-1145.79248,\"y\":58.6508064,\"z\":69.61299},\"Rotation\":{\"y\":0.9981782,\"w\":-0.0603347756},\"LengthScale\":1.0},{\"ProfileID\":316,\"Position\":{\"x\":-1145.79248,\"y\":58.6508064,\"z\":69.61299},\"Rotation\":{\"y\":0.9981782,\"w\":-0.0603347756},\"LengthScale\":1.0},{\"ProfileID\":189,\"Position\":{\"x\":-1145.79248,\"y\":58.6508064,\"z\":69.61299},\"Rotation\":{\"y\":0.9981782,\"w\":-0.0603347756},\"LengthScale\":1.0}],\"Storages\":[{\"Version\":\"0.0.0\",\"ItemBlocks\":[]}]},{\"TypeID\":32,\"Position\":{\"x\":-1633.57275,\"y\":14.7533216,\"z\":467.165955},\"Rotation\":{\"x\":-0.006609616,\"y\":0.8271508,\"z\":-0.0097295,\"w\":0.5618569},\"LinkedStructures\":[null],\"Elements\":[{\"ProfileID\":31,\"Position\":{\"x\":-1633.57275,\"y\":14.7533216,\"z\":467.165955},\"Rotation\":{\"x\":-0.006609616,\"y\":0.8271508,\"z\":-0.0097295,\"w\":0.5618569},\"LengthScale\":1.0},{\"ProfileID\":316,\"Position\":{\"x\":-1633.57275,\"y\":14.7533216,\"z\":467.165955},\"Rotation\":{\"x\":-0.006609616,\"y\":0.8271508,\"z\":-0.0097295,\"w\":0.5618569},\"LengthScale\":1.0}],\"Storages\":[{\"Version\":\"0.0.0\",\"ItemBlocks\":[]}]},{\"TypeID\":32,\"Position\":{\"x\":-1637.15857,\"y\":14.720212,\"z\":471.203125},\"Rotation\":{\"y\":0.470145732,\"w\":-0.882588863},\"LinkedStructures\":[null],\"Elements\":[{\"ProfileID\":31,\"Position\":{\"x\":-1637.15857,\"y\":14.720212,\"z\":471.203125},\"Rotation\":{\"y\":0.470145732,\"w\":-0.882588863},\"LengthScale\":1.0},{\"ProfileID\":316,\"Position\":{\"x\":-1637.15857,\"y\":14.720212,\"z\":471.203125},\"Rotation\":{\"y\":0.470145732,\"w\":-0.882588863},\"LengthScale\":1.0}],\"Storages\":[{\"Version\":\"0.0.0\",\"ItemBlocks\":[]}]},{\"TypeID\":32,\"Position\":{\"x\":-1186.37024,\"y\":64.11789,\"z\":138.574478},\"Rotation\":{\"x\":0.0367818177,\"y\":0.7570227,\"z\":0.06231746,\"w\":0.6493692},\"LinkedStructures\":[null],\"Elements\":[{\"ProfileID\":31,\"Position\":{\"x\":-1186.37024,\"y\":64.11789,\"z\":138.574478},\"Rotation\":{\"x\":0.0367818177,\"y\":0.7570227,\"z\":0.06231746,\"w\":0.6493692},\"LengthScale\":1.0},{\"ProfileID\":316,\"Position\":{\"x\":-1186.37024,\"y\":64.11789,\"z\":138.574478},\"Rotation\":{\"x\":0.0367818177,\"y\":0.7570227,\"z\":0.06231746,\"w\":0.6493692},\"LengthScale\":1.0}],\"Storages\":[{\"Version\":\"0.0.0\",\"ItemBlocks\":[]}]},{\"TypeID\":32,\"Position\":{\"x\":-624.6227,\"y\":137.981384,\"z\":395.001221},\"Rotation\":{\"y\":0.126321241,\"w\":0.9919894},\"LinkedStructures\":[null],\"Elements\":[{\"ProfileID\":31,\"Position\":{\"x\":-624.6227,\"y\":137.981384,\"z\":395.001221},\"Rotation\":{\"y\":0.126321241,\"w\":0.9919894},\"LengthScale\":1.0},{\"ProfileID\":316,\"Position\":{\"x\":-624.6227,\"y\":137.981384,\"z\":395.001221},\"Rotation\":{\"y\":0.126321241,\"w\":0.9919894},\"LengthScale\":1.0}],\"Storages\":[{\"Version\":\"0.0.0\",\"ItemBlocks\":[]}]},{\"TypeID\":32,\"Position\":{\"x\":-623.3775,\"y\":138.214325,\"z\":398.336},\"Rotation\":{\"x\":0.08449192,\"y\":0.7550805,\"z\":0.06125606,\"w\":-0.647272944},\"LinkedStructures\":[null],\"Elements\":[{\"ProfileID\":31,\"Position\":{\"x\":-623.3775,\"y\":138.214325,\"z\":398.336},\"Rotation\":{\"x\":0.08449192,\"y\":0.7550805,\"z\":0.06125606,\"w\":-0.647272944},\"LengthScale\":1.0},{\"ProfileID\":316,\"Position\":{\"x\":-623.3775,\"y\":138.214325,\"z\":398.336},\"Rotation\":{\"x\":0.08449192,\"y\":0.7550805,\"z\":0.06125606,\"w\":-0.647272944},\"LengthScale\":1.0}],\"Storages\":[{\"Version\":\"0.0.0\",\"ItemBlocks\":[]}]},{\"TypeID\":32,\"Position\":{\"x\":-604.9995,\"y\":93.9848,\"z\":575.9704},\"Rotation\":{\"x\":-0.0133014247,\"y\":0.480894,\"z\":-0.0356716029,\"w\":-0.8759519},\"LinkedStructures\":[null],\"Elements\":[{\"ProfileID\":31,\"Position\":{\"x\":-604.9995,\"y\":93.9848,\"z\":575.9704},\"Rotation\":{\"x\":-0.0133014247,\"y\":0.480894,\"z\":-0.0356716029,\"w\":-0.8759519},\"LengthScale\":1.0},{\"ProfileID\":316,\"Position\":{\"x\":-604.9995,\"y\":93.9848,\"z\":575.9704},\"Rotation\":{\"x\":-0.0133014247,\"y\":0.480894,\"z\":-0.0356716029,\"w\":-0.8759519},\"LengthScale\":1.0}],\"Storages\":[{\"Version\":\"0.0.0\",\"ItemBlocks\":[]}]}],null,null,null,null,null,null,null,null,null,null,null,null,[{\"TypeID\":45,\"Position\":{\"x\":-434.293335,\"y\":104.191536,\"z\":707.960938},\"Rotation\":{\"y\":0.0245821513,\"w\":0.9996978},\"LinkedStructures\":[null],\"Elements\":[{\"ProfileID\":338,\"Position\":{\"x\":-434.293335,\"y\":104.191536,\"z\":707.960938},\"Rotation\":{\"y\":0.0245821513,\"w\":0.9996978},\"LengthScale\":1.0}],\"Storages\":[]}],null,null,null]}"}}