{"Version":"0.0.0","Data":{"Constructions":"{\"Version\":\"0.0.16\",\"Structures\":[[],[{\"TypeID\":1,\"Position\":{\"x\":-462.216644,\"y\":18.0163345,\"z\":1562.91626},\"Rotation\":{\"x\":0.0005004637,\"y\":-0.000500464,\"z\":2.50464154E-07,\"w\":0.999999762},\"LinkedStructures\":[null,{\"TypeID\":20},null,null,null,null,null],\"Elements\":[],\"Storages\":[]},{\"TypeID\":1,\"Position\":{\"x\":-462.2189,\"y\":18.0140724,\"z\":1565.17627},\"Rotation\":{\"x\":0.0005004637,\"y\":-0.000500464,\"z\":2.50464154E-07,\"w\":0.999999762},\"LinkedStructures\":[{\"TypeID\":20},null,null,null,null,null,null],\"Elements\":[],\"Storages\":[]},{\"TypeID\":1,\"Position\":{\"x\":-1130.71655,\"y\":37.3638535,\"z\":1624.29944},\"Rotation\":{\"w\":1.0},\"LinkedStructures\":[null,{\"TypeID\":20,\"InstanceID\":1},null,null,null,null,null],\"Elements\":[],\"Storages\":[]},{\"TypeID\":1,\"Position\":{\"x\":-1130.71655,\"y\":37.3638535,\"z\":1626.55945},\"Rotation\":{\"w\":1.0},\"LinkedStructures\":[{\"TypeID\":20,\"InstanceID\":1},null,null,null,null,null,null],\"Elements\":[],\"Storages\":[]},{\"TypeID\":1,\"Position\":{\"x\":-420.490448,\"y\":14.763773,\"z\":1588.06641},\"Rotation\":{\"x\":0.0005004637,\"y\":-0.000500464,\"z\":2.50464154E-07,\"w\":0.999999762},\"LinkedStructures\":[null,{\"TypeID\":3},null,null,null,null,null],\"Elements\":[{\"ProfileID\":66,\"Position\":{\"x\":-420.490448,\"y\":14.763773,\"z\":1588.06641},\"Rotation\":{\"x\":-0.000353881565,\"y\":0.7071067,\"z\":0.70710665,\"w\":0.000353881565},\"LengthScale\":1.0}],\"Storages\":[]},{\"TypeID\":1,\"Position\":{\"x\":-420.4927,\"y\":14.7615108,\"z\":1590.32642},\"Rotation\":{\"x\":0.0005004637,\"y\":-0.000500464,\"z\":2.50464154E-07,\"w\":0.999999762},\"LinkedStructures\":[{\"TypeID\":3},null,null,null,null,null,null],\"Elements\":[{\"ProfileID\":66,\"Position\":{\"x\":-420.4927,\"y\":14.7615108,\"z\":1590.32642},\"Rotation\":{\"x\":-0.000353881565,\"y\":0.7071067,\"z\":0.70710665,\"w\":0.000353881565},\"LengthScale\":1.0}],\"Storages\":[]}],null,[{\"TypeID\":3,\"Position\":{\"x\":-420.490448,\"y\":14.763773,\"z\":1588.06641},\"Rotation\":{\"x\":0.0005004637,\"y\":-0.000500464,\"z\":2.50464126E-07,\"w\":0.999999762},\"LinkedStructures\":[{\"TypeID\":1,\"InstanceID\":4},{\"TypeID\":1,\"InstanceID\":5},null,null,null,null,null,null,null,null,null,null,null,null,null,null],\"Elements\":[{\"ProfileID\":1,\"Position\":{\"x\":-420.491577,\"y\":14.7626419,\"z\":1589.19641},\"Rotation\":{\"x\":0.0005004657,\"w\":0.9999999},\"LengthScale\":1.0}],\"Storages\":[]}],null,null,null,null,null,null,[{\"TypeID\":10,\"Position\":{\"x\":-421.8549,\"y\":14.241519,\"z\":1517.74841},\"Rotation\":{\"w\":1.0},\"LinkedStructures\":[null,null,null,null,null,null,null,null,null],\"Elements\":[{\"ProfileID\":14,\"Position\":{\"x\":-421.8549,\"y\":14.241519,\"z\":1517.74841},\"Rotation\":{\"w\":1.0},\"LengthScale\":1.0}],\"Storages\":[]},{\"TypeID\":10,\"Position\":{\"x\":-376.862671,\"y\":14.9125357,\"z\":1493.395},\"Rotation\":{\"x\":0.0005004637,\"y\":-0.000500464,\"z\":2.50464126E-07,\"w\":0.999999762},\"LinkedStructures\":[null,null,null,null,null,{\"TypeID\":12,\"InstanceID\":2},null,null,{\"TypeID\":11,\"InstanceID\":2}],\"Elements\":[{\"ProfileID\":14,\"Position\":{\"x\":-376.862671,\"y\":14.9125357,\"z\":1493.395},\"Rotation\":{\"x\":0.0005004637,\"y\":-0.000500464,\"z\":2.50464126E-07,\"w\":0.999999762},\"LengthScale\":1.0}],\"Storages\":[]},{\"TypeID\":10,\"Position\":{\"x\":-1185.51123,\"y\":64.6863251,\"z\":136.366989},\"Rotation\":{\"w\":1.0},\"LinkedStructures\":[null,null,null,null,null,null,{\"TypeID\":12,\"InstanceID\":1},null,{\"TypeID\":11,\"InstanceID\":1}],\"Elements\":[{\"ProfileID\":14,\"Position\":{\"x\":-1185.51123,\"y\":64.6863251,\"z\":136.366989},\"Rotation\":{\"w\":1.0},\"LengthScale\":1.0}],\"Storages\":[]},{\"TypeID\":10,\"Position\":{\"x\":-1110.9646,\"y\":127.357559,\"z\":-172.9685},\"Rotation\":{\"x\":0.0005004637,\"y\":-0.000500464,\"z\":2.50464126E-07,\"w\":0.999999762},\"LinkedStructures\":[null,null,null,null,null,null,null,{\"TypeID\":12},{\"TypeID\":11}],\"Elements\":[{\"ProfileID\":14,\"Position\":{\"x\":-1110.9646,\"y\":127.357559,\"z\":-172.9685},\"Rotation\":{\"x\":0.0005004637,\"y\":-0.000500464,\"z\":2.50464126E-07,\"w\":0.999999762},\"LengthScale\":1.0}],\"Storages\":[]},{\"TypeID\":10,\"Position\":{\"x\":-438.05426,\"y\":14.6602545,\"z\":1591.08435},\"Rotation\":{\"x\":0.0005004637,\"y\":-0.000500464,\"z\":2.50464126E-07,\"w\":0.999999762},\"LinkedStructures\":[null,null,null,null,null,null,null,null,null],\"Elements\":[{\"ProfileID\":14,\"Position\":{\"x\":-438.05426,\"y\":14.6602545,\"z\":1591.08435},\"Rotation\":{\"x\":0.0005004637,\"y\":-0.000500464,\"z\":2.50464126E-07,\"w\":0.999999762},\"LengthScale\":1.0}],\"Storages\":[]},{\"TypeID\":10,\"Position\":{\"x\":-1631.57166,\"y\":14.756649,\"z\":470.7106},\"Rotation\":{\"w\":1.0},\"LinkedStructures\":[null,null,null,null,null,{\"TypeID\":12,\"InstanceID\":3},null,null,{\"TypeID\":11,\"InstanceID\":3}],\"Elements\":[{\"ProfileID\":14,\"Position\":{\"x\":-1631.57166,\"y\":14.756649,\"z\":470.7106},\"Rotation\":{\"w\":1.0},\"LengthScale\":1.0}],\"Storages\":[]}],[{\"TypeID\":11,\"Position\":{\"x\":-1110.9646,\"y\":127.357559,\"z\":-172.9685},\"Rotation\":{\"w\":1.0},\"LinkedStructures\":[{\"TypeID\":10,\"InstanceID\":3},{\"TypeID\":10,\"InstanceID\":3}],\"Elements\":[{\"ProfileID\":16,\"Position\":{\"x\":-1110.9646,\"y\":127.357559,\"z\":-172.9685},\"Rotation\":{\"w\":1.0},\"LengthScale\":1.0}],\"Storages\":[]},{\"TypeID\":11,\"Position\":{\"x\":-1185.51123,\"y\":64.6863251,\"z\":136.366989},\"Rotation\":{\"w\":1.0},\"LinkedStructures\":[{\"TypeID\":10,\"InstanceID\":2},{\"TypeID\":10,\"InstanceID\":2}],\"Elements\":[{\"ProfileID\":16,\"Position\":{\"x\":-1185.51123,\"y\":64.6863251,\"z\":136.366989},\"Rotation\":{\"w\":1.0},\"LengthScale\":1.0}],\"Storages\":[]},{\"TypeID\":11,\"Position\":{\"x\":-376.862671,\"y\":14.9125357,\"z\":1493.395},\"Rotation\":{\"w\":1.0},\"LinkedStructures\":[{\"TypeID\":10,\"InstanceID\":1},{\"TypeID\":10,\"InstanceID\":1}],\"Elements\":[{\"ProfileID\":16,\"Position\":{\"x\":-376.862671,\"y\":14.9125357,\"z\":1493.395},\"Rotation\":{\"w\":1.0},\"LengthScale\":1.0}],\"Storages\":[]},{\"TypeID\":11,\"Position\":{\"x\":-1631.57166,\"y\":14.756649,\"z\":470.7106},\"Rotation\":{\"w\":1.0},\"LinkedStructures\":[{\"TypeID\":10,\"InstanceID\":5},{\"TypeID\":10,\"InstanceID\":5}],\"Elements\":[{\"ProfileID\":16,\"Position\":{\"x\":-1631.57166,\"y\":14.756649,\"z\":470.7106},\"Rotation\":{\"w\":1.0},\"LengthScale\":1.0}],\"Storages\":[]}],[{\"TypeID\":12,\"Position\":{\"x\":-1109.8335,\"y\":127.0658,\"z\":-174.097382},\"Rotation\":{\"y\":0.00050035317,\"w\":-0.9999999},\"LinkedStructures\":[null,null,{\"TypeID\":10,\"InstanceID\":3},null,null,null],\"Elements\":[{\"ProfileID\":81,\"Position\":{\"x\":-1109.8335,\"y\":127.7658,\"z\":-174.097382},\"Rotation\":{\"x\":-0.7071068,\"w\":0.7071068},\"LengthScale\":1.0}],\"Storages\":[]},{\"TypeID\":12,\"Position\":{\"x\":-1184.38123,\"y\":64.3412857,\"z\":137.497},\"Rotation\":{\"w\":1.0},\"LinkedStructures\":[{\"TypeID\":10,\"InstanceID\":2},null,null,null,null,null],\"Elements\":[{\"ProfileID\":81,\"Position\":{\"x\":-1184.38123,\"y\":65.04128,\"z\":137.497},\"Rotation\":{\"x\":-0.7071068,\"w\":0.7071068},\"LengthScale\":1.0}],\"Storages\":[]},{\"TypeID\":12,\"Position\":{\"x\":-377.9938,\"y\":14.8764,\"z\":1494.52393},\"Rotation\":{\"y\":0.00050035317,\"w\":-0.9999999},\"LinkedStructures\":[null,null,null,{\"TypeID\":10,\"InstanceID\":1},null,null],\"Elements\":[{\"ProfileID\":81,\"Position\":{\"x\":-377.9938,\"y\":15.5764,\"z\":1494.52393},\"Rotation\":{\"x\":-0.7071068,\"w\":0.7071068},\"LengthScale\":1.0}],\"Storages\":[]},{\"TypeID\":12,\"Position\":{\"x\":-1632.70166,\"y\":14.7336693,\"z\":471.8406},\"Rotation\":{\"w\":1.0},\"LinkedStructures\":[null,null,null,{\"TypeID\":10,\"InstanceID\":5},null,null],\"Elements\":[{\"ProfileID\":81,\"Position\":{\"x\":-1632.70166,\"y\":15.4336691,\"z\":471.8406},\"Rotation\":{\"x\":-0.7071068,\"w\":0.7071068},\"LengthScale\":1.0}],\"Storages\":[]}],null,null,null,null,null,null,null,[{\"TypeID\":20,\"Position\":{\"x\":-462.216644,\"y\":18.0163345,\"z\":1562.91626},\"Rotation\":{\"x\":0.0005004637,\"y\":-0.000500464,\"z\":2.50464126E-07,\"w\":0.999999762},\"LinkedStructures\":[{\"TypeID\":1},{\"TypeID\":1,\"InstanceID\":1},null,null,null,null,null,null,null,null,null,null,null,null,null,null],\"Elements\":[{\"ProfileID\":224,\"Position\":{\"x\":-462.217773,\"y\":18.01497,\"z\":1564.2793},\"Rotation\":{\"x\":0.0005004657,\"w\":0.9999999},\"LengthScale\":1.0}],\"Storages\":[]},{\"TypeID\":20,\"Position\":{\"x\":-1130.71655,\"y\":37.3638535,\"z\":1624.29944},\"Rotation\":{\"w\":1.0},\"LinkedStructures\":[{\"TypeID\":1,\"InstanceID\":2},{\"TypeID\":1,\"InstanceID\":3},null,null,null,null,null,null,null,null,null,null,null,null,null,null],\"Elements\":[{\"ProfileID\":224,\"Position\":{\"x\":-1130.71655,\"y\":37.3638535,\"z\":1625.66248},\"Rotation\":{\"w\":1.0},\"LengthScale\":1.0}],\"Storages\":[]}],null,null,null,[{\"TypeID\":24,\"Position\":{\"x\":-1631.7627,\"y\":14.719121,\"z\":475.729462},\"Rotation\":{\"x\":0.006937445,\"y\":-0.300476372,\"z\":0.00218559685,\"w\":0.9537616},\"LinkedStructures\":[{\"TypeID\":25,\"InstanceID\":1},{\"TypeID\":25,\"InstanceID\":2},null],\"Elements\":[{\"ProfileID\":86,\"Position\":{\"x\":-1631.76746,\"y\":15.79128,\"z\":475.7415},\"Rotation\":{\"x\":-0.06240392,\"y\":-0.251722157,\"z\":0.365450084,\"w\":0.8939731},\"LengthScale\":2.00211644}],\"Storages\":[]}],[{\"TypeID\":25,\"Position\":{\"x\":-1118.79736,\"y\":36.95469,\"z\":1624.73169},\"Rotation\":{\"x\":0.0005004637,\"y\":-0.000500464,\"z\":2.50464126E-07,\"w\":0.999999762},\"LinkedStructures\":[null,null,null,null,null,null],\"Elements\":[{\"ProfileID\":12,\"Position\":{\"x\":-1118.79736,\"y\":37.65469,\"z\":1624.73169},\"Rotation\":{\"x\":0.0005004637,\"y\":-0.000500464,\"z\":2.50464126E-07,\"w\":0.999999762},\"LengthScale\":1.0}],\"Storages\":[]},{\"TypeID\":25,\"Position\":{\"x\":-1632.09485,\"y\":14.71069,\"z\":476.204376},\"Rotation\":{\"w\":1.0},\"LinkedStructures\":[{\"TypeID\":24},null,null,null,{\"TypeID\":28},null],\"Elements\":[{\"ProfileID\":12,\"Position\":{\"x\":-1632.09485,\"y\":15.4106894,\"z\":476.204376},\"Rotation\":{\"w\":1.0},\"LengthScale\":1.0}],\"Storages\":[]},{\"TypeID\":25,\"Position\":{\"x\":-1631.44714,\"y\":14.727129,\"z\":475.278442},\"Rotation\":{\"y\":0.9537833,\"w\":0.300495446},\"LinkedStructures\":[{\"TypeID\":24},null,null,null,{\"TypeID\":28,\"InstanceID\":1},null],\"Elements\":[{\"ProfileID\":12,\"Position\":{\"x\":-1631.44714,\"y\":15.4271288,\"z\":475.278442},\"Rotation\":{\"y\":0.9537833,\"w\":0.300495446},\"LengthScale\":1.0}],\"Storages\":[]}],null,null,[{\"TypeID\":28,\"Position\":{\"x\":-1632.09485,\"y\":16.11069,\"z\":476.204376},\"Rotation\":{\"x\":-0.7071068,\"w\":0.7071068},\"LinkedStructures\":[{\"TypeID\":25,\"InstanceID\":1}],\"Elements\":[{\"ProfileID\":208,\"Position\":{\"x\":-1632.09485,\"y\":16.11069,\"z\":476.204376},\"Rotation\":{\"x\":-0.7071068,\"w\":0.7071068},\"LengthScale\":1.0},{\"ProfileID\":208,\"Position\":{\"x\":-1632.09009,\"y\":16.34872,\"z\":476.169739},\"Rotation\":{\"x\":-0.00182170048,\"y\":0.9967442,\"z\":0.023553431,\"w\":0.07709153},\"LengthScale\":1.0}],\"Storages\":[]},{\"TypeID\":28,\"Position\":{\"x\":-1631.44714,\"y\":16.1271286,\"z\":475.278442},\"Rotation\":{\"x\":-0.7071068,\"w\":0.7071068},\"LinkedStructures\":[{\"TypeID\":25,\"InstanceID\":2}],\"Elements\":[{\"ProfileID\":208,\"Position\":{\"x\":-1631.44714,\"y\":16.1271286,\"z\":475.278442},\"Rotation\":{\"x\":-0.7071068,\"w\":0.7071068},\"LengthScale\":1.0}],\"Storages\":[]}],null,null,null,[{\"TypeID\":32,\"Position\":{\"x\":-1192.38281,\"y\":64.24227,\"z\":138.393311},\"Rotation\":{\"x\":-0.176346049,\"y\":0.198572874,\"z\":0.12319956,\"w\":-0.9561866},\"LinkedStructures\":[null],\"Elements\":[{\"ProfileID\":31,\"Position\":{\"x\":-1192.38281,\"y\":64.24227,\"z\":138.393311},\"Rotation\":{\"x\":-0.176346034,\"y\":0.198572874,\"z\":0.123199567,\"w\":-0.9561866},\"LengthScale\":1.0},{\"ProfileID\":316,\"Position\":{\"x\":-1192.38281,\"y\":64.24227,\"z\":138.393311},\"Rotation\":{\"x\":-0.176346034,\"y\":0.198572874,\"z\":0.123199567,\"w\":-0.9561866},\"LengthScale\":1.0}],\"Storages\":[{\"Version\":\"0.0.0\",\"ItemBlocks\":[]}]},{\"TypeID\":32,\"Position\":{\"x\":-428.3135,\"y\":14.35249,\"z\":1593.32947},\"Rotation\":{\"x\":0.008347774,\"y\":0.934361,\"z\":0.0219643675,\"w\":0.3555524},\"LinkedStructures\":[null],\"Elements\":[{\"ProfileID\":31,\"Position\":{\"x\":-428.3135,\"y\":14.35249,\"z\":1593.32947},\"Rotation\":{\"x\":0.008347774,\"y\":0.934361,\"z\":0.0219643675,\"w\":0.3555524},\"LengthScale\":1.0},{\"ProfileID\":316,\"Position\":{\"x\":-428.3135,\"y\":14.35249,\"z\":1593.32947},\"Rotation\":{\"x\":0.008347774,\"y\":0.934361,\"z\":0.0219643675,\"w\":0.3555524},\"LengthScale\":1.0}],\"Storages\":[{\"Version\":\"0.0.0\",\"ItemBlocks\":[]}]},{\"TypeID\":32,\"Position\":{\"x\":-919.1251,\"y\":92.7119,\"z\":1452.89429},\"Rotation\":{\"x\":-0.149108529,\"y\":0.05156054,\"z\":-0.129641637,\"w\":-0.9789286},\"LinkedStructures\":[null],\"Elements\":[{\"ProfileID\":31,\"Position\":{\"x\":-919.1251,\"y\":92.7119,\"z\":1452.89429},\"Rotation\":{\"x\":-0.149108529,\"y\":0.05156054,\"z\":-0.129641637,\"w\":-0.9789286},\"LengthScale\":1.0},{\"ProfileID\":316,\"Position\":{\"x\":-919.1251,\"y\":92.7119,\"z\":1452.89429},\"Rotation\":{\"x\":-0.149108529,\"y\":0.05156054,\"z\":-0.129641637,\"w\":-0.9789286},\"LengthScale\":1.0}],\"Storages\":[{\"Version\":\"0.0.0\",\"ItemBlocks\":[]}]},{\"TypeID\":32,\"Position\":{\"x\":-1145.79248,\"y\":58.6508064,\"z\":69.61299},\"Rotation\":{\"y\":0.9981782,\"w\":-0.0603347756},\"LinkedStructures\":[null],\"Elements\":[{\"ProfileID\":31,\"Position\":{\"x\":-1145.79248,\"y\":58.6508064,\"z\":69.61299},\"Rotation\":{\"y\":0.9981782,\"w\":-0.0603347756},\"LengthScale\":1.0},{\"ProfileID\":316,\"Position\":{\"x\":-1145.79248,\"y\":58.6508064,\"z\":69.61299},\"Rotation\":{\"y\":0.9981782,\"w\":-0.0603347756},\"LengthScale\":1.0},{\"ProfileID\":189,\"Position\":{\"x\":-1145.79248,\"y\":58.6508064,\"z\":69.61299},\"Rotation\":{\"y\":0.9981782,\"w\":-0.0603347756},\"LengthScale\":1.0}],\"Storages\":[{\"Version\":\"0.0.0\",\"ItemBlocks\":[]}]},{\"TypeID\":32,\"Position\":{\"x\":-1633.57275,\"y\":14.7533216,\"z\":467.165955},\"Rotation\":{\"x\":-0.006609616,\"y\":0.8271508,\"z\":-0.0097295,\"w\":0.5618569},\"LinkedStructures\":[null],\"Elements\":[{\"ProfileID\":31,\"Position\":{\"x\":-1633.57275,\"y\":14.7533216,\"z\":467.165955},\"Rotation\":{\"x\":-0.006609616,\"y\":0.8271508,\"z\":-0.0097295,\"w\":0.5618569},\"LengthScale\":1.0},{\"ProfileID\":316,\"Position\":{\"x\":-1633.57275,\"y\":14.7533216,\"z\":467.165955},\"Rotation\":{\"x\":-0.006609616,\"y\":0.8271508,\"z\":-0.0097295,\"w\":0.5618569},\"LengthScale\":1.0},{\"ProfileID\":189,\"Position\":{\"x\":-1633.57275,\"y\":14.7533216,\"z\":467.165955},\"Rotation\":{\"x\":-0.006609616,\"y\":0.8271508,\"z\":-0.0097295,\"w\":0.5618569},\"LengthScale\":1.0}],\"Storages\":[{\"Version\":\"0.0.0\",\"ItemBlocks\":[]}]}],null,null,null,null,null,null,null,null,null,null,null,null,null,null,null,null]}"}}