{"Version":"0.0.0","Data":{"Fires":"{\"Version\":\"0.0.0\",\"FiresPerStructureType\":{\"32\":[{\"PutOutChance\":1,\"Fuel\":120.0,\"FuelDrainRate\":1.0},{\"PutOutChance\":1,\"Fuel\":120.0,\"FuelDrainRate\":1.0},{\"PutOutChance\":1,\"Fuel\":120.0,\"FuelDrainRate\":1.0},{\"PutOutChance\":1,\"Fuel\":300.0,\"FuelDrainRate\":1.0},{\"PutOutChance\":1,\"Fuel\":120.0,\"FuelDrainRate\":1.0},{\"PutOutChance\":1,\"Fuel\":120.0,\"FuelDrainRate\":1.0},{\"PutOutChance\":1,\"Fuel\":120.0,\"FuelDrainRate\":1.0},{\"PutOutChance\":1,\"Fuel\":120.0,\"FuelDrainRate\":1.0},{\"PutOutChance\":1,\"Fuel\":120.0,\"FuelDrainRate\":1.0},{\"PutOutChance\":1,\"Fuel\":120.0,\"FuelDrainRate\":1.0}]}}"}}