{"Version":"0.0.0","Data":{"GameState":"{\"Version\":\"0.0.0\",\"GameName\":\"Normal 3 Days 17:12:39\",\"SaveTime\":\"2023-12-27T00:53:56.7552506+01:00\",\"GameType\":\"Normal\",\"GameId\":\"8fc04d12-630f-4ef7-8010-5488d166fd2c\",\"GameDays\":3,\"GameHours\":17,\"GameMinutes\":12,\"GameSeconds\":57,\"GameMilliseconds\":16,\"CrashSite\":\"ocean\",\"NamedIntDatas\":[{\"SaveObjectNameId\":\"None\"},{\"SaveObjectNameId\":\"LuxuryBunker.HellDoorCaveEntrance\"},{\"SaveObjectNameId\":\"HangingTacticalGpsPickedUp\"},{\"SaveObjectNameId\":\"BuriedTacticalGpsPickedUp\"},{\"SaveObjectNameId\":\"RaftTacticalGpsPickeUp\",\"SaveValue\":1},{\"SaveObjectNameId\":\"BunkerA.EntranceHatch\"},{\"SaveObjectNameId\":\"BunkerB.EntranceHatch\"},{\"SaveObjectNameId\":\"BunkerC.EntranceHatch\"},{\"SaveObjectNameId\":\"CaveA.BoardsA\",\"SaveValue\":1},{\"SaveObjectNameId\":\"CaveA.BoardsB\",\"SaveValue\":1},{\"SaveObjectNameId\":\"EntertainmentBunker.EntranceDoor\"}]}"}}