{"Version":"0.0.0","Data":{"GameState":"{\"Version\":\"0.0.0\",\"GameName\":\"Normal 23 Days 08:44:11\",\"SaveTime\":\"2024-01-20T02:31:27.3299971+01:00\",\"GameType\":\"Normal\",\"GameId\":\"8fc04d12-630f-4ef7-8010-5488d166fd2c\",\"GameDays\":23,\"GameHours\":8,\"GameMinutes\":44,\"GameSeconds\":34,\"GameMilliseconds\":486,\"CrashSite\":\"ocean\",\"NamedIntDatas\":[{\"SaveObjectNameId\":\"None\"},{\"SaveObjectNameId\":\"LuxuryBunker.HellDoorCaveEntrance\"},{\"SaveObjectNameId\":\"HangingTacticalGpsPickedUp\",\"SaveValue\":1},{\"SaveObjectNameId\":\"BuriedTacticalGpsPickedUp\",\"SaveValue\":1},{\"SaveObjectNameId\":\"RaftTacticalGpsPickeUp\",\"SaveValue\":1},{\"SaveObjectNameId\":\"BunkerA.EntranceHatch\",\"SaveValue\":3},{\"SaveObjectNameId\":\"BunkerB.EntranceHatch\",\"SaveValue\":3},{\"SaveObjectNameId\":\"BunkerC.EntranceHatch\"},{\"SaveObjectNameId\":\"CaveA.BoardsA\",\"SaveValue\":1},{\"SaveObjectNameId\":\"CaveA.BoardsB\",\"SaveValue\":1},{\"SaveObjectNameId\":\"EntertainmentBunker.EntranceDoor\",\"SaveValue\":3},{\"SaveObjectNameId\":\"EntertainmentBunker.ExitDoor\",\"SaveValue\":3},{\"SaveObjectNameId\":\"EntertainmentBunker.ComputerRoomDoor\",\"SaveValue\":3},{\"SaveObjectNameId\":\"CaveB.BoardsB\"},{\"SaveObjectNameId\":\"CaveB.Sluggy\",\"SaveValue\":3},{\"SaveObjectNameId\":\"CaveB.BoardsA\",\"SaveValue\":1},{\"SaveObjectNameId\":\"CaveC.Sluggy\",\"SaveValue\":3},{\"SaveObjectNameId\":\"HangingTactical\",\"SaveValue\":1},{\"SaveObjectNameId\":\"HangingTacticalCutDown\",\"SaveValue\":1},{\"SaveObjectNameId\":\"CaveD.BoardsI\",\"SaveValue\":1},{\"SaveObjectNameId\":\"CaveD.BoardsH\",\"SaveValue\":1},{\"SaveObjectNameId\":\"CaveD.BoardsF\",\"SaveValue\":1},{\"SaveObjectNameId\":\"CaveD.BoardsG\",\"SaveValue\":1},{\"SaveObjectNameId\":\"CaveD.BoardsE\",\"SaveValue\":1},{\"SaveObjectNameId\":\"CaveD.BoardsD\",\"SaveValue\":1},{\"SaveObjectNameId\":\"CaveD.BoardsA\",\"SaveValue\":1},{\"SaveObjectNameId\":\"CaveD.BoardsC\",\"SaveValue\":1},{\"SaveObjectNameId\":\"CaveD.BoardsB\",\"SaveValue\":1},{\"SaveObjectNameId\":\"BunkerFoodAndDining.PufftonBossSpawn\",\"SaveValue\":1},{\"SaveObjectNameId\":\"BunkerFoodAndDining.Cutscene.PuffysVsBadGuys\",\"SaveValue\":1},{\"SaveObjectNameId\":\"BunkerFoodAndDining.EntranceHatch\",\"SaveValue\":3},{\"SaveObjectNameId\":\"BunkerFoodAndDining.DiningDoor\",\"SaveValue\":3},{\"SaveObjectNameId\":\"BunkerFoodAndDining.EntranceDoor\",\"SaveValue\":3}]}"}}