{"Version":"0.0.0","Data":{"GameState":"{\"Version\":\"0.0.0\",\"GameName\":\"Normal 7 Days 02:33:27\",\"SaveTime\":\"2023-12-28T01:16:55.2282745+01:00\",\"GameType\":\"Normal\",\"GameId\":\"8fc04d12-630f-4ef7-8010-5488d166fd2c\",\"GameDays\":7,\"GameHours\":2,\"GameMinutes\":34,\"GameSeconds\":18,\"GameMilliseconds\":261,\"CrashSite\":\"ocean\",\"NamedIntDatas\":[{\"SaveObjectNameId\":\"None\"},{\"SaveObjectNameId\":\"LuxuryBunker.HellDoorCaveEntrance\"},{\"SaveObjectNameId\":\"HangingTacticalGpsPickedUp\"},{\"SaveObjectNameId\":\"BuriedTacticalGpsPickedUp\"},{\"SaveObjectNameId\":\"RaftTacticalGpsPickeUp\",\"SaveValue\":1},{\"SaveObjectNameId\":\"BunkerA.EntranceHatch\"},{\"SaveObjectNameId\":\"BunkerB.EntranceHatch\"},{\"SaveObjectNameId\":\"BunkerC.EntranceHatch\"},{\"SaveObjectNameId\":\"CaveA.BoardsA\",\"SaveValue\":1},{\"SaveObjectNameId\":\"CaveA.BoardsB\",\"SaveValue\":1},{\"SaveObjectNameId\":\"EntertainmentBunker.EntranceDoor\"},{\"SaveObjectNameId\":\"EntertainmentBunker.ExitDoor\"},{\"SaveObjectNameId\":\"EntertainmentBunker.ComputerRoomDoor\"},{\"SaveObjectNameId\":\"CaveB.BoardsB\"},{\"SaveObjectNameId\":\"CaveB.Sluggy\",\"SaveValue\":3},{\"SaveObjectNameId\":\"CaveB.BoardsA\",\"SaveValue\":1}]}"}}