{"Version":"0.0.0","Data":{"GameState":"{\"Version\":\"0.0.0\",\"GameName\":\"Normal 8 Days 16:40:21\",\"SaveTime\":\"2024-01-07T17:58:59.5754075+01:00\",\"GameType\":\"Normal\",\"GameId\":\"8fc04d12-630f-4ef7-8010-5488d166fd2c\",\"GameDays\":8,\"GameHours\":16,\"GameMinutes\":40,\"GameSeconds\":29,\"GameMilliseconds\":450,\"CrashSite\":\"ocean\",\"NamedIntDatas\":[{\"SaveObjectNameId\":\"None\"},{\"SaveObjectNameId\":\"LuxuryBunker.HellDoorCaveEntrance\"},{\"SaveObjectNameId\":\"HangingTacticalGpsPickedUp\"},{\"SaveObjectNameId\":\"BuriedTacticalGpsPickedUp\"},{\"SaveObjectNameId\":\"RaftTacticalGpsPickeUp\",\"SaveValue\":1},{\"SaveObjectNameId\":\"BunkerA.EntranceHatch\"},{\"SaveObjectNameId\":\"BunkerB.EntranceHatch\"},{\"SaveObjectNameId\":\"BunkerC.EntranceHatch\"},{\"SaveObjectNameId\":\"CaveA.BoardsA\",\"SaveValue\":1},{\"SaveObjectNameId\":\"CaveA.BoardsB\",\"SaveValue\":1},{\"SaveObjectNameId\":\"EntertainmentBunker.EntranceDoor\"},{\"SaveObjectNameId\":\"EntertainmentBunker.ExitDoor\"},{\"SaveObjectNameId\":\"EntertainmentBunker.ComputerRoomDoor\"},{\"SaveObjectNameId\":\"CaveB.BoardsB\"},{\"SaveObjectNameId\":\"CaveB.Sluggy\",\"SaveValue\":3},{\"SaveObjectNameId\":\"CaveB.BoardsA\",\"SaveValue\":1}]}"}}