{"Version":"0.0.0","Data":{"PlayerInventory":"{\"Version\":\"0.0.0\",\"QuickSelect\":{\"Version\":\"0.0.0\",\"Slots\":[{\"ItemId\":379,\"Age\":78.56725},{\"ItemId\":443,\"Age\":78.56725},{\"ItemId\":393,\"Age\":78.56725},{\"ItemId\":430,\"Age\":78.56725},{\"ItemId\":438,\"Age\":78.56725},{\"ItemId\":476,\"Age\":78.56725},{\"ItemId\":440,\"Age\":78.56725},{\"ItemId\":418,\"Age\":78.56725},{\"ItemId\":589,\"Age\":78.56725}]},\"EquippedItems\":[{\"ItemId\":379,\"Modules\":[{\"Version\":\"0.0.0\"},{\"Version\":\"0.0.0\",\"ModuleId\":8}]},{\"ItemId\":444,\"Modules\":[{\"RecipeId\":-1,\"CurrentVolume\":349,\"Version\":\"0.0.0\",\"ModuleId\":7}]}],\"ItemInstanceManagerData\":{\"Version\":\"0.0.0\",\"ItemBlocks\":[{\"ItemId\":402,\"TotalCount\":1,\"UniqueItems\":[{\"Modules\":[{\"Version\":\"0.0.0\"}]}]},{\"ItemId\":380,\"TotalCount\":1,\"UniqueItems\":[{\"Modules\":[{\"Version\":\"0.0.0\"}]}]},{\"ItemId\":351,\"TotalCount\":1,\"UniqueItems\":[]},{\"ItemId\":552,\"TotalCount\":1,\"UniqueItems\":[]},{\"ItemId\":690,\"TotalCount\":1,\"UniqueItems\":[]},{\"ItemId\":486,\"TotalCount\":1,\"UniqueItems\":[]},{\"ItemId\":476,\"TotalCount\":18,\"UniqueItems\":[]},{\"ItemId\":393,\"TotalCount\":8,\"UniqueItems\":[]},{\"ItemId\":412,\"TotalCount\":1,\"UniqueItems\":[]},{\"ItemId\":413,\"TotalCount\":1,\"UniqueItems\":[]},{\"ItemId\":589,\"TotalCount\":1,\"UniqueItems\":[]},{\"ItemId\":362,\"TotalCount\":71,\"UniqueItems\":[]},{\"ItemId\":387,\"TotalCount\":7,\"UniqueItems\":[]},{\"ItemId\":440,\"TotalCount\":9,\"UniqueItems\":[]},{\"ItemId\":504,\"TotalCount\":5,\"UniqueItems\":[]},{\"ItemId\":390,\"TotalCount\":949,\"UniqueItems\":[]},{\"ItemId\":392,\"TotalCount\":13,\"UniqueItems\":[]},{\"ItemId\":414,\"TotalCount\":5,\"UniqueItems\":[]},{\"ItemId\":484,\"TotalCount\":1000,\"UniqueItems\":[]},{\"ItemId\":599,\"TotalCount\":20,\"UniqueItems\":[]},{\"ItemId\":430,\"TotalCount\":3,\"UniqueItems\":[]},{\"ItemId\":469,\"TotalCount\":3,\"UniqueItems\":[]},{\"ItemId\":613,\"TotalCount\":1,\"UniqueItems\":[]},{\"ItemId\":353,\"TotalCount\":1,\"UniqueItems\":[{\"Modules\":[{\"AmmoType\":369,\"WeaponModIds\":[],\"Version\":\"0.0.0\",\"ModuleId\":4}]}]},{\"ItemId\":405,\"TotalCount\":14,\"UniqueItems\":[]},{\"ItemId\":438,\"TotalCount\":6,\"UniqueItems\":[]},{\"ItemId\":415,\"TotalCount\":19,\"UniqueItems\":[]},{\"ItemId\":410,\"TotalCount\":19,\"UniqueItems\":[]},{\"ItemId\":418,\"TotalCount\":25,\"UniqueItems\":[]},{\"ItemId\":506,\"TotalCount\":3,\"UniqueItems\":[]},{\"ItemId\":650,\"TotalCount\":1,\"UniqueItems\":[]},{\"ItemId\":558,\"TotalCount\":1,\"UniqueItems\":[]},{\"ItemId\":341,\"TotalCount\":1,\"UniqueItems\":[]},{\"ItemId\":441,\"TotalCount\":1,\"UniqueItems\":[]},{\"ItemId\":635,\"TotalCount\":8,\"UniqueItems\":[]},{\"ItemId\":523,\"TotalCount\":4,\"UniqueItems\":[]},{\"ItemId\":634,\"TotalCount\":3,\"UniqueItems\":[]},{\"ItemId\":590,\"TotalCount\":1,\"UniqueItems\":[]},{\"ItemId\":454,\"TotalCount\":1,\"UniqueItems\":[]},{\"ItemId\":496,\"TotalCount\":234,\"UniqueItems\":[]},{\"ItemId\":403,\"TotalCount\":10,\"UniqueItems\":[]},{\"ItemId\":373,\"TotalCount\":17,\"UniqueItems\":[{\"Modules\":[{\"Version\":\"0.0.0\",\"ModuleId\":9}]},{\"Modules\":[{\"Version\":\"0.0.0\",\"ModuleId\":9}]},{\"Modules\":[{\"Version\":\"0.0.0\",\"ModuleId\":9}]},{\"Modules\":[{\"Version\":\"0.0.0\",\"ModuleId\":9}]},{\"Modules\":[{\"Version\":\"0.0.0\",\"ModuleId\":9}]},{\"Modules\":[{\"Version\":\"0.0.0\",\"ModuleId\":9}]},{\"Modules\":[{\"Version\":\"0.0.0\",\"ModuleId\":9}]},{\"Modules\":[{\"Version\":\"0.0.0\",\"ModuleId\":9}]},{\"Modules\":[{\"Version\":\"0.0.0\",\"ModuleId\":9}]},{\"Modules\":[{\"Version\":\"0.0.0\",\"ModuleId\":9}]},{\"Modules\":[{\"Version\":\"0.0.0\",\"ModuleId\":9}]},{\"Modules\":[{\"Version\":\"0.0.0\",\"ModuleId\":9}]},{\"Modules\":[{\"Version\":\"0.0.0\",\"ModuleId\":9}]},{\"Modules\":[{\"Version\":\"0.0.0\",\"ModuleId\":9}]},{\"Modules\":[{\"Version\":\"0.0.0\",\"ModuleId\":9}]},{\"Modules\":[{\"Version\":\"0.0.0\",\"ModuleId\":9}]},{\"Modules\":[{\"Version\":\"0.0.0\",\"ModuleId\":9}]}]},{\"ItemId\":597,\"TotalCount\":1,\"UniqueItems\":[]},{\"ItemId\":604,\"TotalCount\":10,\"UniqueItems\":[]},{\"ItemId\":527,\"TotalCount\":6,\"UniqueItems\":[]},{\"ItemId\":600,\"TotalCount\":2,\"UniqueItems\":[]},{\"ItemId\":661,\"TotalCount\":2,\"UniqueItems\":[]},{\"ItemId\":446,\"TotalCount\":7,\"UniqueItems\":[]},{\"ItemId\":605,\"TotalCount\":2,\"UniqueItems\":[]},{\"ItemId\":603,\"TotalCount\":1,\"UniqueItems\":[]},{\"ItemId\":419,\"TotalCount\":11,\"UniqueItems\":[]},{\"ItemId\":477,\"TotalCount\":1,\"UniqueItems\":[{\"Modules\":[{\"Version\":\"0.0.0\"},{\"Version\":\"0.0.0\",\"ModuleId\":8}]}]},{\"ItemId\":369,\"TotalCount\":8,\"UniqueItems\":[]},{\"ItemId\":434,\"TotalCount\":6,\"UniqueItems\":[]},{\"ItemId\":502,\"TotalCount\":60,\"UniqueItems\":[]},{\"ItemId\":503,\"TotalCount\":1,\"UniqueItems\":[{\"Modules\":[{\"Version\":\"0.0.0\"}]}]},{\"ItemId\":666,\"TotalCount\":1,\"UniqueItems\":[]},{\"ItemId\":662,\"TotalCount\":1,\"UniqueItems\":[]},{\"ItemId\":495,\"TotalCount\":2,\"UniqueItems\":[]},{\"ItemId\":449,\"TotalCount\":1,\"UniqueItems\":[]},{\"ItemId\":364,\"TotalCount\":6,\"UniqueItems\":[]},{\"ItemId\":517,\"TotalCount\":1,\"UniqueItems\":[{\"Modules\":[{\"RecipeId\":-752923139,\"CurrentVolume\":2000,\"Version\":\"0.0.0\",\"ModuleId\":7}]}]},{\"ItemId\":355,\"TotalCount\":1,\"UniqueItems\":[{\"Modules\":[{\"Version\":\"0.0.0\"},{\"Version\":\"0.0.0\",\"ModuleId\":8},{\"AmmoType\":362,\"CurrentAmmo\":12,\"WeaponModIds\":[608885360],\"Version\":\"0.0.0\",\"ModuleId\":4}]}]},{\"ItemId\":529,\"TotalCount\":2,\"UniqueItems\":[{\"Modules\":[{\"IconIndex\":7,\"Version\":\"0.0.0\",\"ModuleId\":2}]},{\"Modules\":[{\"Version\":\"0.0.0\",\"ModuleId\":2}]}]},{\"ItemId\":479,\"TotalCount\":10,\"UniqueItems\":[]},{\"ItemId\":416,\"TotalCount\":1,\"UniqueItems\":[]},{\"ItemId\":575,\"TotalCount\":1,\"UniqueItems\":[]},{\"ItemId\":368,\"TotalCount\":10,\"UniqueItems\":[]},{\"ItemId\":618,\"TotalCount\":16,\"UniqueItems\":[{\"Modules\":[{\"Version\":\"0.0.0\",\"ModuleId\":9}]},{\"Modules\":[{\"Version\":\"0.0.0\",\"ModuleId\":9}]},{\"Modules\":[{\"Version\":\"0.0.0\",\"ModuleId\":9}]},{\"Modules\":[{\"Version\":\"0.0.0\",\"ModuleId\":9}]},{\"Modules\":[{\"Version\":\"0.0.0\",\"ModuleId\":9}]},{\"Modules\":[{\"Version\":\"0.0.0\",\"ModuleId\":9}]},{\"Modules\":[{\"Version\":\"0.0.0\",\"ModuleId\":9}]},{\"Modules\":[{\"Version\":\"0.0.0\",\"ModuleId\":9}]},{\"Modules\":[{\"Version\":\"0.0.0\",\"ModuleId\":9}]},{\"Modules\":[{\"Version\":\"0.0.0\",\"ModuleId\":9}]},{\"Modules\":[{\"Version\":\"0.0.0\",\"ModuleId\":9}]},{\"Modules\":[{\"Version\":\"0.0.0\",\"ModuleId\":9}]},{\"Modules\":[{\"Version\":\"0.0.0\",\"ModuleId\":9}]},{\"Modules\":[{\"Version\":\"0.0.0\",\"ModuleId\":9}]},{\"Modules\":[{\"Version\":\"0.0.0\",\"ModuleId\":9}]},{\"Modules\":[{\"Version\":\"0.0.0\",\"ModuleId\":9}]}]},{\"ItemId\":426,\"TotalCount\":1,\"UniqueItems\":[{\"Modules\":[{\"RecipeId\":-1,\"Version\":\"0.0.0\",\"ModuleId\":7}]}]},{\"ItemId\":657,\"TotalCount\":1,\"UniqueItems\":[]},{\"ItemId\":396,\"TotalCount\":1,\"UniqueItems\":[{\"Modules\":[{\"RecipeId\":-1,\"CurrentVolume\":85,\"Version\":\"0.0.0\",\"ModuleId\":7},{\"Version\":\"0.0.0\"}]}]},{\"ItemId\":545,\"TotalCount\":1,\"UniqueItems\":[]},{\"ItemId\":363,\"TotalCount\":12,\"UniqueItems\":[]},{\"ItemId\":468,\"TotalCount\":1,\"UniqueItems\":[{\"Modules\":[{\"Version\":\"0.0.0\",\"ModuleId\":8}]}]},{\"ItemId\":521,\"TotalCount\":1,\"UniqueItems\":[]},{\"ItemId\":612,\"TotalCount\":1,\"UniqueItems\":[]},{\"ItemId\":453,\"TotalCount\":6,\"UniqueItems\":[]},{\"ItemId\":601,\"TotalCount\":2,\"UniqueItems\":[]},{\"ItemId\":522,\"TotalCount\":1,\"UniqueItems\":[{\"Modules\":[{\"AmmoType\":523,\"CurrentAmmo\":1,\"WeaponModIds\":[],\"Version\":\"0.0.0\",\"ModuleId\":4}]}]},{\"ItemId\":596,\"TotalCount\":2,\"UniqueItems\":[]},{\"ItemId\":420,\"TotalCount\":2,\"UniqueItems\":[]},{\"ItemId\":381,\"TotalCount\":5,\"UniqueItems\":[]},{\"ItemId\":437,\"TotalCount\":5,\"UniqueItems\":[]},{\"ItemId\":474,\"TotalCount\":1,\"UniqueItems\":[{\"Modules\":[{\"Version\":\"0.0.0\"}]}]},{\"ItemId\":439,\"TotalCount\":3,\"UniqueItems\":[]},{\"ItemId\":445,\"TotalCount\":4,\"UniqueItems\":[]},{\"ItemId\":421,\"TotalCount\":3,\"UniqueItems\":[]},{\"ItemId\":447,\"TotalCount\":5,\"UniqueItems\":[]},{\"ItemId\":508,\"TotalCount\":1,\"UniqueItems\":[]},{\"ItemId\":443,\"TotalCount\":1,\"UniqueItems\":[{\"Modules\":[{\"AmmoType\":618,\"CurrentAmmo\":1,\"WeaponModIds\":[],\"Version\":\"0.0.0\",\"ModuleId\":4}]}]},{\"ItemId\":376,\"TotalCount\":1,\"UniqueItems\":[]},{\"ItemId\":466,\"TotalCount\":1,\"UniqueItems\":[]},{\"ItemId\":433,\"TotalCount\":1,\"UniqueItems\":[{\"Modules\":[{\"CurrentState\":1,\"TimeRemainingInState\":80289.91,\"Version\":\"0.0.0\",\"ModuleId\":3}]}]},{\"ItemId\":465,\"TotalCount\":1,\"UniqueItems\":[]}]}}"}}