{"Version":"0.0.0","Data":{"PlayerState":"{\"_entries\":[{\"Name\":\"isNewItemInInventory_00000437\"},{\"Name\":\"consumed.00000437\",\"SettingType\":1,\"IntValue\":3},{\"Name\":\"isNewItemInInventory_00000483\"},{\"Name\":\"crafted.00000379\",\"SettingType\":1,\"IntValue\":1},{\"Name\":\"crafted.00000412\",\"SettingType\":1,\"IntValue\":1},{\"Name\":\"crafted.00000413\",\"SettingType\":1,\"IntValue\":1},{\"Name\":\"crafted.00000589\",\"SettingType\":1,\"IntValue\":1},{\"Name\":\"isNewCraftingRecipe_StartingEmergencyPackRecipe\"},{\"Name\":\"isNewItemInInventory_00000402\"},{\"Name\":\"hasOwned_00000402\",\"BoolValue\":true},{\"Name\":\"seenFirstTimeEquip_00000379\",\"BoolValue\":true},{\"Name\":\"GotTutorialTarp\",\"BoolValue\":true},{\"Name\":\"InventoryLightsActive\"},{\"Name\":\"seenFirstTimeEquip_00000589\",\"BoolValue\":true},{\"Name\":\"ShowMissingTacticalsTutorial\"},{\"Name\":\"ShowMissingPufftonsTutorial\"},{\"Name\":\"seenFirstTimeEquip_00000412\",\"BoolValue\":true},{\"Name\":\"seenFirstTimeEquip_00000486\",\"BoolValue\":true},{\"Name\":\"seenFirstTimeEquip_00000413\",\"BoolValue\":true},{\"Name\":\"isNewCraftingRecipeTutorial_CraftedSpearRecipe\"},{\"Name\":\"consumed.00000445\",\"SettingType\":1,\"IntValue\":3},{\"Name\":\"isNewItemInInventory_00000379\"},{\"Name\":\"isNewItemInInventory_00000392\"},{\"Name\":\"isNewItemInInventory_00000380\"},{\"Name\":\"isNewItemInInventory_00000393\"},{\"Name\":\"isNewItemInInventory_00000419\"},{\"Name\":\"crafted.00000474\",\"SettingType\":1,\"IntValue\":1},{\"Name\":\"isNewCraftingRecipe_CraftedSpearRecipe\"},{\"Name\":\"isNewItemInInventory_00000474\"},{\"Name\":\"isNewItemInInventory_00000486\"},{\"Name\":\"isNewItemInInventory_00000420\"},{\"Name\":\"isNewItemInInventory_00000412\"},{\"Name\":\"isNewItemInInventory_00000504\"},{\"Name\":\"Strength\",\"SettingType\":2,\"FloatValue\":0.8285516},{\"Name\":\"StrengthLevel\",\"SettingType\":1,\"IntValue\":2},{\"Name\":\"CurrentStrength\",\"SettingType\":2,\"FloatValue\":10.0},{\"Name\":\"RequiredCurrentStrengthPerLevel\",\"SettingType\":2,\"FloatValue\":1206.92542},{\"Name\":\"MaxHealth\",\"SettingType\":2,\"FloatValue\":102.0},{\"Name\":\"CurrentHealth\",\"SettingType\":2,\"FloatValue\":70.0},{\"Name\":\"TargetHealth\",\"SettingType\":2,\"FloatValue\":70.0},{\"Name\":\"Hydration\",\"SettingType\":2,\"FloatValue\":73.0117},{\"Name\":\"Fullness\",\"SettingType\":2,\"FloatValue\":22.8910751},{\"Name\":\"Rest\",\"SettingType\":2,\"FloatValue\":52.3111954},{\"Name\":\"Stamina\",\"SettingType\":2,\"FloatValue\":56.0189247},{\"Name\":\"HydrationBuff\",\"SettingType\":2,\"FloatValue\":-1.87630224},{\"Name\":\"FullnessBuff\",\"SettingType\":2,\"FloatValue\":-1.87627363},{\"Name\":\"RestBuff\",\"SettingType\":2,\"FloatValue\":-6.854534E-06},{\"Name\":\"CookingBuffTimeRemaining\",\"SettingType\":2},{\"Name\":\"CookingBuffRecipe\",\"SettingType\":1,\"IntValue\":-1},{\"Name\":\"player.position\",\"SettingType\":4,\"FloatArrayValue\":[-1185.43713,65.45553,134.577011]},{\"Name\":\"player.rotation\",\"SettingType\":4,\"FloatArrayValue\":[0.0,0.118817307,0.0,-0.992916167]},{\"Name\":\"player.areaMask\",\"SettingType\":1},{\"Name\":\"isNewItemInInventory_00000476\"},{\"Name\":\"isNewItemInInventory_00000413\"},{\"Name\":\"PointOfInterestFound_Bunker Entertainment\",\"BoolValue\":true},{\"Name\":\"isNewItemInInventory_00000440\"},{\"Name\":\"isNewItemInInventory_00000362\"},{\"Name\":\"isNewItemInInventory_00000387\"},{\"Name\":\"isNewItemInInventory_00000433\"},{\"Name\":\"isNewItemInInventory_00000589\"},{\"Name\":\"isNewItemInInventory_00000436\"},{\"Name\":\"isNewItemInInventory_00000381\"},{\"Name\":\"isNewItemInInventory_00000593\"},{\"Name\":\"seenFirstTimeEquip_00000353\",\"BoolValue\":true},{\"Name\":\"isNewItemInInventory_00000353\"},{\"Name\":\"isNewCraftingRecipeTutorial_LeafArmourRecipe\"},{\"Name\":\"isNewCraftingRecipeTutorial_MolotovRecipe\"},{\"Name\":\"isNewCraftingRecipeTutorial_TorchRecipe\"},{\"Name\":\"consumed.00000439\",\"SettingType\":1,\"IntValue\":2},{\"Name\":\"hasOwned_00000444\",\"BoolValue\":true},{\"Name\":\"seenFirstTimeEquip_00000444\",\"BoolValue\":true},{\"Name\":\"isNewItemInInventory_00000414\"},{\"Name\":\"isNewItemInInventory_00000415\"},{\"Name\":\"crafted.00000388\",\"SettingType\":1,\"IntValue\":3},{\"Name\":\"isNewCraftingRecipe_MolotovRecipe\"},{\"Name\":\"isNewItemInInventory_00000410\"},{\"Name\":\"isNewItemInInventory_00000418\"},{\"Name\":\"isNewItemInInventory_00000438\"},{\"Name\":\"isNewItemInInventory_00000466\"},{\"Name\":\"consumed.00000466\",\"SettingType\":1,\"IntValue\":3},{\"Name\":\"consumed.00000438\",\"SettingType\":1,\"IntValue\":1},{\"Name\":\"isNewItemInInventory_00000439\"},{\"Name\":\"consumed.00000433\",\"SettingType\":1,\"IntValue\":2},{\"Name\":\"isNewItemInInventory_00000390\"},{\"Name\":\"isNewItemInInventory_00000690\"},{\"Name\":\"isNewItemInInventory_00000484\"},{\"Name\":\"isNewItemInInventory_00000444\"},{\"Name\":\"isNewItemInInventory_00000506\"},{\"Name\":\"hasOwned_00000558\",\"BoolValue\":true},{\"Name\":\"isNewItemInInventory_00000523\"},{\"Name\":\"isNewItemInInventory_00000430\"},{\"Name\":\"isNewItemInInventory_00000480\"},{\"Name\":\"isNewItemInInventory_00000441\"},{\"Name\":\"isNewItemInInventory_00000341\"},{\"Name\":\"HasDismountedFromKnightVBefore\",\"BoolValue\":true},{\"Name\":\"isNewCraftingRecipeTutorial_CraftedAxeRecipe\"},{\"Name\":\"isNewCraftingRecipeTutorial_CraftedClubRecipe\"},{\"Name\":\"isNewCraftingRecipeTutorial_TacticalArrowFireUpgradeRecipe\"},{\"Name\":\"isNewItemInInventory_00000599\"},{\"Name\":\"TutorialBookPageIndex\",\"SettingType\":1,\"IntValue\":5},{\"Name\":\"SCREWBookLastUsed\",\"BoolValue\":true},{\"Name\":\"BlueprintBookPageIndex\",\"SettingType\":1,\"IntValue\":2},{\"Name\":\"isNewItemInInventory_00000661\"}],\"NamedInts\":[{\"SaveObjectNameId\":\"BunkerLuxury.Cutscene.MutantBossIntro\"},{\"SaveObjectNameId\":\"BunkerResidential.Cutscene.GetDownSon\"}]}"}}