{"Version":"0.0.0","Data":{"PlayerInventory":"{\"Version\":\"0.0.0\",\"QuickSelect\":{\"Version\":\"0.0.0\",\"Slots\":[{\"ItemId\":379,\"Age\":239.484787},{\"ItemId\":392,\"Age\":315.625671},{\"ItemId\":393,\"Age\":210.483673},{\"ItemId\":430,\"Age\":872.2225},{\"ItemId\":437,\"Age\":161.7143},{\"ItemId\":476,\"Age\":161.923019},{\"ItemId\":440,\"Age\":260.0397},{\"ItemId\":381,\"Age\":272.480225},{\"ItemId\":589}]},\"EquippedItems\":[{\"ItemId\":504,\"Modules\":[]},{\"ItemId\":444,\"Modules\":[{\"RecipeId\":-1,\"CurrentVolume\":673,\"Version\":\"0.0.0\",\"ModuleId\":7}]}],\"ItemInstanceManagerData\":{\"Version\":\"0.0.0\",\"ItemBlocks\":[{\"ItemId\":402,\"TotalCount\":1,\"UniqueItems\":[{\"Modules\":[{\"Version\":\"0.0.0\"}]}]},{\"ItemId\":380,\"TotalCount\":1,\"UniqueItems\":[{\"Modules\":[{\"Version\":\"0.0.0\"}]}]},{\"ItemId\":351,\"TotalCount\":1,\"UniqueItems\":[]},{\"ItemId\":552,\"TotalCount\":1,\"UniqueItems\":[]},{\"ItemId\":690,\"TotalCount\":1,\"UniqueItems\":[]},{\"ItemId\":486,\"TotalCount\":1,\"UniqueItems\":[]},{\"ItemId\":437,\"TotalCount\":3,\"UniqueItems\":[]},{\"ItemId\":476,\"TotalCount\":7,\"UniqueItems\":[]},{\"ItemId\":393,\"TotalCount\":10,\"UniqueItems\":[]},{\"ItemId\":412,\"TotalCount\":1,\"UniqueItems\":[]},{\"ItemId\":413,\"TotalCount\":1,\"UniqueItems\":[]},{\"ItemId\":379,\"TotalCount\":1,\"UniqueItems\":[{\"Modules\":[{\"Version\":\"0.0.0\"},{\"Version\":\"0.0.0\",\"ModuleId\":8}]}]},{\"ItemId\":589,\"TotalCount\":1,\"UniqueItems\":[]},{\"ItemId\":362,\"TotalCount\":16,\"UniqueItems\":[]},{\"ItemId\":387,\"TotalCount\":2,\"UniqueItems\":[]},{\"ItemId\":440,\"TotalCount\":1,\"UniqueItems\":[]},{\"ItemId\":504,\"TotalCount\":3,\"UniqueItems\":[]},{\"ItemId\":390,\"TotalCount\":400,\"UniqueItems\":[]},{\"ItemId\":420,\"TotalCount\":1,\"UniqueItems\":[]},{\"ItemId\":381,\"TotalCount\":2,\"UniqueItems\":[]},{\"ItemId\":392,\"TotalCount\":18,\"UniqueItems\":[]},{\"ItemId\":414,\"TotalCount\":1,\"UniqueItems\":[]},{\"ItemId\":484,\"TotalCount\":832,\"UniqueItems\":[]},{\"ItemId\":466,\"TotalCount\":2,\"UniqueItems\":[]},{\"ItemId\":599,\"TotalCount\":9,\"UniqueItems\":[]},{\"ItemId\":430,\"TotalCount\":3,\"UniqueItems\":[]},{\"ItemId\":469,\"TotalCount\":1,\"UniqueItems\":[]},{\"ItemId\":613,\"TotalCount\":1,\"UniqueItems\":[]},{\"ItemId\":433,\"TotalCount\":4,\"UniqueItems\":[{\"Modules\":[{\"CurrentState\":3,\"TimeRemainingInState\":-547.520264,\"Version\":\"0.0.0\",\"ModuleId\":3}]},{\"Modules\":[{\"CurrentState\":3,\"TimeRemainingInState\":-547.520264,\"Version\":\"0.0.0\",\"ModuleId\":3}]},{\"Modules\":[{\"CurrentState\":1,\"TimeRemainingInState\":65024.61,\"Version\":\"0.0.0\",\"ModuleId\":3}]},{\"Modules\":[{\"CurrentState\":1,\"TimeRemainingInState\":72148.46,\"Version\":\"0.0.0\",\"ModuleId\":3}]}]},{\"ItemId\":436,\"TotalCount\":3,\"UniqueItems\":[{\"Modules\":[{\"CurrentState\":3,\"TimeRemainingInState\":-547.9364,\"Version\":\"0.0.0\",\"ModuleId\":3}]},{\"Modules\":[{\"CurrentState\":3,\"TimeRemainingInState\":-547.9364,\"Version\":\"0.0.0\",\"ModuleId\":3}]},{\"Modules\":[{\"CurrentState\":1,\"TimeRemainingInState\":57410.54,\"Version\":\"0.0.0\",\"ModuleId\":3}]}]},{\"ItemId\":353,\"TotalCount\":1,\"UniqueItems\":[{\"Modules\":[{\"AmmoType\":369,\"WeaponModIds\":[],\"Version\":\"0.0.0\",\"ModuleId\":4}]}]},{\"ItemId\":480,\"TotalCount\":1,\"UniqueItems\":[{\"Modules\":[{\"Version\":\"0.0.0\",\"ModuleId\":1},{\"CurrentState\":3,\"TimeRemainingInState\":-544.013855,\"Version\":\"0.0.0\",\"ModuleId\":3},{\"Version\":\"0.0.0\"}]}]},{\"ItemId\":405,\"TotalCount\":6,\"UniqueItems\":[]},{\"ItemId\":438,\"TotalCount\":3,\"UniqueItems\":[]},{\"ItemId\":415,\"TotalCount\":1,\"UniqueItems\":[]},{\"ItemId\":410,\"TotalCount\":3,\"UniqueItems\":[]},{\"ItemId\":439,\"TotalCount\":2,\"UniqueItems\":[]},{\"ItemId\":418,\"TotalCount\":3,\"UniqueItems\":[]},{\"ItemId\":506,\"TotalCount\":3,\"UniqueItems\":[]},{\"ItemId\":650,\"TotalCount\":1,\"UniqueItems\":[]},{\"ItemId\":558,\"TotalCount\":1,\"UniqueItems\":[]},{\"ItemId\":341,\"TotalCount\":1,\"UniqueItems\":[]},{\"ItemId\":441,\"TotalCount\":1,\"UniqueItems\":[]},{\"ItemId\":635,\"TotalCount\":1,\"UniqueItems\":[]},{\"ItemId\":523,\"TotalCount\":2,\"UniqueItems\":[]},{\"ItemId\":634,\"TotalCount\":1,\"UniqueItems\":[]},{\"ItemId\":421,\"TotalCount\":2,\"UniqueItems\":[]},{\"ItemId\":590,\"TotalCount\":1,\"UniqueItems\":[]},{\"ItemId\":454,\"TotalCount\":2,\"UniqueItems\":[]},{\"ItemId\":496,\"TotalCount\":21,\"UniqueItems\":[]},{\"ItemId\":403,\"TotalCount\":3,\"UniqueItems\":[]},{\"ItemId\":373,\"TotalCount\":1,\"UniqueItems\":[{\"Modules\":[{\"Version\":\"0.0.0\",\"ModuleId\":9}]}]},{\"ItemId\":597,\"TotalCount\":1,\"UniqueItems\":[]},{\"ItemId\":604,\"TotalCount\":8,\"UniqueItems\":[]},{\"ItemId\":527,\"TotalCount\":1,\"UniqueItems\":[]},{\"ItemId\":600,\"TotalCount\":2,\"UniqueItems\":[]},{\"ItemId\":661,\"TotalCount\":1,\"UniqueItems\":[]}]}}"}}