{"Version":"0.0.0","Data":{"PlayerState":"{\"_entries\":[{\"Name\":\"isNewItemInInventory_00000437\"},{\"Name\":\"consumed.00000437\",\"SettingType\":1,\"IntValue\":35},{\"Name\":\"isNewItemInInventory_00000483\"},{\"Name\":\"crafted.00000379\",\"SettingType\":1,\"IntValue\":1},{\"Name\":\"crafted.00000412\",\"SettingType\":1,\"IntValue\":1},{\"Name\":\"crafted.00000413\",\"SettingType\":1,\"IntValue\":1},{\"Name\":\"crafted.00000589\",\"SettingType\":1,\"IntValue\":1},{\"Name\":\"isNewCraftingRecipe_StartingEmergencyPackRecipe\"},{\"Name\":\"isNewItemInInventory_00000402\"},{\"Name\":\"hasOwned_00000402\",\"BoolValue\":true},{\"Name\":\"seenFirstTimeEquip_00000379\",\"BoolValue\":true},{\"Name\":\"GotTutorialTarp\",\"BoolValue\":true},{\"Name\":\"InventoryLightsActive\"},{\"Name\":\"seenFirstTimeEquip_00000589\",\"BoolValue\":true},{\"Name\":\"ShowMissingTacticalsTutorial\"},{\"Name\":\"ShowMissingPufftonsTutorial\"},{\"Name\":\"seenFirstTimeEquip_00000412\",\"BoolValue\":true},{\"Name\":\"seenFirstTimeEquip_00000486\",\"BoolValue\":true},{\"Name\":\"seenFirstTimeEquip_00000413\",\"BoolValue\":true},{\"Name\":\"isNewCraftingRecipeTutorial_CraftedSpearRecipe\"},{\"Name\":\"consumed.00000445\",\"SettingType\":1,\"IntValue\":3},{\"Name\":\"isNewItemInInventory_00000379\"},{\"Name\":\"isNewItemInInventory_00000392\"},{\"Name\":\"isNewItemInInventory_00000380\"},{\"Name\":\"isNewItemInInventory_00000393\"},{\"Name\":\"isNewItemInInventory_00000419\"},{\"Name\":\"crafted.00000474\",\"SettingType\":1,\"IntValue\":1},{\"Name\":\"isNewCraftingRecipe_CraftedSpearRecipe\"},{\"Name\":\"isNewItemInInventory_00000474\"},{\"Name\":\"isNewItemInInventory_00000486\"},{\"Name\":\"isNewItemInInventory_00000420\"},{\"Name\":\"isNewItemInInventory_00000412\"},{\"Name\":\"isNewItemInInventory_00000504\"},{\"Name\":\"Strength\",\"SettingType\":2,\"FloatValue\":70.89894},{\"Name\":\"StrengthLevel\",\"SettingType\":1,\"IntValue\":8},{\"Name\":\"CurrentStrength\",\"SettingType\":2,\"FloatValue\":2858.413},{\"Name\":\"RequiredCurrentStrengthPerLevel\",\"SettingType\":2,\"FloatValue\":4031.67236},{\"Name\":\"MaxHealth\",\"SettingType\":2,\"FloatValue\":114.0},{\"Name\":\"CurrentHealth\",\"SettingType\":2,\"FloatValue\":92.0},{\"Name\":\"TargetHealth\",\"SettingType\":2,\"FloatValue\":92.0},{\"Name\":\"Hydration\",\"SettingType\":2,\"FloatValue\":62.50371},{\"Name\":\"Fullness\",\"SettingType\":2,\"FloatValue\":35.3921432},{\"Name\":\"Rest\",\"SettingType\":2,\"FloatValue\":71.9038544},{\"Name\":\"Stamina\",\"SettingType\":2,\"FloatValue\":61.5112724},{\"Name\":\"HydrationBuff\",\"SettingType\":2,\"FloatValue\":-0.225945145},{\"Name\":\"FullnessBuff\",\"SettingType\":2,\"FloatValue\":-23.8768349},{\"Name\":\"RestBuff\",\"SettingType\":2,\"FloatValue\":0.5597009},{\"Name\":\"CookingBuffTimeRemaining\",\"SettingType\":2},{\"Name\":\"CookingBuffRecipe\",\"SettingType\":1,\"IntValue\":-1},{\"Name\":\"player.position\",\"SettingType\":4,\"FloatArrayValue\":[-1353.548,94.27589,1405.99207]},{\"Name\":\"player.rotation\",\"SettingType\":4,\"FloatArrayValue\":[-6.60293153E-10,-0.6538232,-2.98023224E-08,0.7566474]},{\"Name\":\"player.areaMask\",\"SettingType\":1},{\"Name\":\"isNewItemInInventory_00000476\"},{\"Name\":\"isNewItemInInventory_00000413\"},{\"Name\":\"PointOfInterestFound_Bunker Entertainment\",\"BoolValue\":true},{\"Name\":\"isNewItemInInventory_00000440\"},{\"Name\":\"isNewItemInInventory_00000362\"},{\"Name\":\"isNewItemInInventory_00000387\"},{\"Name\":\"isNewItemInInventory_00000433\"},{\"Name\":\"isNewItemInInventory_00000589\"},{\"Name\":\"isNewItemInInventory_00000436\"},{\"Name\":\"isNewItemInInventory_00000381\"},{\"Name\":\"isNewItemInInventory_00000593\"},{\"Name\":\"seenFirstTimeEquip_00000353\",\"BoolValue\":true},{\"Name\":\"isNewItemInInventory_00000353\"},{\"Name\":\"isNewCraftingRecipeTutorial_LeafArmourRecipe\"},{\"Name\":\"isNewCraftingRecipeTutorial_MolotovRecipe\"},{\"Name\":\"isNewCraftingRecipeTutorial_TorchRecipe\"},{\"Name\":\"consumed.00000439\",\"SettingType\":1,\"IntValue\":19},{\"Name\":\"hasOwned_00000444\",\"BoolValue\":true},{\"Name\":\"seenFirstTimeEquip_00000444\",\"BoolValue\":true},{\"Name\":\"isNewItemInInventory_00000414\"},{\"Name\":\"isNewItemInInventory_00000415\"},{\"Name\":\"crafted.00000388\",\"SettingType\":1,\"IntValue\":7},{\"Name\":\"isNewCraftingRecipe_MolotovRecipe\"},{\"Name\":\"isNewItemInInventory_00000410\"},{\"Name\":\"isNewItemInInventory_00000418\"},{\"Name\":\"isNewItemInInventory_00000438\"},{\"Name\":\"isNewItemInInventory_00000466\"},{\"Name\":\"consumed.00000466\",\"SettingType\":1,\"IntValue\":15},{\"Name\":\"consumed.00000438\",\"SettingType\":1,\"IntValue\":21},{\"Name\":\"isNewItemInInventory_00000439\"},{\"Name\":\"consumed.00000433\",\"SettingType\":1,\"IntValue\":7},{\"Name\":\"isNewItemInInventory_00000390\"},{\"Name\":\"isNewItemInInventory_00000690\"},{\"Name\":\"isNewItemInInventory_00000484\"},{\"Name\":\"isNewItemInInventory_00000444\"},{\"Name\":\"isNewItemInInventory_00000506\"},{\"Name\":\"hasOwned_00000558\",\"BoolValue\":true},{\"Name\":\"isNewItemInInventory_00000523\"},{\"Name\":\"isNewItemInInventory_00000430\"},{\"Name\":\"isNewItemInInventory_00000480\"},{\"Name\":\"isNewItemInInventory_00000441\"},{\"Name\":\"isNewItemInInventory_00000341\"},{\"Name\":\"HasDismountedFromKnightVBefore\",\"BoolValue\":true},{\"Name\":\"isNewCraftingRecipeTutorial_CraftedAxeRecipe\"},{\"Name\":\"isNewCraftingRecipeTutorial_CraftedClubRecipe\"},{\"Name\":\"isNewCraftingRecipeTutorial_TacticalArrowFireUpgradeRecipe\"},{\"Name\":\"isNewItemInInventory_00000599\"},{\"Name\":\"TutorialBookPageIndex\",\"SettingType\":1,\"IntValue\":2},{\"Name\":\"SCREWBookLastUsed\"},{\"Name\":\"BlueprintBookPageIndex\",\"SettingType\":1,\"IntValue\":6},{\"Name\":\"isNewItemInInventory_00000661\"},{\"Name\":\"isNewCraftingRecipeTutorial_BoneArmourRecipe\"},{\"Name\":\"isNewCraftingRecipeTutorial_CraftedBowRecipe\"},{\"Name\":\"isNewItemInInventory_00000454\"},{\"Name\":\"isNewItemInInventory_00000508\"},{\"Name\":\"isNewItemInInventory_00000496\"},{\"Name\":\"consumed.00000436\",\"SettingType\":1,\"IntValue\":1},{\"Name\":\"isNewItemInInventory_00000421\"},{\"Name\":\"isNewItemInInventory_00000527\"},{\"Name\":\"isNewItemInInventory_00000403\"},{\"Name\":\"isNewItemInInventory_00000634\"},{\"Name\":\"isNewItemInInventory_00000604\"},{\"Name\":\"crafted.00000477\",\"SettingType\":1,\"IntValue\":1},{\"Name\":\"isNewCraftingRecipe_CraftedClubRecipe\"},{\"Name\":\"isNewItemInInventory_00000477\"},{\"Name\":\"isNewItemInInventory_00000405\"},{\"Name\":\"crafted.00000503\",\"SettingType\":1,\"IntValue\":1},{\"Name\":\"isNewCraftingRecipe_TorchRecipe\"},{\"Name\":\"DiscoverablePageUnlocked_666\",\"BoolValue\":true},{\"Name\":\"TorchWasLit\",\"BoolValue\":true},{\"Name\":\"isNewItemInInventory_00000503\"},{\"Name\":\"seenFirstTimeEquip_00000662\",\"BoolValue\":true},{\"Name\":\"consumed.00000421\",\"SettingType\":1,\"IntValue\":8},{\"Name\":\"isNewItemInInventory_00000434\"},{\"Name\":\"isNewItemInInventory_00000502\"},{\"Name\":\"isNewItemInInventory_00000369\"},{\"Name\":\"consumed.00000480\",\"SettingType\":1,\"IntValue\":1},{\"Name\":\"isNewItemInInventory_00000635\"},{\"Name\":\"crafted.00000443\",\"SettingType\":1,\"IntValue\":1},{\"Name\":\"isNewCraftingRecipe_CraftedBowRecipe\"},{\"Name\":\"isNewItemInInventory_00000662\"},{\"Name\":\"isNewItemInInventory_00000443\"},{\"Name\":\"isNewItemInInventory_00000446\"},{\"Name\":\"isNewItemInInventory_00000603\"},{\"Name\":\"hasOwned_00000495\",\"BoolValue\":true},{\"Name\":\"isNewCraftingRecipeTutorial_EnergyMixRecipe\"},{\"Name\":\"seenFirstTimeEquip_00000355\",\"BoolValue\":true},{\"Name\":\"isNewCraftingRecipeTutorial_CraftedArrowsRecipe\"},{\"Name\":\"isNewItemInInventory_00000479\"},{\"Name\":\"isNewItemInInventory_00000465\"},{\"Name\":\"isNewItemInInventory_00000449\"},{\"Name\":\"crafted.00000507\",\"SettingType\":1,\"IntValue\":4},{\"Name\":\"isNewCraftingRecipe_CraftedArrowsRecipe\"},{\"Name\":\"isNewCraftingRecipeTutorial_CraftedArrowFireUpgradeRecipe\"},{\"Name\":\"isNewCraftingRecipeTutorial_CraftedArrowExplosiveUpgradeRecipe\"},{\"Name\":\"isNewCraftingRecipeTutorial_CraftedArrowShockUpgradeRecipe\"},{\"Name\":\"isNewCraftingRecipeTutorial_TacticalArrowExplosiveUpgradeRecipe\"},{\"Name\":\"isNewCraftingRecipeTutorial_TacticalArrowShockUpgradeRecipe\"},{\"Name\":\"isNewCraftingRecipeTutorial_TimeBombRecipe\"},{\"Name\":\"seenFirstTimeEquip_00000575\",\"BoolValue\":true},{\"Name\":\"crafted.00000618\",\"SettingType\":1,\"IntValue\":84},{\"Name\":\"isNewCraftingRecipeTutorial_PrintedArrowExplosiveUpgradeRecipe\"},{\"Name\":\"isNewCraftingRecipeTutorial_PrintedArrowFireUpgradeRecipe\"},{\"Name\":\"isNewCraftingRecipeTutorial_PrintedArrowShockUpgradeRecipe\"},{\"Name\":\"crafted.00000426\",\"SettingType\":1,\"IntValue\":3},{\"Name\":\"crafted.00000657\",\"SettingType\":1,\"IntValue\":3},{\"Name\":\"isNewCraftingRecipeTutorial_GpsLocatorRecipe\"},{\"Name\":\"isNewItemInInventory_00000575\"},{\"Name\":\"isNewItemInInventory_00000481\"},{\"Name\":\"isNewItemInInventory_00000355\"},{\"Name\":\"isNewItemInInventory_00000590\"},{\"Name\":\"isNewItemInInventory_00000529\"},{\"Name\":\"isNewItemInInventory_00000657\"},{\"Name\":\"isNewItemInInventory_00000416\"},{\"Name\":\"crafted.00000529\",\"SettingType\":1,\"IntValue\":1},{\"Name\":\"isNewCraftingRecipe_GpsLocatorRecipe\"},{\"Name\":\"isNewItemInInventory_00000364\"},{\"Name\":\"isNewItemInInventory_00000618\"},{\"Name\":\"crafted.00000553\",\"SettingType\":1,\"IntValue\":2},{\"Name\":\"isNewCraftingRecipeTutorial_TechArmourRecipe\"},{\"Name\":\"isNewItemInInventory_00000400\"},{\"Name\":\"isNewItemInInventory_00000553\"},{\"Name\":\"crafted.00000554\",\"SettingType\":1,\"IntValue\":1},{\"Name\":\"isNewCraftingRecipe_TechArmourRecipe\"},{\"Name\":\"isNewItemInInventory_00000426\"},{\"Name\":\"crafted.00000466\",\"SettingType\":1,\"IntValue\":4},{\"Name\":\"crafted.00000419\",\"SettingType\":1,\"IntValue\":4},{\"Name\":\"crafted.00000502\",\"SettingType\":1,\"IntValue\":4},{\"Name\":\"crafted.00000496\",\"SettingType\":1,\"IntValue\":3},{\"Name\":\"isNewCraftingRecipe_LootPouchRecipe\"},{\"Name\":\"isNewItemInInventory_00000650\"},{\"Name\":\"isNewItemInInventory_00000469\"},{\"Name\":\"isNewItemInInventory_00000495\"},{\"Name\":\"isNewItemInInventory_00000600\"},{\"Name\":\"isNewItemInInventory_00000517\"},{\"Name\":\"consumed.00000517\",\"SettingType\":1,\"IntValue\":8},{\"Name\":\"seenFirstTimeEquip_00000396\",\"BoolValue\":true},{\"Name\":\"isNewItemInInventory_00000396\"},{\"Name\":\"seenFirstTimeEquip_00000468\",\"BoolValue\":true},{\"Name\":\"isNewItemInInventory_00000363\"},{\"Name\":\"isNewItemInInventory_00000417\"},{\"Name\":\"isNewItemInInventory_00000468\"},{\"Name\":\"crafted.00000417\",\"SettingType\":1,\"IntValue\":1},{\"Name\":\"isNewCraftingRecipe_TimeBombRecipe\"},{\"Name\":\"isNewItemInInventory_00000597\"},{\"Name\":\"isNewCraftingRecipeTutorial_EnergyMixPlusRecipe\"},{\"Name\":\"isNewItemInInventory_00000373\"},{\"Name\":\"isNewItemInInventory_00000368\"},{\"Name\":\"isNewCraftingRecipe_PrintedArrowFireUpgradeRecipe\"},{\"Name\":\"consumed.00000426\",\"SettingType\":1,\"IntValue\":4},{\"Name\":\"consumed.00000441\",\"SettingType\":1,\"IntValue\":6},{\"Name\":\"seenFirstTimeEquip_00000522\",\"BoolValue\":true},{\"Name\":\"isNewItemInInventory_00000453\"},{\"Name\":\"crafted.00000461\",\"SettingType\":1,\"IntValue\":1},{\"Name\":\"isNewCraftingRecipe_EnergyMixRecipe\"},{\"Name\":\"consumed.00000461\",\"SettingType\":1,\"IntValue\":1},{\"Name\":\"isNewItemInInventory_00000601\"},{\"Name\":\"StoryPageIndex\",\"SettingType\":1,\"IntValue\":3},{\"Name\":\"consumed.00000400\",\"SettingType\":1,\"IntValue\":1},{\"Name\":\"consumed.00000446\",\"SettingType\":1,\"IntValue\":1},{\"Name\":\"consumed.00000449\",\"SettingType\":1,\"IntValue\":1},{\"Name\":\"isNewItemInInventory_00000376\"},{\"Name\":\"crafted.00000355\",\"SettingType\":1,\"IntValue\":3},{\"Name\":\"isNewCraftingRecipe_CompactPistolRailModRecipe\"},{\"Name\":\"isNewItemInInventory_00000522\"},{\"Name\":\"isNewItemInInventory_00000605\"},{\"Name\":\"crafted.00000373\",\"SettingType\":1,\"IntValue\":20},{\"Name\":\"isNewCraftingRecipe_TacticalArrowFireUpgradeRecipe\"},{\"Name\":\"crafted.00000391\",\"SettingType\":1,\"IntValue\":3},{\"Name\":\"isNewCraftingRecipe_TacticalArrowShockUpgradeRecipe\"},{\"Name\":\"isNewItemInInventory_00000445\"},{\"Name\":\"seenFirstTimeEquip_00000391\",\"BoolValue\":true},{\"Name\":\"DoneBuildFireTutorial\",\"BoolValue\":true},{\"Name\":\"isNewItemInInventory_00000391\"},{\"Name\":\"hasOwned_00000491\",\"BoolValue\":true},{\"Name\":\"hasOwned_00000489\",\"BoolValue\":true},{\"Name\":\"hasOwned_00000501\",\"BoolValue\":true},{\"Name\":\"isNewItemInInventory_00000507\"},{\"Name\":\"PointOfInterestFound_Bunker A\",\"BoolValue\":true},{\"Name\":\"isNewItemInInventory_00000491\"},{\"Name\":\"isNewItemInInventory_00000378\"},{\"Name\":\"isNewCraftingRecipe_CompactPistolFlashlightModRecipe\"},{\"Name\":\"isNewItemInInventory_00000485\"},{\"Name\":\"isNewCraftingRecipeTutorial_FlashlightRechargeRecipe\"},{\"Name\":\"isNewItemInInventory_00000471\"},{\"Name\":\"hasOwned_00000499\",\"BoolValue\":true},{\"Name\":\"PointOfInterestFound_Bunker Food\",\"BoolValue\":true},{\"Name\":\"seenFirstTimeEquip_00000566\",\"BoolValue\":true},{\"Name\":\"hasOwned_00000492\",\"BoolValue\":true},{\"Name\":\"seenFirstTimeEquip_00000423\",\"BoolValue\":true},{\"Name\":\"isNewItemInInventory_00000356\"},{\"Name\":\"seenFirstTimeEquip_00000471\",\"BoolValue\":true},{\"Name\":\"isNewItemInInventory_00000459\"},{\"Name\":\"isNewItemInInventory_00000431\"},{\"Name\":\"isNewItemInInventory_00000425\"},{\"Name\":\"consumed.00000425\",\"SettingType\":1,\"IntValue\":3},{\"Name\":\"isNewItemInInventory_00000375\"},{\"Name\":\"crafted.00000560\",\"SettingType\":1,\"IntValue\":2},{\"Name\":\"hasOwned_00000572\",\"BoolValue\":true},{\"Name\":\"isNewItemInInventory_00000572\"},{\"Name\":\"isNewItemInInventory_00000499\"},{\"Name\":\"isNewItemInInventory_00000492\"},{\"Name\":\"isNewItemInInventory_00000467\"},{\"Name\":\"isNewItemInInventory_00000354\"},{\"Name\":\"HasBeenTiredBefore\",\"BoolValue\":true},{\"Name\":\"seenFirstTimeEquip_00000669\",\"BoolValue\":true},{\"Name\":\"isNewItemInInventory_00000669\"},{\"Name\":\"HasDismountedFromGolfCartBefore\",\"BoolValue\":true},{\"Name\":\"isNewCraftingRecipeTutorial_CatFoodRecipe\"},{\"Name\":\"isNewItemInInventory_00000432\"},{\"Name\":\"crafted.00000464\",\"SettingType\":1,\"IntValue\":2},{\"Name\":\"isNewCraftingRecipe_CatFoodRecipe\"},{\"Name\":\"consumed.00000464\",\"SettingType\":1,\"IntValue\":2},{\"Name\":\"isNewItemInInventory_00000452\"},{\"Name\":\"isNewItemInInventory_00000447\"},{\"Name\":\"isNewItemInInventory_00000596\"},{\"Name\":\"isNewItemInInventory_00000566\"},{\"Name\":\"isNewItemInInventory_00000606\"},{\"Name\":\"isNewCraftingRecipeTutorial_HealthMixRecipe\"},{\"Name\":\"isNewItemInInventory_00000451\"},{\"Name\":\"crafted.00000455\",\"SettingType\":1,\"IntValue\":1},{\"Name\":\"isNewCraftingRecipe_HealthMixRecipe\"},{\"Name\":\"crafted.00000494\",\"SettingType\":1,\"IntValue\":1},{\"Name\":\"isNewCraftingRecipe_BoneArmourRecipe\"},{\"Name\":\"crafted.00000437\",\"SettingType\":1,\"IntValue\":2},{\"Name\":\"crafted.00000476\",\"SettingType\":1,\"IntValue\":1},{\"Name\":\"crafted.00000441\",\"SettingType\":1,\"IntValue\":3},{\"Name\":\"crafted.00000363\",\"SettingType\":1,\"IntValue\":1},{\"Name\":\"crafted.00000415\",\"SettingType\":1,\"IntValue\":1},{\"Name\":\"crafted.00000439\",\"SettingType\":1,\"IntValue\":1},{\"Name\":\"crafted.00000418\",\"SettingType\":1,\"IntValue\":2},{\"Name\":\"crafted.00000448\",\"SettingType\":1,\"IntValue\":1},{\"Name\":\"seenFirstTimeEquip_00000365\",\"BoolValue\":true},{\"Name\":\"isNewItemInInventory_00000365\"},{\"Name\":\"crafted.00000376\",\"SettingType\":1,\"IntValue\":1},{\"Name\":\"crafted.00000374\",\"SettingType\":1,\"IntValue\":1},{\"Name\":\"crafted.00000378\",\"SettingType\":1,\"IntValue\":2},{\"Name\":\"crafted.00000377\",\"SettingType\":1,\"IntValue\":2},{\"Name\":\"crafted.00000375\",\"SettingType\":1,\"IntValue\":2},{\"Name\":\"isNewCraftingRecipe_CompactPistolDismantleModsRecipe\"},{\"Name\":\"crafted.00000365\",\"SettingType\":1,\"IntValue\":3},{\"Name\":\"isNewCraftingRecipe_CrossbowLaserSightModRecipe\"},{\"Name\":\"isNewCraftingRecipe_CrossbowDismantleModsRecipe\"},{\"Name\":\"isNewCraftingRecipe_CrossbowFlashlightModRecipe\"},{\"Name\":\"PointOfInterestFound_Bunker Residential\",\"BoolValue\":true},{\"Name\":\"seenFirstTimeEquip_00000568\",\"BoolValue\":true},{\"Name\":\"isNewItemInInventory_00000462\"},{\"Name\":\"isNewItemInInventory_00000571\"},{\"Name\":\"consumed.00000571\",\"SettingType\":1,\"IntValue\":3},{\"Name\":\"isNewItemInInventory_00000570\"},{\"Name\":\"consumed.00000570\",\"SettingType\":1,\"IntValue\":1},{\"Name\":\"isNewItemInInventory_00000569\"},{\"Name\":\"hasOwned_00000556\",\"BoolValue\":true},{\"Name\":\"isNewItemInInventory_00000455\"},{\"Name\":\"hasOwned_00000490\",\"BoolValue\":true},{\"Name\":\"seenFirstTimeEquip_00000358\",\"BoolValue\":true},{\"Name\":\"consumed.00000455\",\"SettingType\":1,\"IntValue\":1},{\"Name\":\"isNewItemInInventory_00000490\"},{\"Name\":\"isNewItemInInventory_00000448\"}],\"NamedInts\":[{\"SaveObjectNameId\":\"BunkerLuxury.Cutscene.MutantBossIntro\"},{\"SaveObjectNameId\":\"BunkerResidential.Cutscene.GetDownSon\"}]}"}}