{"Version":"0.0.0","Data":{"PlayerState":"{\"_entries\":[{\"Name\":\"isNewItemInInventory_00000437\"},{\"Name\":\"consumed.00000437\",\"SettingType\":1,\"IntValue\":23},{\"Name\":\"isNewItemInInventory_00000483\"},{\"Name\":\"crafted.00000379\",\"SettingType\":1,\"IntValue\":1},{\"Name\":\"crafted.00000412\",\"SettingType\":1,\"IntValue\":1},{\"Name\":\"crafted.00000413\",\"SettingType\":1,\"IntValue\":1},{\"Name\":\"crafted.00000589\",\"SettingType\":1,\"IntValue\":1},{\"Name\":\"isNewCraftingRecipe_StartingEmergencyPackRecipe\"},{\"Name\":\"isNewItemInInventory_00000402\"},{\"Name\":\"hasOwned_00000402\",\"BoolValue\":true},{\"Name\":\"seenFirstTimeEquip_00000379\",\"BoolValue\":true},{\"Name\":\"GotTutorialTarp\",\"BoolValue\":true},{\"Name\":\"InventoryLightsActive\"},{\"Name\":\"seenFirstTimeEquip_00000589\",\"BoolValue\":true},{\"Name\":\"ShowMissingTacticalsTutorial\"},{\"Name\":\"ShowMissingPufftonsTutorial\"},{\"Name\":\"seenFirstTimeEquip_00000412\",\"BoolValue\":true},{\"Name\":\"seenFirstTimeEquip_00000486\",\"BoolValue\":true},{\"Name\":\"seenFirstTimeEquip_00000413\",\"BoolValue\":true},{\"Name\":\"isNewCraftingRecipeTutorial_CraftedSpearRecipe\"},{\"Name\":\"consumed.00000445\",\"SettingType\":1,\"IntValue\":3},{\"Name\":\"isNewItemInInventory_00000379\"},{\"Name\":\"isNewItemInInventory_00000392\"},{\"Name\":\"isNewItemInInventory_00000380\"},{\"Name\":\"isNewItemInInventory_00000393\"},{\"Name\":\"isNewItemInInventory_00000419\"},{\"Name\":\"crafted.00000474\",\"SettingType\":1,\"IntValue\":1},{\"Name\":\"isNewCraftingRecipe_CraftedSpearRecipe\"},{\"Name\":\"isNewItemInInventory_00000474\"},{\"Name\":\"isNewItemInInventory_00000486\"},{\"Name\":\"isNewItemInInventory_00000420\"},{\"Name\":\"isNewItemInInventory_00000412\"},{\"Name\":\"isNewItemInInventory_00000504\"},{\"Name\":\"Strength\",\"SettingType\":2,\"FloatValue\":21.9941425},{\"Name\":\"StrengthLevel\",\"SettingType\":1,\"IntValue\":7},{\"Name\":\"CurrentStrength\",\"SettingType\":2,\"FloatValue\":737.759766},{\"Name\":\"RequiredCurrentStrengthPerLevel\",\"SettingType\":2,\"FloatValue\":3354.34668},{\"Name\":\"MaxHealth\",\"SettingType\":2,\"FloatValue\":112.0},{\"Name\":\"CurrentHealth\",\"SettingType\":2,\"FloatValue\":106.0},{\"Name\":\"TargetHealth\",\"SettingType\":2,\"FloatValue\":106.0},{\"Name\":\"Hydration\",\"SettingType\":2,\"FloatValue\":98.11983},{\"Name\":\"Fullness\",\"SettingType\":2,\"FloatValue\":96.03017},{\"Name\":\"Rest\",\"SettingType\":2,\"FloatValue\":96.44941},{\"Name\":\"Stamina\",\"SettingType\":2,\"FloatValue\":97.21953},{\"Name\":\"HydrationBuff\",\"SettingType\":2,\"FloatValue\":-0.0396982729},{\"Name\":\"FullnessBuff\",\"SettingType\":2,\"FloatValue\":-17.4013176},{\"Name\":\"RestBuff\",\"SettingType\":2,\"FloatValue\":0.185125038},{\"Name\":\"CookingBuffTimeRemaining\",\"SettingType\":2},{\"Name\":\"CookingBuffRecipe\",\"SettingType\":1,\"IntValue\":-1},{\"Name\":\"player.position\",\"SettingType\":4,\"FloatArrayValue\":[-591.2376,94.27164,575.4424]},{\"Name\":\"player.rotation\",\"SettingType\":4,\"FloatArrayValue\":[2.04890966E-08,0.0550512448,0.0,-0.9984836]},{\"Name\":\"player.areaMask\",\"SettingType\":1},{\"Name\":\"isNewItemInInventory_00000476\"},{\"Name\":\"isNewItemInInventory_00000413\"},{\"Name\":\"PointOfInterestFound_Bunker Entertainment\",\"BoolValue\":true},{\"Name\":\"isNewItemInInventory_00000440\"},{\"Name\":\"isNewItemInInventory_00000362\"},{\"Name\":\"isNewItemInInventory_00000387\"},{\"Name\":\"isNewItemInInventory_00000433\"},{\"Name\":\"isNewItemInInventory_00000589\"},{\"Name\":\"isNewItemInInventory_00000436\"},{\"Name\":\"isNewItemInInventory_00000381\"},{\"Name\":\"isNewItemInInventory_00000593\"},{\"Name\":\"seenFirstTimeEquip_00000353\",\"BoolValue\":true},{\"Name\":\"isNewItemInInventory_00000353\"},{\"Name\":\"isNewCraftingRecipeTutorial_LeafArmourRecipe\"},{\"Name\":\"isNewCraftingRecipeTutorial_MolotovRecipe\"},{\"Name\":\"isNewCraftingRecipeTutorial_TorchRecipe\"},{\"Name\":\"consumed.00000439\",\"SettingType\":1,\"IntValue\":10},{\"Name\":\"hasOwned_00000444\",\"BoolValue\":true},{\"Name\":\"seenFirstTimeEquip_00000444\",\"BoolValue\":true},{\"Name\":\"isNewItemInInventory_00000414\"},{\"Name\":\"isNewItemInInventory_00000415\"},{\"Name\":\"crafted.00000388\",\"SettingType\":1,\"IntValue\":7},{\"Name\":\"isNewCraftingRecipe_MolotovRecipe\"},{\"Name\":\"isNewItemInInventory_00000410\"},{\"Name\":\"isNewItemInInventory_00000418\"},{\"Name\":\"isNewItemInInventory_00000438\"},{\"Name\":\"isNewItemInInventory_00000466\"},{\"Name\":\"consumed.00000466\",\"SettingType\":1,\"IntValue\":9},{\"Name\":\"consumed.00000438\",\"SettingType\":1,\"IntValue\":17},{\"Name\":\"isNewItemInInventory_00000439\"},{\"Name\":\"consumed.00000433\",\"SettingType\":1,\"IntValue\":7},{\"Name\":\"isNewItemInInventory_00000390\"},{\"Name\":\"isNewItemInInventory_00000690\"},{\"Name\":\"isNewItemInInventory_00000484\"},{\"Name\":\"isNewItemInInventory_00000444\"},{\"Name\":\"isNewItemInInventory_00000506\"},{\"Name\":\"hasOwned_00000558\",\"BoolValue\":true},{\"Name\":\"isNewItemInInventory_00000523\"},{\"Name\":\"isNewItemInInventory_00000430\"},{\"Name\":\"isNewItemInInventory_00000480\"},{\"Name\":\"isNewItemInInventory_00000441\"},{\"Name\":\"isNewItemInInventory_00000341\"},{\"Name\":\"HasDismountedFromKnightVBefore\",\"BoolValue\":true},{\"Name\":\"isNewCraftingRecipeTutorial_CraftedAxeRecipe\"},{\"Name\":\"isNewCraftingRecipeTutorial_CraftedClubRecipe\"},{\"Name\":\"isNewCraftingRecipeTutorial_TacticalArrowFireUpgradeRecipe\"},{\"Name\":\"isNewItemInInventory_00000599\"},{\"Name\":\"TutorialBookPageIndex\",\"SettingType\":1,\"IntValue\":16},{\"Name\":\"SCREWBookLastUsed\",\"BoolValue\":true},{\"Name\":\"BlueprintBookPageIndex\",\"SettingType\":1,\"IntValue\":6},{\"Name\":\"isNewItemInInventory_00000661\"},{\"Name\":\"isNewCraftingRecipeTutorial_BoneArmourRecipe\"},{\"Name\":\"isNewCraftingRecipeTutorial_CraftedBowRecipe\"},{\"Name\":\"isNewItemInInventory_00000454\"},{\"Name\":\"isNewItemInInventory_00000508\"},{\"Name\":\"isNewItemInInventory_00000496\"},{\"Name\":\"consumed.00000436\",\"SettingType\":1,\"IntValue\":1},{\"Name\":\"isNewItemInInventory_00000421\"},{\"Name\":\"isNewItemInInventory_00000527\"},{\"Name\":\"isNewItemInInventory_00000403\"},{\"Name\":\"isNewItemInInventory_00000634\"},{\"Name\":\"isNewItemInInventory_00000604\"},{\"Name\":\"crafted.00000477\",\"SettingType\":1,\"IntValue\":1},{\"Name\":\"isNewCraftingRecipe_CraftedClubRecipe\"},{\"Name\":\"isNewItemInInventory_00000477\"},{\"Name\":\"isNewItemInInventory_00000405\"},{\"Name\":\"crafted.00000503\",\"SettingType\":1,\"IntValue\":1},{\"Name\":\"isNewCraftingRecipe_TorchRecipe\"},{\"Name\":\"DiscoverablePageUnlocked_666\",\"BoolValue\":true},{\"Name\":\"TorchWasLit\",\"BoolValue\":true},{\"Name\":\"isNewItemInInventory_00000503\"},{\"Name\":\"seenFirstTimeEquip_00000662\",\"BoolValue\":true},{\"Name\":\"consumed.00000421\",\"SettingType\":1,\"IntValue\":5},{\"Name\":\"isNewItemInInventory_00000434\"},{\"Name\":\"isNewItemInInventory_00000502\"},{\"Name\":\"isNewItemInInventory_00000369\"},{\"Name\":\"consumed.00000480\",\"SettingType\":1,\"IntValue\":1},{\"Name\":\"isNewItemInInventory_00000635\"},{\"Name\":\"crafted.00000443\",\"SettingType\":1,\"IntValue\":1},{\"Name\":\"isNewCraftingRecipe_CraftedBowRecipe\"},{\"Name\":\"isNewItemInInventory_00000662\"},{\"Name\":\"isNewItemInInventory_00000443\"},{\"Name\":\"isNewItemInInventory_00000446\"},{\"Name\":\"isNewItemInInventory_00000603\"},{\"Name\":\"hasOwned_00000495\",\"BoolValue\":true},{\"Name\":\"isNewCraftingRecipeTutorial_EnergyMixRecipe\"},{\"Name\":\"seenFirstTimeEquip_00000355\",\"BoolValue\":true},{\"Name\":\"isNewCraftingRecipeTutorial_CraftedArrowsRecipe\"},{\"Name\":\"isNewItemInInventory_00000479\"},{\"Name\":\"isNewItemInInventory_00000465\"},{\"Name\":\"isNewItemInInventory_00000449\"},{\"Name\":\"crafted.00000507\",\"SettingType\":1,\"IntValue\":4},{\"Name\":\"isNewCraftingRecipe_CraftedArrowsRecipe\"},{\"Name\":\"isNewCraftingRecipeTutorial_CraftedArrowFireUpgradeRecipe\"},{\"Name\":\"isNewCraftingRecipeTutorial_CraftedArrowExplosiveUpgradeRecipe\"},{\"Name\":\"isNewCraftingRecipeTutorial_CraftedArrowShockUpgradeRecipe\"},{\"Name\":\"isNewCraftingRecipeTutorial_TacticalArrowExplosiveUpgradeRecipe\"},{\"Name\":\"isNewCraftingRecipeTutorial_TacticalArrowShockUpgradeRecipe\"},{\"Name\":\"isNewCraftingRecipeTutorial_TimeBombRecipe\"},{\"Name\":\"seenFirstTimeEquip_00000575\",\"BoolValue\":true},{\"Name\":\"crafted.00000618\",\"SettingType\":1,\"IntValue\":79},{\"Name\":\"isNewCraftingRecipeTutorial_PrintedArrowExplosiveUpgradeRecipe\"},{\"Name\":\"isNewCraftingRecipeTutorial_PrintedArrowFireUpgradeRecipe\"},{\"Name\":\"isNewCraftingRecipeTutorial_PrintedArrowShockUpgradeRecipe\"},{\"Name\":\"crafted.00000426\",\"SettingType\":1,\"IntValue\":3},{\"Name\":\"crafted.00000657\",\"SettingType\":1,\"IntValue\":3},{\"Name\":\"isNewCraftingRecipeTutorial_GpsLocatorRecipe\"},{\"Name\":\"isNewItemInInventory_00000575\"},{\"Name\":\"isNewItemInInventory_00000481\"},{\"Name\":\"isNewItemInInventory_00000355\"},{\"Name\":\"isNewItemInInventory_00000590\"},{\"Name\":\"isNewItemInInventory_00000529\"},{\"Name\":\"isNewItemInInventory_00000657\"},{\"Name\":\"isNewItemInInventory_00000416\"},{\"Name\":\"crafted.00000529\",\"SettingType\":1,\"IntValue\":1},{\"Name\":\"isNewCraftingRecipe_GpsLocatorRecipe\"},{\"Name\":\"isNewItemInInventory_00000364\"},{\"Name\":\"isNewItemInInventory_00000618\"},{\"Name\":\"crafted.00000553\",\"SettingType\":1,\"IntValue\":1},{\"Name\":\"isNewCraftingRecipeTutorial_TechArmourRecipe\"},{\"Name\":\"isNewItemInInventory_00000400\"},{\"Name\":\"isNewItemInInventory_00000553\"},{\"Name\":\"crafted.00000554\",\"SettingType\":1,\"IntValue\":1},{\"Name\":\"isNewCraftingRecipe_TechArmourRecipe\"},{\"Name\":\"isNewItemInInventory_00000426\"},{\"Name\":\"crafted.00000466\",\"SettingType\":1,\"IntValue\":1},{\"Name\":\"crafted.00000419\",\"SettingType\":1,\"IntValue\":1},{\"Name\":\"crafted.00000502\",\"SettingType\":1,\"IntValue\":1},{\"Name\":\"crafted.00000496\",\"SettingType\":1,\"IntValue\":1},{\"Name\":\"isNewCraftingRecipe_LootPouchRecipe\"},{\"Name\":\"isNewItemInInventory_00000650\"},{\"Name\":\"isNewItemInInventory_00000469\"},{\"Name\":\"isNewItemInInventory_00000495\"},{\"Name\":\"isNewItemInInventory_00000600\"},{\"Name\":\"isNewItemInInventory_00000517\"},{\"Name\":\"consumed.00000517\",\"SettingType\":1,\"IntValue\":8},{\"Name\":\"seenFirstTimeEquip_00000396\",\"BoolValue\":true},{\"Name\":\"isNewItemInInventory_00000396\"},{\"Name\":\"seenFirstTimeEquip_00000468\",\"BoolValue\":true},{\"Name\":\"isNewItemInInventory_00000363\"},{\"Name\":\"isNewItemInInventory_00000417\"},{\"Name\":\"isNewItemInInventory_00000468\"},{\"Name\":\"crafted.00000417\",\"SettingType\":1,\"IntValue\":1},{\"Name\":\"isNewCraftingRecipe_TimeBombRecipe\"},{\"Name\":\"isNewItemInInventory_00000597\"},{\"Name\":\"isNewCraftingRecipeTutorial_EnergyMixPlusRecipe\"},{\"Name\":\"isNewItemInInventory_00000373\"},{\"Name\":\"isNewItemInInventory_00000368\"},{\"Name\":\"isNewCraftingRecipe_PrintedArrowFireUpgradeRecipe\"},{\"Name\":\"consumed.00000426\",\"SettingType\":1,\"IntValue\":4},{\"Name\":\"consumed.00000441\",\"SettingType\":1,\"IntValue\":4},{\"Name\":\"seenFirstTimeEquip_00000522\",\"BoolValue\":true},{\"Name\":\"isNewItemInInventory_00000453\"},{\"Name\":\"crafted.00000461\",\"SettingType\":1,\"IntValue\":1},{\"Name\":\"isNewCraftingRecipe_EnergyMixRecipe\"},{\"Name\":\"consumed.00000461\",\"SettingType\":1,\"IntValue\":1},{\"Name\":\"isNewItemInInventory_00000601\"},{\"Name\":\"StoryPageIndex\",\"SettingType\":1,\"IntValue\":3},{\"Name\":\"consumed.00000400\",\"SettingType\":1,\"IntValue\":1},{\"Name\":\"consumed.00000446\",\"SettingType\":1,\"IntValue\":1},{\"Name\":\"consumed.00000449\",\"SettingType\":1,\"IntValue\":1},{\"Name\":\"isNewItemInInventory_00000376\"},{\"Name\":\"crafted.00000355\",\"SettingType\":1,\"IntValue\":2},{\"Name\":\"isNewCraftingRecipe_CompactPistolRailModRecipe\"},{\"Name\":\"isNewItemInInventory_00000522\"},{\"Name\":\"isNewItemInInventory_00000605\"},{\"Name\":\"crafted.00000373\",\"SettingType\":1,\"IntValue\":20},{\"Name\":\"isNewCraftingRecipe_TacticalArrowFireUpgradeRecipe\"},{\"Name\":\"crafted.00000391\",\"SettingType\":1,\"IntValue\":2},{\"Name\":\"isNewCraftingRecipe_TacticalArrowShockUpgradeRecipe\"},{\"Name\":\"isNewItemInInventory_00000445\"},{\"Name\":\"seenFirstTimeEquip_00000391\",\"BoolValue\":true},{\"Name\":\"DoneBuildFireTutorial\",\"BoolValue\":true},{\"Name\":\"isNewItemInInventory_00000391\"},{\"Name\":\"hasOwned_00000491\",\"BoolValue\":true},{\"Name\":\"hasOwned_00000489\",\"BoolValue\":true},{\"Name\":\"hasOwned_00000501\",\"BoolValue\":true},{\"Name\":\"isNewItemInInventory_00000507\"},{\"Name\":\"PointOfInterestFound_Bunker A\",\"BoolValue\":true},{\"Name\":\"isNewItemInInventory_00000491\"},{\"Name\":\"isNewItemInInventory_00000378\"},{\"Name\":\"isNewCraftingRecipe_CompactPistolFlashlightModRecipe\"},{\"Name\":\"isNewItemInInventory_00000485\"},{\"Name\":\"isNewCraftingRecipeTutorial_FlashlightRechargeRecipe\"},{\"Name\":\"isNewItemInInventory_00000471\"},{\"Name\":\"hasOwned_00000499\",\"BoolValue\":true},{\"Name\":\"PointOfInterestFound_Bunker Food\",\"BoolValue\":true},{\"Name\":\"seenFirstTimeEquip_00000566\",\"BoolValue\":true},{\"Name\":\"hasOwned_00000492\",\"BoolValue\":true},{\"Name\":\"seenFirstTimeEquip_00000423\",\"BoolValue\":true},{\"Name\":\"isNewItemInInventory_00000356\"},{\"Name\":\"seenFirstTimeEquip_00000471\",\"BoolValue\":true},{\"Name\":\"isNewItemInInventory_00000459\"},{\"Name\":\"isNewItemInInventory_00000431\"},{\"Name\":\"isNewItemInInventory_00000425\"},{\"Name\":\"consumed.00000425\",\"SettingType\":1,\"IntValue\":1}],\"NamedInts\":[{\"SaveObjectNameId\":\"BunkerLuxury.Cutscene.MutantBossIntro\"},{\"SaveObjectNameId\":\"BunkerResidential.Cutscene.GetDownSon\"}]}"}}