{"Version":"0.0.0","Data":{"ScrewStructureInstances":"{\"_structures\":[{\"Id\":47,\"Pos\":{\"x\":-426.750122,\"y\":14.4710121,\"z\":1591.80066},\"Rot\":{\"x\":0.01578341,\"y\":0.474051118,\"z\":0.0133268693,\"w\":-0.880255},\"Storages\":[],\"Modules\":[]},{\"Id\":55,\"Pos\":{\"x\":-614.763062,\"y\":97.00897,\"z\":585.697266},\"Rot\":{\"x\":0.000853624253,\"y\":-0.416800737,\"z\":0.0003914106,\"w\":0.9089974},\"Storages\":[],\"Modules\":[]},{\"Id\":22,\"Pos\":{\"x\":-591.4549,\"y\":94.27164,\"z\":576.354248},\"Rot\":{\"y\":-0.672353148,\"w\":-0.74023056},\"Storages\":[],\"Modules\":[]},{\"Id\":25,\"Pos\":{\"x\":-593.272034,\"y\":93.76058,\"z\":572.7722},\"Rot\":{\"x\":0.0168149788,\"y\":0.707751,\"z\":-0.0168552324,\"w\":-0.706060767},\"Storages\":[],\"Modules\":[]},{\"Id\":54,\"Pos\":{\"x\":-591.991455,\"y\":97.75091,\"z\":575.7811},\"Rot\":{\"y\":-0.7291655,\"w\":-0.6843374},\"Storages\":[],\"Modules\":[]},{\"Id\":53,\"Pos\":{\"x\":-593.849548,\"y\":95.97532,\"z\":574.9219},\"Rot\":{\"y\":-0.7005453,\"w\":0.713607967},\"Storages\":[],\"Modules\":[]},{\"Id\":53,\"Pos\":{\"x\":-591.6012,\"y\":96.62995,\"z\":572.178162},\"Rot\":{\"y\":0.999714553,\"w\":0.0238916483},\"Storages\":[],\"Modules\":[]},{\"Id\":63,\"Pos\":{\"x\":-602.112549,\"y\":93.13021,\"z\":572.161},\"Rot\":{\"y\":-0.8019642,\"w\":-0.5973721},\"Storages\":[],\"Modules\":[]},{\"Id\":63,\"Pos\":{\"x\":-602.104248,\"y\":94.03624,\"z\":576.3635},\"Rot\":{\"y\":0.5922358,\"w\":-0.805764735},\"Storages\":[],\"Modules\":[]},{\"Id\":48,\"Pos\":{\"x\":-594.871765,\"y\":93.6777649,\"z\":575.784363},\"Rot\":{\"x\":-0.00758322561,\"y\":-0.711229444,\"z\":-0.07409647,\"w\":-0.6990028},\"Storages\":[],\"Modules\":[]},{\"Id\":55,\"Pos\":{\"x\":-600.3061,\"y\":95.5611343,\"z\":551.747742},\"Rot\":{\"x\":0.000932269439,\"y\":0.981026649,\"z\":0.004718875,\"w\":-0.193813369},\"Storages\":[],\"Modules\":[]},{\"Id\":55,\"Pos\":{\"x\":-583.979858,\"y\":98.44208,\"z\":588.207153},\"Rot\":{\"x\":-0.0151184984,\"y\":0.8976349,\"z\":-0.0308853127,\"w\":-0.439396322},\"Storages\":[],\"Modules\":[]},{\"Id\":55,\"Pos\":{\"x\":-574.520752,\"y\":96.49803,\"z\":581.1044},\"Rot\":{\"x\":-0.008055409,\"y\":0.5653831,\"z\":0.00552201131,\"w\":0.8247706},\"Storages\":[],\"Modules\":[]},{\"Id\":53,\"Pos\":{\"x\":-603.8539,\"y\":95.34981,\"z\":575.4688},\"Rot\":{\"y\":-0.5889394,\"w\":0.8081772},\"Storages\":[],\"Modules\":[]},{\"Id\":52,\"Pos\":{\"x\":-606.2731,\"y\":93.87194,\"z\":573.934631},\"Rot\":{\"x\":0.00335719017,\"y\":-0.7498259,\"z\":0.07439649,\"w\":-0.6574307},\"Storages\":[],\"Modules\":[]},{\"Id\":31,\"Pos\":{\"x\":-599.6222,\"y\":92.92096,\"z\":574.6061},\"Rot\":{\"x\":0.06547823,\"y\":0.768055439,\"z\":0.006107537,\"w\":0.6369978},\"Storages\":[{\"Version\":\"0.0.0\",\"ItemBlocks\":[]}],\"Modules\":[]},{\"Id\":63,\"Pos\":{\"x\":-602.0962,\"y\":92.643425,\"z\":568.3686},\"Rot\":{\"y\":0.8939747,\"w\":-0.448117435},\"Storages\":[],\"Modules\":[]}]}"}}