{"Version":"0.0.0","Data":{"ScrewStructureInstances":"{\"_structures\":[{\"Id\":47,\"Pos\":{\"x\":-426.750122,\"y\":14.4710121,\"z\":1591.80066},\"Rot\":{\"x\":0.01578341,\"y\":0.474051118,\"z\":0.0133268693,\"w\":-0.880255},\"Storages\":[],\"Modules\":[]},{\"Id\":55,\"Pos\":{\"x\":-633.411,\"y\":144.506653,\"z\":391.256},\"Rot\":{\"x\":-0.140694916,\"y\":0.8475088,\"z\":0.2771271,\"w\":0.430272579},\"Storages\":[],\"Modules\":[]},{\"Id\":55,\"Pos\":{\"x\":-614.763062,\"y\":97.00897,\"z\":585.697266},\"Rot\":{\"x\":0.000853624253,\"y\":-0.416800737,\"z\":0.0003914106,\"w\":0.9089974},\"Storages\":[],\"Modules\":[]},{\"Id\":22,\"Pos\":{\"x\":-591.4549,\"y\":94.27164,\"z\":576.354248},\"Rot\":{\"y\":-0.672353148,\"w\":-0.74023056},\"Storages\":[],\"Modules\":[]},{\"Id\":25,\"Pos\":{\"x\":-593.272034,\"y\":93.76058,\"z\":572.7722},\"Rot\":{\"x\":0.0168149788,\"y\":0.707751,\"z\":-0.0168552324,\"w\":-0.706060767},\"Storages\":[],\"Modules\":[]},{\"Id\":54,\"Pos\":{\"x\":-591.991455,\"y\":97.75091,\"z\":575.7811},\"Rot\":{\"y\":-0.7291655,\"w\":-0.6843374},\"Storages\":[],\"Modules\":[]},{\"Id\":53,\"Pos\":{\"x\":-593.849548,\"y\":95.97532,\"z\":574.9219},\"Rot\":{\"y\":-0.7005453,\"w\":0.713607967},\"Storages\":[],\"Modules\":[]},{\"Id\":53,\"Pos\":{\"x\":-591.6012,\"y\":96.62995,\"z\":572.178162},\"Rot\":{\"y\":0.999714553,\"w\":0.0238916483},\"Storages\":[],\"Modules\":[]},{\"Id\":63,\"Pos\":{\"x\":-602.112549,\"y\":93.13021,\"z\":572.161},\"Rot\":{\"y\":-0.8019642,\"w\":-0.5973721},\"Storages\":[],\"Modules\":[]}]}"}}