{"Version":"0.0.0","Data":{"StructureDestruction":"{\"Version\":\"0.0.0\",\"Data\":[{\"TypeID\":32,\"InstanceID\":3,\"Info\":{\"Health\":70.0,\"MaxHealth\":60.0,\"ElementCount\":2,\"MaxElements\":1,\"BreakCount\":0.75,\"CanBreakTopElement\":true}},{\"TypeID\":9,\"InstanceID\":1,\"Info\":{\"Health\":415.0,\"MaxHealth\":1200.0,\"ElementCount\":2,\"MaxElements\":5,\"BreakCount\":3.75}},{\"TypeID\":25,\"InstanceID\":4,\"Info\":{\"Health\":-1.0,\"MaxHealth\":60.0,\"ElementCount\":1,\"MaxElements\":1,\"BreakCount\":0.75,\"CanBreakTopElement\":true}},{\"TypeID\":8,\"InstanceID\":8,\"Info\":{\"Health\":650.0,\"MaxHealth\":690.0,\"ElementCount\":5,\"MaxElements\":5,\"BreakCount\":3.75,\"CanBreakTopElement\":true}},{\"TypeID\":9,\"InstanceID\":7,\"Info\":{\"Health\":942.5,\"MaxHealth\":1200.0,\"ElementCount\":4,\"MaxElements\":5,\"BreakCount\":3.75,\"CanBreakTopElement\":true}},{\"TypeID\":3,\"InstanceID\":26,\"Info\":{\"Health\":110.0,\"MaxHealth\":165.0,\"ElementCount\":1,\"MaxElements\":1,\"BreakCount\":0.75,\"CanBreakTopElement\":true}},{\"TypeID\":9,\"InstanceID\":9,\"Info\":{\"Health\":222.5,\"MaxHealth\":1200.0,\"ElementCount\":1,\"MaxElements\":5,\"BreakCount\":3.75}},{\"TypeID\":19,\"InstanceID\":2,\"Info\":{\"Health\":1885.0,\"MaxHealth\":2400.0,\"ElementCount\":3,\"MaxElements\":5,\"BreakCount\":3.75}},{\"TypeID\":20,\"InstanceID\":9,\"Info\":{\"Health\":480.0,\"MaxHealth\":480.0,\"ElementCount\":1,\"MaxElements\":1,\"BreakCount\":0.75,\"CanBreakTopElement\":true}}]}"}}