{"Version":"0.0.0","Data":{"WorldObjectLocatorManager":"{\"Version\":\"0.0.0\",\"SerializedStates\":[{\"Key\":\"7250E7FF03EF0000DF056200\",\"Value\":1},{\"Key\":\"4A80E7FFE4EF00002F356200\",\"Value\":1},{\"Key\":\"8771E1FF3BEE000065BF6200\",\"Value\":1},{\"Key\":\"6B72E1FF05EF000057BA6200\",\"Value\":1},{\"Key\":\"BB69E1FFC8F000003BB16200\",\"Value\":1},{\"Key\":\"647FE3FF4B190100616A5F00\",\"Value\":1},{\"Key\":\"A5D7E3FFE113010094735F00\",\"Value\":1},{\"Key\":\"89DCC2FF399A0400B7C21100\",\"Value\":1},{\"Key\":\"F95DD1FFC9EF000026836900\",\"Value\":1},{\"Key\":\"9E5FD1FFB7EF000092836900\",\"Value\":1},{\"Key\":\"3C33BBFFB5480200B49A6300\",\"Value\":1},{\"Key\":\"5F45BBFF6142020083C16300\",\"Value\":1},{\"Key\":\"9C6EBBFF6A3B020093E16300\",\"Value\":1},{\"Key\":\"8EDEBAFF8D460200B5F26200\",\"Value\":1},{\"Key\":\"41DCBAFF88480200AAD46200\",\"Value\":1},{\"Key\":\"A397BBFFA3430200C25C6200\",\"Value\":1},{\"Key\":\"B197BBFFE64602002C406200\",\"Value\":1},{\"Key\":\"21AFBBFF5C46020095496200\",\"Value\":1},{\"Key\":\"15AFBBFF164A020083346200\",\"Value\":1},{\"Key\":\"8CBCBBFFD048020003416200\",\"Value\":1},{\"Key\":\"E715BBFFB850020026616200\",\"Value\":1},{\"Key\":\"30C1BBFF6A4102000CFB6200\",\"Value\":1},{\"Key\":\"8D23BBFF3065020005066200\",\"Value\":1},{\"Key\":\"A207BBFF9378020027FC6100\",\"Value\":1},{\"Key\":\"691BBBFFE9860200335A6100\",\"Value\":1},{\"Key\":\"3561BBFFDC6B02007DAF6100\",\"Value\":1},{\"Key\":\"5440BBFF5E840200F8766100\",\"Value\":1},{\"Key\":\"B126BBFF8268020084E96000\",\"Value\":1},{\"Key\":\"4545BBFF118602009C686100\",\"Value\":1},{\"Key\":\"D125BBFF165D020025A96000\",\"Value\":1},{\"Key\":\"951FBBFF6B5D0200EB976000\",\"Value\":1},{\"Key\":\"5221BBFF6F6502002E806000\",\"Value\":1},{\"Key\":\"0D23BBFF6F7C020074586000\",\"Value\":1},{\"Key\":\"7336BBFF7397020021206000\",\"Value\":1},{\"Key\":\"B73CBBFFDEA30200F0016000\",\"Value\":1},{\"Key\":\"183DBBFF59D5020090A75F00\",\"Value\":1},{\"Key\":\"D837BBFFEBDA020071A05F00\",\"Value\":1},{\"Key\":\"CE34BBFFDEEA0200BB845F00\",\"Value\":1},{\"Key\":\"5E42BBFF91FE0200FA5D5F00\",\"Value\":1},{\"Key\":\"8A50BBFFEC29030029045F00\",\"Value\":1},{\"Key\":\"F957BBFF1D4B0300D28D5E00\",\"Value\":1},{\"Key\":\"C243BBFFF75503008E825E00\",\"Value\":1},{\"Key\":\"025DBBFF5753030023725E00\",\"Value\":1},{\"Key\":\"F042BBFF9B320300B5F15E00\",\"Value\":1},{\"Key\":\"A1F9BAFFC598030018045E00\",\"Value\":1},{\"Key\":\"D5FDBAFFDA9B0300A5F55D00\",\"Value\":1},{\"Key\":\"1217BBFFCD9903001DD65D00\",\"Value\":1},{\"Key\":\"6133BBFF3C9303000DB95D00\",\"Value\":1},{\"Key\":\"D8D5BAFFB6A60300CA075E00\",\"Value\":1},{\"Key\":\"B4C0BAFF46AF03007D075E00\",\"Value\":1},{\"Key\":\"255FBBFFFC6D03002D175E00\",\"Value\":1},{\"Key\":\"9E51BBFF5279030020FA5D00\",\"Value\":1},{\"Key\":\"45A4BAFF893E03007E215F00\",\"Value\":1},{\"Key\":\"12AABAFFC24C03000EFD5E00\",\"Value\":1},{\"Key\":\"D07BBAFF4B840300AE9E5E00\",\"Value\":1},{\"Key\":\"BA71BAFFF59E03005A715E00\",\"Value\":1},{\"Key\":\"7369BAFF2DAA03001B615E00\",\"Value\":1},{\"Key\":\"86D6B9FF8FFB030039045E00\",\"Value\":1},{\"Key\":\"5FDFB9FFEAF00300481D5E00\",\"Value\":1},{\"Key\":\"A3BFB9FF9FE003009F585E00\",\"Value\":1},{\"Key\":\"BBCBB9FF4BD2030059745E00\",\"Value\":1},{\"Key\":\"84CCB9FFF1CE03005B7B5E00\",\"Value\":1},{\"Key\":\"A507BAFF42FD030009D75D00\",\"Value\":1},{\"Key\":\"ECF9B9FF0B0F0400B7AB5D00\",\"Value\":1},{\"Key\":\"27E0B9FF441E0400248D5D00\",\"Value\":1},{\"Key\":\"51D0B9FF23280400D6735D00\",\"Value\":1},{\"Key\":\"1EDEB9FF3A28040090655D00\",\"Value\":1},{\"Key\":\"5CA6B9FF623A0400E9495D00\",\"Value\":1},{\"Key\":\"AF86B9FF1F440400033A5D00\",\"Value\":1},{\"Key\":\"7073B9FF594404000B4B5D00\",\"Value\":1},{\"Key\":\"833EB9FF6F560400CB2C5D00\",\"Value\":1},{\"Key\":\"8422B9FFB15F0400DA1B5D00\",\"Value\":1},{\"Key\":\"2413B9FF21660400B30C5D00\",\"Value\":1},{\"Key\":\"1FB4B8FF2E80040065E85C00\",\"Value\":1},{\"Key\":\"0450B9FF1D320400C2A25D00\",\"Value\":1},{\"Key\":\"ED11B9FF4D3304003FB15D00\",\"Value\":1},{\"Key\":\"42E1B8FFFC26040021DA5D00\",\"Value\":1},{\"Key\":\"01BFB8FF972904004DD75D00\",\"Value\":1},{\"Key\":\"0D73B8FF1D9E04000D9F5C00\",\"Value\":1},{\"Key\":\"0166B8FF889B040024B25C00\",\"Value\":1},{\"Key\":\"70A2B8FF042A04005BD75D00\",\"Value\":1},{\"Key\":\"8D19B8FF133B04004DBF5D00\",\"Value\":1},{\"Key\":\"1700B8FF25590400698C5D00\",\"Value\":1},{\"Key\":\"BC24B8FF005104007D945D00\",\"Value\":1},{\"Key\":\"E74EB8FFEE0A04004C125E00\",\"Value\":1},{\"Key\":\"373CB8FF0AAD0400DF8B5C00\",\"Value\":1},{\"Key\":\"DE22B8FF86B00400BB8E5C00\",\"Value\":1},{\"Key\":\"B624B8FFBFB50400927A5C00\",\"Value\":1},{\"Key\":\"BF13B8FFCFC20400D3535C00\",\"Value\":1},{\"Key\":\"3B03B8FFF7C804000F485C00\",\"Value\":1},{\"Key\":\"CB04B8FF8EC104008C635C00\",\"Value\":1},{\"Key\":\"EFE2B7FF96CE040063495C00\",\"Value\":1},{\"Key\":\"AEC0B7FF5AE10400DA185C00\",\"Value\":1},{\"Key\":\"4EBFB7FF34E80400EBFC5B00\",\"Value\":1},{\"Key\":\"97A2B6FF530C050025385C00\",\"Value\":1},{\"Key\":\"2AF3B7FFA39404006B025D00\",\"Value\":1},{\"Key\":\"5BD0B7FFE3C40400C3785C00\",\"Value\":1},{\"Key\":\"4184B7FF7CEF04006C0D5C00\",\"Value\":1},{\"Key\":\"75EDB6FFB12E0500FA665B00\",\"Value\":1},{\"Key\":\"68D8B6FF13360500A4525B00\",\"Value\":1},{\"Key\":\"B8D7B6FF0E3A0500C0365B00\",\"Value\":1},{\"Key\":\"46D5B6FF703D05008D215B00\",\"Value\":1},{\"Key\":\"BA68B6FFD758050069D45A00\",\"Value\":1},{\"Key\":\"9B51B6FF645E0500A0C05A00\",\"Value\":1},{\"Key\":\"CB47B6FF3F5F050005B45A00\",\"Value\":1},{\"Key\":\"D23CB6FFDD610500F5A85A00\",\"Value\":1},{\"Key\":\"A3FCB5FFFC6E0500F79B5A00\",\"Value\":1},{\"Key\":\"B8E1B5FF277405007C9B5A00\",\"Value\":1},{\"Key\":\"CFC1B5FF7E7B0500867F5A00\",\"Value\":1},{\"Key\":\"136BB6FFFC3A0500C7A55B00\",\"Value\":1},{\"Key\":\"7777B6FFD83C0500C9915B00\",\"Value\":1},{\"Key\":\"1F64B5FFC48F05008F345A00\",\"Value\":1},{\"Key\":\"693EB5FFF9990500F63D5A00\",\"Value\":1},{\"Key\":\"9E17B6FF4859050085645B00\",\"Value\":1},{\"Key\":\"8B9AB4FF7BBE0500BEC85900\",\"Value\":1},{\"Key\":\"07B7B5FF437A05008A035B00\",\"Value\":1},{\"Key\":\"F262B4FF08C90500A99D5900\",\"Value\":1},{\"Key\":\"DFB7B5FF467C050074E35A00\",\"Value\":1},{\"Key\":\"479CB5FFC3820500FFC45A00\",\"Value\":1},{\"Key\":\"BB42B4FF89CF05002D705900\",\"Value\":1},{\"Key\":\"D280B5FFF28805003BE05A00\",\"Value\":1},{\"Key\":\"CC72B5FF3D8D050082C35A00\",\"Value\":1},{\"Key\":\"9C4AB4FF9DCD05002D9F5900\",\"Value\":1},{\"Key\":\"6F4CB4FF33CE05007B8B5900\",\"Value\":1},{\"Key\":\"3436B4FF74D10500A5955900\",\"Value\":1},{\"Key\":\"944FB5FFBE960500637C5A00\",\"Value\":1},{\"Key\":\"642DB4FF6AD4050090735900\",\"Value\":1},{\"Key\":\"DB87B4FFD9C105005AB35900\",\"Value\":1},{\"Key\":\"A215B4FF96D705002E755900\",\"Value\":1},{\"Key\":\"BDA6B3FF94EC0500A9265900\",\"Value\":1},{\"Key\":\"6714B4FF4AD805005B615900\",\"Value\":1},{\"Key\":\"6408B4FF14DA0500886C5900\",\"Value\":1},{\"Key\":\"2B08B4FFE1DA050024575900\",\"Value\":1},{\"Key\":\"86F3B3FF34DE0500D2565900\",\"Value\":1},{\"Key\":\"4AEDB3FF2EDF0500F75D5900\",\"Value\":1},{\"Key\":\"E079B3FFE8F4050050035900\",\"Value\":1},{\"Key\":\"680FB5FFA6A505001C3D5A00\",\"Value\":1},{\"Key\":\"0BD8B4FFD1B20500481A5A00\",\"Value\":1},{\"Key\":\"CF08B3FF33070600BACB5800\",\"Value\":1},{\"Key\":\"479EB1FF742A06008FF65700\",\"Value\":1},{\"Key\":\"BCD3B2FF780D0600DEBE5800\",\"Value\":1},{\"Key\":\"67D3B2FF4E0E0600CAB35800\",\"Value\":1},{\"Key\":\"E4BAB2FFA2120600D8A05800\",\"Value\":1},{\"Key\":\"C05BB2FFF41D0600625D5800\",\"Value\":1},{\"Key\":\"6E46B2FF692006007D4B5800\",\"Value\":1},{\"Key\":\"4727B3FF0B02060015E55800\",\"Value\":1},{\"Key\":\"4311B4FF69D8050019935900\",\"Value\":1},{\"Key\":\"6626B2FF45230600934D5800\",\"Value\":1},{\"Key\":\"F404B4FFBADA05006C825900\",\"Value\":1},{\"Key\":\"06FEB3FF3ADC050055915900\",\"Value\":1},{\"Key\":\"B3D5B3FF9FE3050090805900\",\"Value\":1},{\"Key\":\"77EDB1FF59270600AC305800\",\"Value\":1},{\"Key\":\"78BAB3FFBFE805008B645900\",\"Value\":1},{\"Key\":\"01D2B1FF042906002F085800\",\"Value\":1},{\"Key\":\"C2B5B1FFB8290600F7125800\",\"Value\":1},{\"Key\":\"50B5B1FFB529060024085800\",\"Value\":1},{\"Key\":\"4B7BB3FF34F30500EE525900\",\"Value\":1},{\"Key\":\"2A95B1FF592A0600BAE75700\",\"Value\":1},{\"Key\":\"2C19B2FFD4230600E8305800\",\"Value\":1},{\"Key\":\"0E6AB3FF73F6050084445900\",\"Value\":1},{\"Key\":\"8F08B2FFCC240600B1335800\",\"Value\":1},{\"Key\":\"727FB1FF742A060096D85700\",\"Value\":1},{\"Key\":\"1364B3FF29F70500C42B5900\",\"Value\":1},{\"Key\":\"B849B3FF14FB050068345900\",\"Value\":1},{\"Key\":\"214DB1FFB32B060073D95700\",\"Value\":1},{\"Key\":\"2AD0B1FF04290600A7255800\",\"Value\":1},{\"Key\":\"8935B3FFE6FE0500F1025900\",\"Value\":1},{\"Key\":\"6049B1FF572A0600C1BB5700\",\"Value\":1},{\"Key\":\"1729B1FF04290600749F5700\",\"Value\":1},{\"Key\":\"AF20B3FF83030600A1CB5800\",\"Value\":1},{\"Key\":\"4110B3FF950706004FB55800\",\"Value\":1},{\"Key\":\"F007B1FFDB280600759C5700\",\"Value\":1},{\"Key\":\"F9F1B2FFF40B0600DD985800\",\"Value\":1},{\"Key\":\"FC5BB1FF742A060009C15700\",\"Value\":1},{\"Key\":\"ADACB2FFAB15060054785800\",\"Value\":1},{\"Key\":\"A595B2FF21190600A4535800\",\"Value\":1},{\"Key\":\"B25EB2FFC81E06004F3F5800\",\"Value\":1},{\"Key\":\"2560B2FFC71F060000245800\",\"Value\":1},{\"Key\":\"3A6AB2FFEA1F06000D0F5800\",\"Value\":1},{\"Key\":\"DF53B2FFE321060013145800\",\"Value\":1},{\"Key\":\"B247B2FF2A23060084075800\",\"Value\":1},{\"Key\":\"B3A6B0FF1D22060076685700\",\"Value\":1},{\"Key\":\"E340B2FF45230600ADF05700\",\"Value\":1},{\"Key\":\"C79AB0FF721E0600255C5700\",\"Value\":1},{\"Key\":\"EE0EB0FF0713060020195700\",\"Value\":1},{\"Key\":\"1635B2FF7A2306005DE45700\",\"Value\":1},{\"Key\":\"808EB0FFB61C0600DB4F5700\",\"Value\":1},{\"Key\":\"BC27B2FFB5240600E3F25700\",\"Value\":1},{\"Key\":\"0D90B0FF021B0600903C5700\",\"Value\":1},{\"Key\":\"B428B2FFA52406007FD35700\",\"Value\":1},{\"Key\":\"C200B2FFF8260600D5A85700\",\"Value\":1},{\"Key\":\"F2CAAFFF510606009DDC5600\",\"Value\":1},{\"Key\":\"34EAB1FFA2270600A1A95700\",\"Value\":1},{\"Key\":\"F3BCAFFF4C03060083CD5600\",\"Value\":1},{\"Key\":\"0CDAB1FFB4270600F09A5700\",\"Value\":1},{\"Key\":\"5FBBB1FF80280600E9885700\",\"Value\":1},{\"Key\":\"12A8B0FF771E0600B6535700\",\"Value\":1},{\"Key\":\"33B2B1FFD028060067875700\",\"Value\":1},{\"Key\":\"C990AFFF4FFE05001BC65600\",\"Value\":1},{\"Key\":\"B086B0FF821B060050485700\",\"Value\":1},{\"Key\":\"D453B1FF7F2606001C655700\",\"Value\":1},{\"Key\":\"382EAFFF6EEE0500E2755600\",\"Value\":1},{\"Key\":\"79A2AFFFF90006004BCF5600\",\"Value\":1},{\"Key\":\"A877AFFFF3FA05000CBA5600\",\"Value\":1},{\"Key\":\"E4EAAEFF87E705006C525600\",\"Value\":1},{\"Key\":\"96F2B0FF091A060005F25600\",\"Value\":1},{\"Key\":\"7391AEFF9EDA05001A125600\",\"Value\":1},{\"Key\":\"B1B0B0FF1A11060017915600\",\"Value\":1},{\"Key\":\"B983AEFF6AD80500F2105600\",\"Value\":1},{\"Key\":\"46A2B0FF8A0C0600527D5600\",\"Value\":1},{\"Key\":\"E59EB0FF27080600325C5600\",\"Value\":1},{\"Key\":\"1069AEFF72D60500A5F65500\",\"Value\":1},{\"Key\":\"5657AEFF6FD6050050135600\",\"Value\":1},{\"Key\":\"9F7AB0FFE8010600433E5600\",\"Value\":1},{\"Key\":\"D27AB0FFE3FD0500C2215600\",\"Value\":1},{\"Key\":\"DC20AEFF6FD6050055CB5500\",\"Value\":1},{\"Key\":\"4321AEFF6FD60500CCD65500\",\"Value\":1},{\"Key\":\"2210AEFF6FD60500DCD65500\",\"Value\":1},{\"Key\":\"4A07AEFF6FD60500D9CC5500\",\"Value\":1},{\"Key\":\"401CB0FFFFF50500EB1A5600\",\"Value\":1},{\"Key\":\"B805B0FF0DF005004DF55500\",\"Value\":1},{\"Key\":\"A1CEAFFF6EE90500CCD65500\",\"Value\":1},{\"Key\":\"18AEAFFF2AE705007FDB5500\",\"Value\":1},{\"Key\":\"B0A1AFFFF3E5050076D75500\",\"Value\":1},{\"Key\":\"0191AFFFE0DF0500E6A85500\",\"Value\":1},{\"Key\":\"F988ADFF3AC20500BC775500\",\"Value\":1},{\"Key\":\"B865AFFFB4DC0500569F5500\",\"Value\":1},{\"Key\":\"2647AFFF92D90500E0935500\",\"Value\":1},{\"Key\":\"6938AFFFCAD305004C595500\",\"Value\":1},{\"Key\":\"0C17AFFF80CE05007D425500\",\"Value\":1},{\"Key\":\"2CE5AEFF1EC905007C315500\",\"Value\":1},{\"Key\":\"DBCCAEFF18C4050020195500\",\"Value\":1},{\"Key\":\"F54BADFF89B80500F96F5500\",\"Value\":1},{\"Key\":\"13BBAEFF9FC20500CB165500\",\"Value\":1},{\"Key\":\"8A49ADFF48B605008C575500\",\"Value\":1},{\"Key\":\"B5A4AEFFE8C50500973E5500\",\"Value\":1},{\"Key\":\"4D39AEFF86D205004C8B5500\",\"Value\":1},{\"Key\":\"C92BAEFFFDD40500089D5500\",\"Value\":1},{\"Key\":\"7617AEFF32D50500679A5500\",\"Value\":1},{\"Key\":\"212BADFF94B10500FD435500\",\"Value\":1},{\"Key\":\"F02AADFF29B3050041595500\",\"Value\":1},{\"Key\":\"B422AEFFF0CB050083635500\",\"Value\":1},{\"Key\":\"0972ADFFE6B9050051555500\",\"Value\":1},{\"Key\":\"05FFACFF55AC050031545500\",\"Value\":1},{\"Key\":\"16D8ACFF95A80500C9835500\",\"Value\":1},{\"Key\":\"3008ADFFE5B3050071CB5500\",\"Value\":1},{\"Key\":\"A025ADFFEEB8050053DF5500\",\"Value\":1},{\"Key\":\"FE68ADFF44C10500AFBB5500\",\"Value\":1},{\"Key\":\"CF55ADFFE9BD050019BA5500\",\"Value\":1},{\"Key\":\"8A6BADFF72BF0500DD995500\",\"Value\":1},{\"Key\":\"0458ADFF65BC0500069E5500\",\"Value\":1},{\"Key\":\"8864ADFF0BBC0500ED815500\",\"Value\":1},{\"Key\":\"6C62ADFFB5BB05003E7B5500\",\"Value\":1},{\"Key\":\"8280ACFFFF96050086705500\",\"Value\":1},{\"Key\":\"8F73ACFF97960500B0845500\",\"Value\":1},{\"Key\":\"EE67ACFF75920500596D5500\",\"Value\":1},{\"Key\":\"9154ACFFC990050088845500\",\"Value\":1},{\"Key\":\"C45DACFF2F97050093CE5500\",\"Value\":1},{\"Key\":\"ED72ACFF329A0500FAC55500\",\"Value\":1},{\"Key\":\"9509ADFFEBB80500150F5600\",\"Value\":1},{\"Key\":\"9020ADFF4ABB0500A2105600\",\"Value\":1},{\"Key\":\"5736ADFFD8BE050070185600\",\"Value\":1},{\"Key\":\"D857ADFF82C30500E3215600\",\"Value\":1},{\"Key\":\"E8C7ADFF24D605007A305600\",\"Value\":1},{\"Key\":\"9BC9ADFF39D60500C54A5600\",\"Value\":1},{\"Key\":\"D3E4ADFF6FD6050072575600\",\"Value\":1},{\"Key\":\"BFEFADFF6FD605006B645600\",\"Value\":1},{\"Key\":\"F30FAEFF6FD60500CA5A5600\",\"Value\":1},{\"Key\":\"036AAEFF49D805001B6B5600\",\"Value\":1},{\"Key\":\"F086AEFF1FDE050030715600\",\"Value\":1},{\"Key\":\"1991AEFFBBDF05006D685600\",\"Value\":1},{\"Key\":\"9B99AEFF7CE505007B885600\",\"Value\":1},{\"Key\":\"8A28AFFFF3DD050019D55500\",\"Value\":1},{\"Key\":\"D23AAFFF03DA05007BA55500\",\"Value\":1},{\"Key\":\"F576AFFF91D905003F745500\",\"Value\":1},{\"Key\":\"F187AFFF71D70500B2545500\",\"Value\":1},{\"Key\":\"6EA5AFFFD5D80500344F5500\",\"Value\":1},{\"Key\":\"84BEAFFFE7D9050083485500\",\"Value\":1},{\"Key\":\"4990AFFF1ECC05005BBC5400\",\"Value\":1},{\"Key\":\"DBD4AFFFBED505001EF05400\",\"Value\":1},{\"Key\":\"108BAFFFA8C90500088D5400\",\"Value\":1},{\"Key\":\"AFDDAFFFEFD305005EB95400\",\"Value\":1},{\"Key\":\"0761AFFF23C2050062475400\",\"Value\":1},{\"Key\":\"EB50AFFFA1BA050034E95300\",\"Value\":1},{\"Key\":\"865AAFFF5CB805003AB85300\",\"Value\":1},{\"Key\":\"B841AFFF12B0050098735300\",\"Value\":1},{\"Key\":\"F623AFFF41A70500CA295300\",\"Value\":1},{\"Key\":\"A81FAFFFAEA80500CA475300\",\"Value\":1},{\"Key\":\"46E0AEFF3D95050084AE5200\",\"Value\":1},{\"Key\":\"4F57AFFF5F96050024FD5100\",\"Value\":1},{\"Key\":\"CE45AFFF8A94050078EF5100\",\"Value\":1},{\"Key\":\"4B53AFFF25960500B2E65100\",\"Value\":1},{\"Key\":\"4FCCAEFFC785050072ED5100\",\"Value\":1},{\"Key\":\"91C9AEFF2D8505000DD45100\",\"Value\":1},{\"Key\":\"C9B6AEFFB081050005B25100\",\"Value\":1},{\"Key\":\"35AEAEFF87800500FA895100\",\"Value\":1},{\"Key\":\"E399AEFFB07D0500928D5100\",\"Value\":1},{\"Key\":\"0F3BAFFF67960500E5835000\",\"Value\":1},{\"Key\":\"001FAFFFC3930500A1855000\",\"Value\":1},{\"Key\":\"E322AFFF0D940500A46D5000\",\"Value\":1},{\"Key\":\"F721AFFF2C93050075525000\",\"Value\":1},{\"Key\":\"6129AFFFA5930500EA485000\",\"Value\":1},{\"Key\":\"E61FAFFF69920500EC255000\",\"Value\":1},{\"Key\":\"3C13AFFF0791050098075000\",\"Value\":1},{\"Key\":\"F019AFFF158C0500CC584F00\",\"Value\":1},{\"Key\":\"3EBFAEFFBF8A0500160A5000\",\"Value\":1},{\"Key\":\"A9CFAEFFFD8A05008BF94F00\",\"Value\":1},{\"Key\":\"12CDAEFFB08A0500ACF04F00\",\"Value\":1},{\"Key\":\"A8D6AEFFB083050092A44E00\",\"Value\":1},{\"Key\":\"C1C8AEFF997805000A494E00\",\"Value\":1},{\"Key\":\"98BFAEFFC67405000F104E00\",\"Value\":1},{\"Key\":\"968AAEFFE86605007C3D4D00\",\"Value\":1},{\"Key\":\"34E7AEFFF95F050074D74C00\",\"Value\":1},{\"Key\":\"AF83AEFF5266050084384D00\",\"Value\":1},{\"Key\":\"9883AEFF39640500E4224D00\",\"Value\":1},{\"Key\":\"B385AEFFE6630500B7044D00\",\"Value\":1},{\"Key\":\"47DBAEFFF64F0500451F4C00\",\"Value\":1},{\"Key\":\"A5B1AEFF044F05005EF54B00\",\"Value\":1},{\"Key\":\"C4C4AEFFB54905004BA24B00\",\"Value\":1},{\"Key\":\"8891AEFF135505005F434C00\",\"Value\":1},{\"Key\":\"6BB9AEFF024805006C844B00\",\"Value\":1},{\"Key\":\"A3DCAEFF9B4605009C7C4B00\",\"Value\":1},{\"Key\":\"ACE9AEFF1546050031824B00\",\"Value\":1},{\"Key\":\"0FE5AEFFAD500500E5264C00\",\"Value\":1},{\"Key\":\"E7EBAEFF2F410500712A4B00\",\"Value\":1},{\"Key\":\"8A1CAFFFCD2F050003234A00\",\"Value\":1},{\"Key\":\"2C10AFFF7C2E0500FDFC4900\",\"Value\":1},{\"Key\":\"79D2AEFF6441050072004B00\",\"Value\":1},{\"Key\":\"A902AFFF0A27050029B44900\",\"Value\":1},{\"Key\":\"2618AFFF222A050086E74900\",\"Value\":1},{\"Key\":\"0EAEAEFF28430500B7B74A00\",\"Value\":1},{\"Key\":\"601EAFFF5023050060AD4900\",\"Value\":1},{\"Key\":\"A2F8AEFFBF28050026B44900\",\"Value\":1},{\"Key\":\"CF0DAFFF62230500159D4900\",\"Value\":1},{\"Key\":\"C7F3AEFF4B260500419C4900\",\"Value\":1},{\"Key\":\"4EB0AEFF37410500C98B4A00\",\"Value\":1},{\"Key\":\"E09BAEFFF5420500F6814A00\",\"Value\":1},{\"Key\":\"76BCAEFF203D0500986F4A00\",\"Value\":1},{\"Key\":\"B42BAFFF65280500DBEF4900\",\"Value\":1},{\"Key\":\"DE76AFFFC9580400FAB84400\",\"Value\":1},{\"Key\":\"4DADAFFF044B04003D8A4400\",\"Value\":1},{\"Key\":\"70D7AFFF273B0400295E4400\",\"Value\":1},{\"Key\":\"208CAFFFDC55040017AE4400\",\"Value\":1},{\"Key\":\"BD9BAFFF954F040007994400\",\"Value\":1},{\"Key\":\"02B9AFFFEB4204004A734400\",\"Value\":1},{\"Key\":\"F1BBAFFF8236040066514400\",\"Value\":1},{\"Key\":\"19D5AFFFC5330400F34A4400\",\"Value\":1},{\"Key\":\"2408B0FF561604001BD64300\",\"Value\":1},{\"Key\":\"C8E2AFFF7229040025314400\",\"Value\":1},{\"Key\":\"7AF9AFFF6D17040005084400\",\"Value\":1},{\"Key\":\"9FBDAFFF06340400E44A4400\",\"Value\":1},{\"Key\":\"2F67B0FF8174040069CB4400\",\"Value\":1},{\"Key\":\"BC68B0FF506D040002BB4400\",\"Value\":1},{\"Key\":\"0C66B0FFA468040073B14400\",\"Value\":1},{\"Key\":\"E265B0FF2F5D0400DE944400\",\"Value\":1},{\"Key\":\"A132B0FF9B3D04009C574400\",\"Value\":1},{\"Key\":\"ED0CB0FFCA3A0400E6584400\",\"Value\":1},{\"Key\":\"7001B0FFD93F04009B664400\",\"Value\":1},{\"Key\":\"20FCAFFFFD3604007E514400\",\"Value\":1},{\"Key\":\"E3E7AFFF9B2D04009A3B4400\",\"Value\":1},{\"Key\":\"54C9AFFF56160400ADDD4300\",\"Value\":1},{\"Key\":\"001AB0FF5616040085C64200\",\"Value\":1},{\"Key\":\"436AB0FF561604008DC84200\",\"Value\":1},{\"Key\":\"5A6AB0FF56160400EDAB4200\",\"Value\":1},{\"Key\":\"3B77B0FF56160400A0A94200\",\"Value\":1},{\"Key\":\"A1DDAFFF890E04008F494200\",\"Value\":1},{\"Key\":\"6C51B0FF5616040068A44200\",\"Value\":1},{\"Key\":\"0AC4AFFFA7090400163A4200\",\"Value\":1},{\"Key\":\"67D0AFFF3F0A0400A71E4200\",\"Value\":1},{\"Key\":\"BBB8AFFF5B040400B0FA4100\",\"Value\":1},{\"Key\":\"75C4AFFFC105040083EF4100\",\"Value\":1},{\"Key\":\"278DAFFF68FB03002CE64100\",\"Value\":1},{\"Key\":\"FE81AFFF9FF8030090DB4100\",\"Value\":1},{\"Key\":\"C58DAFFF02FA0300C9CF4100\",\"Value\":1},{\"Key\":\"4187AFFF51F30300A58D4100\",\"Value\":1},{\"Key\":\"E36CAFFFA8EB0300F4774100\",\"Value\":1},{\"Key\":\"096EAFFF0CEA03004B634100\",\"Value\":1},{\"Key\":\"2374AFFF9BE80300324B4100\",\"Value\":1},{\"Key\":\"6D7EAFFFE8E803006C3A4100\",\"Value\":1},{\"Key\":\"D06DAFFF34E30300B5224100\",\"Value\":1},{\"Key\":\"9E62AFFF3FDF0300E7174100\",\"Value\":1},{\"Key\":\"F152AFFFB4E103001C464100\",\"Value\":1},{\"Key\":\"E969AFFF33DF0300AC054100\",\"Value\":1},{\"Key\":\"E84BAFFF5ADD030019274100\",\"Value\":1},{\"Key\":\"D044AFFFC1DD0300683A4100\",\"Value\":1},{\"Key\":\"8037AFFF10D9030098244100\",\"Value\":1},{\"Key\":\"142CAFFFEDD90300D62F4100\",\"Value\":1},{\"Key\":\"8A14AFFF66D403002B214100\",\"Value\":1},{\"Key\":\"95FBAEFF81CE0300D90B4100\",\"Value\":1},{\"Key\":\"86D9AEFF76C9030018FA4000\",\"Value\":1},{\"Key\":\"7CDAAEFFC1C6030034E94000\",\"Value\":1},{\"Key\":\"47ACAEFFD0BC030000BA4000\",\"Value\":1},{\"Key\":\"06ADAFFF4CE2030035034000\",\"Value\":1},{\"Key\":\"52CDAFFF7CEB0300F8A63F00\",\"Value\":1},{\"Key\":\"2E76AEFF5690030047A73F00\",\"Value\":1},{\"Key\":\"A991AEFF1F9203005B983F00\",\"Value\":1},{\"Key\":\"0290AEFF12900300437E3F00\",\"Value\":1},{\"Key\":\"6BBFAFFF9FE60300045F3F00\",\"Value\":1},{\"Key\":\"69C5AFFFA6E803000A2D3F00\",\"Value\":1},{\"Key\":\"53E4AFFF37E70300E8943E00\",\"Value\":1},{\"Key\":\"04B4AEFF799203004FE93E00\",\"Value\":1},{\"Key\":\"04F1AFFFAEE60300E0763E00\",\"Value\":1},{\"Key\":\"FAEAAFFFC3E10300DD5B3E00\",\"Value\":1},{\"Key\":\"90FAAFFF30E20300CC4B3E00\",\"Value\":1},{\"Key\":\"8915B0FF00EB0300AD5D3E00\",\"Value\":1},{\"Key\":\"C9D9AEFFA6990300AB883E00\",\"Value\":1},{\"Key\":\"D606B0FF4EE3030086373E00\",\"Value\":1},{\"Key\":\"0815B0FF09E40300DF233E00\",\"Value\":1},{\"Key\":\"4D03B0FF25DE0300D30C3E00\",\"Value\":1},{\"Key\":\"2906B0FFE6DD030036F93D00\",\"Value\":1},{\"Key\":\"B920B0FF94E3030093ED3D00\",\"Value\":1},{\"Key\":\"E103AFFF72970300B2CE3D00\",\"Value\":1},{\"Key\":\"2420AFFFD89E03008DB23D00\",\"Value\":1},{\"Key\":\"F427AFFFEAA0030080953D00\",\"Value\":1},{\"Key\":\"8C4FAFFFEFAD0300AA803D00\",\"Value\":1},{\"Key\":\"1B4FAFFFECAE030003663D00\",\"Value\":1},{\"Key\":\"2E7BAFFF22B9030063CB3D00\",\"Value\":1},{\"Key\":\"087CAFFF60B9030085AE3D00\",\"Value\":1},{\"Key\":\"4DC1AFFFE9CB030012C03D00\",\"Value\":1},{\"Key\":\"73DEAFFFC4D70300AF433D00\",\"Value\":1},{\"Key\":\"2ABBAFFF4CCE03005B333D00\",\"Value\":1},{\"Key\":\"5AE8AFFF7AD8030067EA3C00\",\"Value\":1},{\"Key\":\"55F5AFFF44DA03001BDD3C00\",\"Value\":1},{\"Key\":\"A444B0FF64E2030039903C00\",\"Value\":1},{\"Key\":\"0B51B0FF0FE20300D37F3C00\",\"Value\":1},{\"Key\":\"CED8B0FF6DDD030014D93B00\",\"Value\":1},{\"Key\":\"EEEEB0FFDADD03005FD93B00\",\"Value\":1},{\"Key\":\"98DAB0FF41D9030099C43B00\",\"Value\":1},{\"Key\":\"EBE5B0FF35DA030054C53B00\",\"Value\":1},{\"Key\":\"9800B1FF5BDA030013C33B00\",\"Value\":1},{\"Key\":\"5CFAB0FF4BD603001DB13B00\",\"Value\":1},{\"Key\":\"E511B1FF3DD2030087993B00\",\"Value\":1},{\"Key\":\"9C56B1FF10C1030045583B00\",\"Value\":1},{\"Key\":\"9C89B1FFEBB60300243C3B00\",\"Value\":1},{\"Key\":\"F6DBB0FF27E403004C063C00\",\"Value\":1},{\"Key\":\"E573B1FFFDBB03008F4B3B00\",\"Value\":1},{\"Key\":\"1BF9B0FF67DF030015E13B00\",\"Value\":1},{\"Key\":\"10A6B1FFFF9D03007FDA3A00\",\"Value\":1},{\"Key\":\"BBA6B1FF0598030024C43A00\",\"Value\":1},{\"Key\":\"CAB1B1FF698C0300259C3A00\",\"Value\":1},{\"Key\":\"06ACB1FF6095030095BB3A00\",\"Value\":1},{\"Key\":\"EC76B1FFE28003006A573A00\",\"Value\":1},{\"Key\":\"155FB1FFCDB90300643A3B00\",\"Value\":1},{\"Key\":\"42C9B1FF59A0030053F73A00\",\"Value\":1},{\"Key\":\"1DC7B1FF669C0300B8E43A00\",\"Value\":1},{\"Key\":\"FED5B1FF2597030013D73A00\",\"Value\":1},{\"Key\":\"DAE7B1FFA9950300E3D83A00\",\"Value\":1},{\"Key\":\"75DEB1FFB491030095C53A00\",\"Value\":1},{\"Key\":\"FEDFB1FFBC87030039A03A00\",\"Value\":1},{\"Key\":\"7BDBB1FF638F03008EBA3A00\",\"Value\":1},{\"Key\":\"34F9B1FF578B030068B53A00\",\"Value\":1},{\"Key\":\"F2B4B1FFE56E0300302D3A00\",\"Value\":1},{\"Key\":\"43F4B1FFF1600300050B3A00\",\"Value\":1},{\"Key\":\"89DEB1FFD7800300D2863A00\",\"Value\":1},{\"Key\":\"0CD6B1FF4C7503004C573A00\",\"Value\":1},{\"Key\":\"6EDCB1FF0E6A0300DE2C3A00\",\"Value\":1},{\"Key\":\"6345B2FF88480300D6B93900\",\"Value\":1},{\"Key\":\"04ECB1FFD051030063CF3900\",\"Value\":1},{\"Key\":\"85FBB1FFC54D030024C43900\",\"Value\":1},{\"Key\":\"B209B2FFA451030067D63900\",\"Value\":1},{\"Key\":\"CB8BB2FF1C260300A0393900\",\"Value\":1},{\"Key\":\"8AA1B2FF70290300F8493900\",\"Value\":1},{\"Key\":\"BB9EB2FF6C210300662D3900\",\"Value\":1},{\"Key\":\"5790B2FF56470300C3B43900\",\"Value\":1},{\"Key\":\"5AA2B2FFEC4A0300AAC43900\",\"Value\":1},{\"Key\":\"21C3B2FF491A0300F71A3900\",\"Value\":1},{\"Key\":\"F3CEB2FFB51203005D083900\",\"Value\":1},{\"Key\":\"CCB7B2FF064A030089C53900\",\"Value\":1},{\"Key\":\"67B4B2FFA0430300B4AB3900\",\"Value\":1},{\"Key\":\"C4D1B2FF2D470300FEBD3900\",\"Value\":1},{\"Key\":\"11E0B2FF34480300FAC63900\",\"Value\":1},{\"Key\":\"98E7B2FF61410300D4AE3900\",\"Value\":1},{\"Key\":\"2D09B3FF63400300F1B63900\",\"Value\":1},{\"Key\":\"5F2CB3FFE93D03003DBC3900\",\"Value\":1},{\"Key\":\"D636B3FF272C03009E8E3900\",\"Value\":1},{\"Key\":\"6A1CB3FF73F60200EF903800\",\"Value\":1},{\"Key\":\"877AB3FF931803002E3F3900\",\"Value\":1},{\"Key\":\"2D82B3FF5F1003000E2A3900\",\"Value\":1},{\"Key\":\"DD94B3FF2A0E030062163900\",\"Value\":1},{\"Key\":\"AA8BB3FF9C0B0300640A3900\",\"Value\":1},{\"Key\":\"019CB3FF560C0300C8FE3800\",\"Value\":1},{\"Key\":\"04BFB3FFBDEA02004AE13700\",\"Value\":1},{\"Key\":\"B4B0B3FFC2E9020033D93700\",\"Value\":1},{\"Key\":\"888BB3FFC4070300BEE13800\",\"Value\":1},{\"Key\":\"0AD4B3FFF4DA0200FC843700\",\"Value\":1},{\"Key\":\"6707B4FF76D602005E7D3700\",\"Value\":1},{\"Key\":\"73DDB3FF5BE00200BAAF3700\",\"Value\":1},{\"Key\":\"22D8B3FF7BE00200EAAD3700\",\"Value\":1},{\"Key\":\"A3CAB3FFEFDE0200CA9D3700\",\"Value\":1},{\"Key\":\"D608B4FFF2D10200B0493700\",\"Value\":1},{\"Key\":\"F6DFB3FF95DC020078963700\",\"Value\":1},{\"Key\":\"D218B4FFADCF020088343700\",\"Value\":1},{\"Key\":\"042BB4FF45CE0200C43F3700\",\"Value\":1},{\"Key\":\"9AC3B3FFE913030046983800\",\"Value\":1},{\"Key\":\"503FB4FF97CD0200402E3700\",\"Value\":1},{\"Key\":\"232BB4FFA2CD0200A81C3700\",\"Value\":1},{\"Key\":\"0EF7B3FF9AD80200D9843700\",\"Value\":1},{\"Key\":\"1AEBB3FF1AD70200FF723700\",\"Value\":1},{\"Key\":\"C515B4FFEAD00200ED543700\",\"Value\":1},{\"Key\":\"B306B4FFDAF4020083363800\",\"Value\":1},{\"Key\":\"6B35B4FF68CD02000E333700\",\"Value\":1},{\"Key\":\"D71DB4FF3FE30200A6F53700\",\"Value\":1},{\"Key\":\"D740B4FFC1E002001D093800\",\"Value\":1},{\"Key\":\"D530B4FF2EDA020009D33700\",\"Value\":1},{\"Key\":\"F533B4FFACD7020067BE3700\",\"Value\":1},{\"Key\":\"3232B4FF53D7020099B53700\",\"Value\":1},{\"Key\":\"6D4CB4FF48D402002C9C3700\",\"Value\":1},{\"Key\":\"DB56B4FF27D40200609E3700\",\"Value\":1},{\"Key\":\"FA56B4FF0CD00200FA7E3700\",\"Value\":1},{\"Key\":\"393DB4FF20D2020070863700\",\"Value\":1},{\"Key\":\"952CB4FF0FD30200877E3700\",\"Value\":1},{\"Key\":\"ED2FB4FF97D1020053753700\",\"Value\":1},{\"Key\":\"4B4BB4FF39CE0200076A3700\",\"Value\":1},{\"Key\":\"563FB4FFD8CD0200A6593700\",\"Value\":1},{\"Key\":\"0B22B4FF27D202004C6E3700\",\"Value\":1},{\"Key\":\"0C22B4FF75CE0200CF183700\",\"Value\":1},{\"Key\":\"7D43B4FF70D50200B4CA3700\",\"Value\":1},{\"Key\":\"B857B4FFF3D1020041D43700\",\"Value\":1},{\"Key\":\"0665B4FF38CF020005DA3700\",\"Value\":1},{\"Key\":\"135CB4FFD4D202009EE33700\",\"Value\":1},{\"Key\":\"2865B4FF87D3020038F63700\",\"Value\":1},{\"Key\":\"B665B4FF40D80200D5083800\",\"Value\":1},{\"Key\":\"9F82B4FFA9DA020086253800\",\"Value\":1},{\"Key\":\"916BB4FFEBE00200B52B3800\",\"Value\":1},{\"Key\":\"4C77B4FF61E0020092303800\",\"Value\":1},{\"Key\":\"66B1B4FF6BD602008E2F3800\",\"Value\":1},{\"Key\":\"9CB9B4FF09DD020084413800\",\"Value\":1},{\"Key\":\"64CDB4FF7AD80200283A3800\",\"Value\":1},{\"Key\":\"01E9B4FF9DD802000B3A3800\",\"Value\":1},{\"Key\":\"6C09B5FF67CD0200AD223800\",\"Value\":1},{\"Key\":\"1462B5FFCDD60200D8E33700\",\"Value\":1},{\"Key\":\"6562B5FFC5D1020089D03700\",\"Value\":1},{\"Key\":\"6074B5FF6BD30200EEE33600\",\"Value\":1},{\"Key\":\"077FB5FFC9DC020090C63700\",\"Value\":1},{\"Key\":\"1E87B5FF49D4020029D63600\",\"Value\":1},{\"Key\":\"05EBB5FF7AF4020067363700\",\"Value\":1},{\"Key\":\"02FDB5FF91FA020074263700\",\"Value\":1},{\"Key\":\"C6FAB5FFA3F90200540F3700\",\"Value\":1},{\"Key\":\"39ECB5FF9AF3020046F53600\",\"Value\":1},{\"Key\":\"46FAB5FFF0F902003DD73600\",\"Value\":1},{\"Key\":\"A00EB6FFD70203001CDC3600\",\"Value\":1},{\"Key\":\"5403B6FFCCFD0200A1C63600\",\"Value\":1},{\"Key\":\"0AFAB5FFD0F902005AAF3600\",\"Value\":1},{\"Key\":\"16E4B5FF2CF102001FAA3600\",\"Value\":1},{\"Key\":\"74D8B5FFEAEC0200E9933600\",\"Value\":1},{\"Key\":\"DCE4B5FF02F20200D8813600\",\"Value\":1},{\"Key\":\"94C5B5FFB0E50200FE9D3600\",\"Value\":1},{\"Key\":\"6EC0B5FF73E502007B843600\",\"Value\":1},{\"Key\":\"69CCB5FF86E9020040673600\",\"Value\":1},{\"Key\":\"BEC1B5FF02E7020076713600\",\"Value\":1},{\"Key\":\"98C8B5FF81E80200475E3600\",\"Value\":1},{\"Key\":\"AACDB5FF90EB02008A463600\",\"Value\":1},{\"Key\":\"8BD7B5FF8AEF020017443600\",\"Value\":1},{\"Key\":\"7AEFB5FF6CFA020006323600\",\"Value\":1},{\"Key\":\"7B09B6FF98060300B0253600\",\"Value\":1},{\"Key\":\"4208B6FFD1060300D61D3600\",\"Value\":1},{\"Key\":\"9424B6FF97160300F7803700\",\"Value\":1},{\"Key\":\"EC0AB6FFFF1103009CBA3500\",\"Value\":1},{\"Key\":\"C16DB6FFBC3B03002C573700\",\"Value\":1},{\"Key\":\"4E2EB6FF892A0300326F3500\",\"Value\":1},{\"Key\":\"E32EB6FF532F0300FC443500\",\"Value\":1},{\"Key\":\"501CB6FF9A260300D9463500\",\"Value\":1},{\"Key\":\"DC42B6FFA03B0300DB283500\",\"Value\":1},{\"Key\":\"D147B6FF6A400300C40E3500\",\"Value\":1},{\"Key\":\"9D4CB6FFE3440300EDF93400\",\"Value\":1},{\"Key\":\"1E4DB6FF9A470300C1E43400\",\"Value\":1},{\"Key\":\"4F59B6FFA24E030002D93400\",\"Value\":1},{\"Key\":\"CC2DB6FFF63B0300F8D13400\",\"Value\":1},{\"Key\":\"BB45B6FF6D47030052C53400\",\"Value\":1},{\"Key\":\"005FB6FF3753030061C63400\",\"Value\":1},{\"Key\":\"D459B6FFA454030071A53400\",\"Value\":1},{\"Key\":\"8A5BB6FFF4570300A18E3400\",\"Value\":1},{\"Key\":\"2057B6FFF75E0300EC4D3400\",\"Value\":1},{\"Key\":\"A866B6FF666C03005E1D3400\",\"Value\":1},{\"Key\":\"887CB6FF22730300D2203400\",\"Value\":1},{\"Key\":\"FFFBB7FF77050400E4303600\",\"Value\":1},{\"Key\":\"91D9B6FFAC8703000E923300\",\"Value\":1},{\"Key\":\"91D1B7FF5CD103004C443400\",\"Value\":1},{\"Key\":\"2AECB6FF898A03006D713300\",\"Value\":1},{\"Key\":\"8BEFB6FF548B0300227C3300\",\"Value\":1},{\"Key\":\"1100B7FF608F030016733300\",\"Value\":1},{\"Key\":\"C400B7FF19900300E1603300\",\"Value\":1},{\"Key\":\"D313B7FF5E950300C54D3300\",\"Value\":1},{\"Key\":\"DCD0B7FF41BF03008ACF3300\",\"Value\":1},{\"Key\":\"15DEB7FF87C10300E3B73300\",\"Value\":1},{\"Key\":\"1FDDB7FF37C00300918D3300\",\"Value\":1},{\"Key\":\"F3EFB7FF0DC50300D57C3300\",\"Value\":1},{\"Key\":\"CCDBB7FFC5C0030072793300\",\"Value\":1},{\"Key\":\"1C67B7FFFAAB0300B9B63200\",\"Value\":1},{\"Key\":\"0F73B7FF4BAD0300FDC73200\",\"Value\":1},{\"Key\":\"7BEDB7FFCDC7030004343300\",\"Value\":1},{\"Key\":\"D6E7B7FF79C6030026293300\",\"Value\":1},{\"Key\":\"02EDB7FFB0C7030049F23200\",\"Value\":1},{\"Key\":\"21F7B7FF12CA0300F9C43200\",\"Value\":1},{\"Key\":\"2FEAB7FF76C80300C0A53200\",\"Value\":1},{\"Key\":\"DC0CB8FF90D40300624B3200\",\"Value\":1},{\"Key\":\"A7AAB7FF45C8030056463100\",\"Value\":1},{\"Key\":\"8A71B7FF94BB0300DBE73000\",\"Value\":1},{\"Key\":\"2965B7FF8DB70300A3C63000\",\"Value\":1},{\"Key\":\"82F9B7FF65D6030082973100\",\"Value\":1},{\"Key\":\"97D1B7FF9ECD0300F0353100\",\"Value\":1},{\"Key\":\"10E5B7FF66BA0300863E3000\",\"Value\":1},{\"Key\":\"8171B7FF98AB030056393000\",\"Value\":1},{\"Key\":\"A48FB8FFCF920300D91C2F00\",\"Value\":1},{\"Key\":\"BBA2B8FFB4930300ED1C2F00\",\"Value\":1},{\"Key\":\"50B7B8FF6B880300E5F12E00\",\"Value\":1},{\"Key\":\"33C9B8FF1C85030010E12E00\",\"Value\":1},{\"Key\":\"6FCAB8FFFE7E0300AFCB2E00\",\"Value\":1},{\"Key\":\"FFACB7FF689E0300C29C2F00\",\"Value\":1},{\"Key\":\"7CF8B7FFA68C0300BC202F00\",\"Value\":1},{\"Key\":\"0C0AB8FF9F8C03009D1C2F00\",\"Value\":1},{\"Key\":\"4CA4B8FF4E78030091B82E00\",\"Value\":1},{\"Key\":\"FAC8B8FF26750300B9A82E00\",\"Value\":1},{\"Key\":\"2D3DB9FFAB7603003CA52E00\",\"Value\":1},{\"Key\":\"28F0B8FF3A7C0300C2C02E00\",\"Value\":1},{\"Key\":\"8529B9FF88780300D9AD2E00\",\"Value\":1},{\"Key\":\"3E4FB9FF127E0300C7B92E00\",\"Value\":1},{\"Key\":\"C64FB9FFADAB0300B8592F00\",\"Value\":1},{\"Key\":\"B462B9FFC6B10300966C2F00\",\"Value\":1},{\"Key\":\"E1FEB9FF2B7C0300629D2E00\",\"Value\":1},{\"Key\":\"F29CB9FF29BD0300DE892F00\",\"Value\":1},{\"Key\":\"8F35BAFFDB7C0300EBA42E00\",\"Value\":1},{\"Key\":\"805EBAFF406D030045A32E00\",\"Value\":1},{\"Key\":\"6D5ABAFFEB680300139A2E00\",\"Value\":1},{\"Key\":\"3C70BAFFC7660300DAA32E00\",\"Value\":1},{\"Key\":\"DE9AB9FF67A503008C302F00\",\"Value\":1},{\"Key\":\"5C9BB9FF3E9F0300A3192F00\",\"Value\":1},{\"Key\":\"E589B9FF3DA0030076212F00\",\"Value\":1},{\"Key\":\"4375B9FF9992030027F92E00\",\"Value\":1},{\"Key\":\"F94FB9FFBB8A03007CE72E00\",\"Value\":1},{\"Key\":\"9E88B9FFCC3D030084EE2D00\",\"Value\":1},{\"Key\":\"C987B9FFD4360300EFD62D00\",\"Value\":1},{\"Key\":\"CA87B9FF50310300D6C32D00\",\"Value\":1},{\"Key\":\"6731BBFF223D03002F2B2E00\",\"Value\":1},{\"Key\":\"6B52B9FFBCF40200E4122D00\",\"Value\":1},{\"Key\":\"0E2AB9FFC1F50200B50A2D00\",\"Value\":1},{\"Key\":\"81F0B8FFC5FC0200D1012D00\",\"Value\":1},{\"Key\":\"ADD7B9FFB90E030038392D00\",\"Value\":1},{\"Key\":\"98EAB9FFA90B03004F392D00\",\"Value\":1},{\"Key\":\"55FBB9FF7C01030071282D00\",\"Value\":1},{\"Key\":\"F621BAFFFC000300E63A2D00\",\"Value\":1},{\"Key\":\"CE34BAFFAFFD0200353B2D00\",\"Value\":1},{\"Key\":\"9C35BAFFD50303002F522D00\",\"Value\":1},{\"Key\":\"5C81BAFFBEFD0200BB432D00\",\"Value\":1},{\"Key\":\"7595BAFF8CFC0200FF4C2D00\",\"Value\":1},{\"Key\":\"FD62BBFFE82003006E5D2900\",\"Value\":1},{\"Key\":\"2964BBFF5F210300A2482900\",\"Value\":1},{\"Key\":\"227DBBFFCE23030031452900\",\"Value\":1},{\"Key\":\"783BBBFFA71E03001C262900\",\"Value\":1},{\"Key\":\"C351BBFF19200300491E2900\",\"Value\":1},{\"Key\":\"724CBBFFB81F03008C132900\",\"Value\":1},{\"Key\":\"6D37BBFFD61E03000D072900\",\"Value\":1},{\"Key\":\"5D64BBFF6921030098262900\",\"Value\":1},{\"Key\":\"426DBBFF09220300D2142900\",\"Value\":1},{\"Key\":\"376DBBFF31220300BB042900\",\"Value\":1},{\"Key\":\"DE23BBFF4F20030067B22800\",\"Value\":1},{\"Key\":\"2916BBFFD41F030047702800\",\"Value\":1},{\"Key\":\"D160BBFF3C220300D1C12800\",\"Value\":1},{\"Key\":\"664CBBFFCE200300E77E2800\",\"Value\":1},{\"Key\":\"4362BBFFE51F0300CD3B2800\",\"Value\":1},{\"Key\":\"A941BBFF541F0300EC3C2800\",\"Value\":1},{\"Key\":\"874FBBFF4C1F0300393A2800\",\"Value\":1},{\"Key\":\"FE3DBBFF141F0300D8312800\",\"Value\":1},{\"Key\":\"FA4BBBFFF41E030041272800\",\"Value\":1},{\"Key\":\"2163BBFF391F0300801B2800\",\"Value\":1},{\"Key\":\"2769BBFFB31E0300E5F92700\",\"Value\":1},{\"Key\":\"00E2BBFF0B2A03005A292800\",\"Value\":1},{\"Key\":\"B3E2BBFFCB2903003E112800\",\"Value\":1},{\"Key\":\"9875BBFF6A1F0300BF002800\",\"Value\":1},{\"Key\":\"101DBCFF3E31030068032800\",\"Value\":1},{\"Key\":\"2D24BCFF19330300DA172800\",\"Value\":1},{\"Key\":\"CA37BCFF0D360300DB162800\",\"Value\":1},{\"Key\":\"EC36BCFF6A350300BE052800\",\"Value\":1},{\"Key\":\"8673BCFF974103006DF42700\",\"Value\":1},{\"Key\":\"3F77BCFFC54103006CDA2700\",\"Value\":1},{\"Key\":\"DC72BCFFBA400300EFD32700\",\"Value\":1},{\"Key\":\"E483BCFFE8420300A4D12700\",\"Value\":1},{\"Key\":\"0B67BCFFA03E030023C82700\",\"Value\":1},{\"Key\":\"F664BCFFAE3D030058B42700\",\"Value\":1},{\"Key\":\"C355BCFFE23A0300E1AC2700\",\"Value\":1},{\"Key\":\"DE68BCFF2F3D0300DA952700\",\"Value\":1},{\"Key\":\"2211BCFF562F030049F72700\",\"Value\":1},{\"Key\":\"A357BCFFA83A03005B812700\",\"Value\":1},{\"Key\":\"6622BCFFDA3103001AD92700\",\"Value\":1},{\"Key\":\"F942BCFF8E370300217D2700\",\"Value\":1},{\"Key\":\"7844BCFF1E38030021E02700\",\"Value\":1},{\"Key\":\"3841BCFF8037030024C12700\",\"Value\":1},{\"Key\":\"B343BCFF8D37030066582700\",\"Value\":1},{\"Key\":\"BC3ABCFFA7360300014F2700\",\"Value\":1},{\"Key\":\"EF3CBCFF9136030005AF2700\",\"Value\":1},{\"Key\":\"9C57BCFF8C3B030055BA2700\",\"Value\":1},{\"Key\":\"E42EBCFFEF350300083B2700\",\"Value\":1},{\"Key\":\"6952BCFF1A3A0300C39B2700\",\"Value\":1},{\"Key\":\"8525BCFFD834030050272700\",\"Value\":1},{\"Key\":\"B763BCFF5A3B0300CE752700\",\"Value\":1},{\"Key\":\"0C63BCFF823B03000A7B2700\",\"Value\":1},{\"Key\":\"F97BBCFFFE3B030095732700\",\"Value\":1},{\"Key\":\"E55CBCFF113C03005B362700\",\"Value\":1},{\"Key\":\"9E23BCFF9E340300ACE92600\",\"Value\":1},{\"Key\":\"801ABCFFD832030087EF2600\",\"Value\":1},{\"Key\":\"0165BCFF8E3D03005E292700\",\"Value\":1},{\"Key\":\"3118BCFF643203001ADD2600\",\"Value\":1},{\"Key\":\"B86ABCFF7F3E0300DC0E2700\",\"Value\":1},{\"Key\":\"5F25BCFFFD3403007DBE2600\",\"Value\":1},{\"Key\":\"4313BCFF943103008EB52600\",\"Value\":1},{\"Key\":\"A526BCFF43350300C6B52600\",\"Value\":1},{\"Key\":\"0F2FBCFF073703003BA22600\",\"Value\":1},{\"Key\":\"6E42BCFFB43903002CD12600\",\"Value\":1},{\"Key\":\"C649BCFF923A030051C32600\",\"Value\":1},{\"Key\":\"BC2BBCFFFC35030006832600\",\"Value\":1},{\"Key\":\"5F37BCFF3E3803001CC02600\",\"Value\":1},{\"Key\":\"DB49BCFF313B030018B12600\",\"Value\":1},{\"Key\":\"2825BCFF9734030069722600\",\"Value\":1},{\"Key\":\"B340BCFF2B3A0300CDA92600\",\"Value\":1},{\"Key\":\"4942BCFFDA3A0300CA972600\",\"Value\":1},{\"Key\":\"A93CBCFFE0390300BE902600\",\"Value\":1},{\"Key\":\"CC26BCFF4F34030061432600\",\"Value\":1},{\"Key\":\"B036BCFF62380300B2762600\",\"Value\":1},{\"Key\":\"F33BBCFF40390300706A2600\",\"Value\":1},{\"Key\":\"A83CBCFFB1330300D4BE2500\",\"Value\":1},{\"Key\":\"813ABCFF5D310300FC972500\",\"Value\":1},{\"Key\":\"B052BCFF943603005D852500\",\"Value\":1},{\"Key\":\"1943BCFF55310300E86F2500\",\"Value\":1},{\"Key\":\"F04EBCFF9D330300E8642500\",\"Value\":1},{\"Key\":\"D4F6BBFF71260300D4C62500\",\"Value\":1},{\"Key\":\"DA00BCFF87270300EEBD2500\",\"Value\":1},{\"Key\":\"2F01BCFFF2270300DFC42500\",\"Value\":1},{\"Key\":\"554ABCFF4330030030482500\",\"Value\":1},{\"Key\":\"0CF4BBFF5F2403000BA82500\",\"Value\":1},{\"Key\":\"52F8BBFF5222030014812500\",\"Value\":1},{\"Key\":\"E9E4BBFF211E0300106D2500\",\"Value\":1},{\"Key\":\"0AF9BBFFF6200300416C2500\",\"Value\":1},{\"Key\":\"CDE9BBFF471E0300ED5E2500\",\"Value\":1},{\"Key\":\"EF36BCFF67270300DDFC2400\",\"Value\":1},{\"Key\":\"3C2ABCFF5925030006022500\",\"Value\":1},{\"Key\":\"D036BCFF082603008EE52400\",\"Value\":1},{\"Key\":\"CFE5BBFF2C1A030051062500\",\"Value\":1},{\"Key\":\"08FABBFFF41A03009ED62400\",\"Value\":1},{\"Key\":\"20E2BBFFE5170300B4CC2400\",\"Value\":1},{\"Key\":\"EB38BCFF822403000DC02400\",\"Value\":1},{\"Key\":\"ECE1BBFF8A170300A8BE2400\",\"Value\":1},{\"Key\":\"B7F7BBFFE619030025BF2400\",\"Value\":1},{\"Key\":\"322BBCFF71210300F6B82400\",\"Value\":1},{\"Key\":\"3304BCFF281A0300A7A02400\",\"Value\":1},{\"Key\":\"7C11BCFF7C1C03005DAC2400\",\"Value\":1},{\"Key\":\"DFF6BBFF1317030030782400\",\"Value\":1},{\"Key\":\"9C19BCFF961C03001B932400\",\"Value\":1},{\"Key\":\"0CF8BBFF4B1603007A122400\",\"Value\":1},{\"Key\":\"DDE7BBFF4E15030031162400\",\"Value\":1},{\"Key\":\"3A0BBCFF481803003C022400\",\"Value\":1},{\"Key\":\"820ABCFFD71703003EF12300\",\"Value\":1},{\"Key\":\"E8FDBBFFE515030061DD2300\",\"Value\":1},{\"Key\":\"66F5BBFFEE14030046D52300\",\"Value\":1},{\"Key\":\"83FEBBFFC315030017C42300\",\"Value\":1},{\"Key\":\"A505BCFF7A1703008BBB2300\",\"Value\":1},{\"Key\":\"64E4BBFFE4140300D6FF2300\",\"Value\":1},{\"Key\":\"BDF2BBFFA5150300C2F42300\",\"Value\":1},{\"Key\":\"F2ECBBFF4C13030063C22300\",\"Value\":1},{\"Key\":\"B9F7BBFFFA140300F79F2300\",\"Value\":1},{\"Key\":\"10D2BBFF02100300078F2300\",\"Value\":1},{\"Key\":\"E5E2BBFFC0140300E17D2300\",\"Value\":1},{\"Key\":\"60C4BBFFF810030075F72200\",\"Value\":1},{\"Key\":\"23D1BBFFB91203004DE62200\",\"Value\":1},{\"Key\":\"83CBBBFF7511030031CE2200\",\"Value\":1},{\"Key\":\"77B6BBFFB70E0300F5C82200\",\"Value\":1},{\"Key\":\"3BC4BBFF44110300E5BB2200\",\"Value\":1},{\"Key\":\"23B1BBFFAD0F0300E8A82200\",\"Value\":1},{\"Key\":\"F6AABBFFF20E030012AD2200\",\"Value\":1},{\"Key\":\"D3B6BBFF491403002F742200\",\"Value\":1},{\"Key\":\"0E8BBBFF2E1E0300CBF62100\",\"Value\":1},{\"Key\":\"F3A1BBFF1D1903003D3B2200\",\"Value\":1},{\"Key\":\"B2B9BBFF1E120300B98F2200\",\"Value\":1},{\"Key\":\"6D8BBBFF9515030048392200\",\"Value\":1},{\"Key\":\"BA4DBCFFEA280300C9562300\",\"Value\":1},{\"Key\":\"265BBCFF5F2C0300923D2300\",\"Value\":1},{\"Key\":\"F88DBBFFD01A0300B8112200\",\"Value\":1},{\"Key\":\"4DA9BBFF52140300A6622200\",\"Value\":1},{\"Key\":\"F564BCFF932C030049282300\",\"Value\":1},{\"Key\":\"19A3BBFF1C10030094872200\",\"Value\":1},{\"Key\":\"425FBCFFD92B0300CC162300\",\"Value\":1},{\"Key\":\"7FA7BBFF981603009C502200\",\"Value\":1},{\"Key\":\"D35DBCFF2A2B0300820C2300\",\"Value\":1},{\"Key\":\"464CBCFF4D2C03000BCD2200\",\"Value\":1},{\"Key\":\"EF59BCFF0A320300A4B72200\",\"Value\":1},{\"Key\":\"3AA3BBFF451D0300241C2200\",\"Value\":1},{\"Key\":\"1A4CBCFF312F0300BEAE2200\",\"Value\":1},{\"Key\":\"ED43BCFFA22E0300BB9F2200\",\"Value\":1},{\"Key\":\"8D44BCFF9A2D03002EAA2200\",\"Value\":1},{\"Key\":\"9675BBFFA3280300758B2100\",\"Value\":1},{\"Key\":\"A698BBFFE624030011D62100\",\"Value\":1},{\"Key\":\"9240BCFF112F03001A932200\",\"Value\":1},{\"Key\":\"6D79BBFF9E2D0300B26F2100\",\"Value\":1},{\"Key\":\"2F84BBFF0420030009DC2100\",\"Value\":1},{\"Key\":\"F327BCFF3C280300909B2200\",\"Value\":1},{\"Key\":\"3C24BCFF5428030086922200\",\"Value\":1},{\"Key\":\"278DBBFFA32603007ABF2100\",\"Value\":1},{\"Key\":\"007EBBFFFE230300A9BD2100\",\"Value\":1},{\"Key\":\"BD23BCFF2A2E0300C95C2200\",\"Value\":1},{\"Key\":\"3C60BBFF4F2F03002B342100\",\"Value\":1},{\"Key\":\"9483BBFFBE3103001A602100\",\"Value\":1},{\"Key\":\"654CBBFF7A2D0300100F2100\",\"Value\":1},{\"Key\":\"5A6BBBFF6A2E0300FF582100\",\"Value\":1},{\"Key\":\"D071BBFF823403003A2F2100\",\"Value\":1},{\"Key\":\"1D62BBFFD33A0300BCDA2000\",\"Value\":1},{\"Key\":\"A7A3BBFF8E32030020922100\",\"Value\":1},{\"Key\":\"14A2BBFF53350300307A2100\",\"Value\":1},{\"Key\":\"F435BBFF8D460300975B2000\",\"Value\":1},{\"Key\":\"87B7BBFF453E03000D5C2100\",\"Value\":1},{\"Key\":\"F841BBFFE44B0300D94C2000\",\"Value\":1},{\"Key\":\"E6ABBBFFE54003007B3E2100\",\"Value\":1},{\"Key\":\"5EB3BBFF54430300DA392100\",\"Value\":1},{\"Key\":\"F3A8BBFF0B530300CAC62000\",\"Value\":1},{\"Key\":\"81B2BBFF8557030093BD2000\",\"Value\":1},{\"Key\":\"FE1FBBFF2064030022861F00\",\"Value\":1},{\"Key\":\"9EA3BBFF8055030020AD2000\",\"Value\":1},{\"Key\":\"3237BBFF1A5D03004FCF1F00\",\"Value\":1},{\"Key\":\"1FB4BBFF625C030097A02000\",\"Value\":1},{\"Key\":\"2E26BBFFBB7003004E561F00\",\"Value\":1},{\"Key\":\"038DBBFF4E530300E6842000\",\"Value\":1},{\"Key\":\"2110BBFF3C700300E5401F00\",\"Value\":1},{\"Key\":\"B316BBFF4874030016361F00\",\"Value\":1},{\"Key\":\"97FEBAFF367A03001C011F00\",\"Value\":1},{\"Key\":\"8585BBFF1E6C0300E30B2000\",\"Value\":1},{\"Key\":\"DA81BBFF986C0300CF002000\",\"Value\":1},{\"Key\":\"3F0ABBFF548A0300AFC61E00\",\"Value\":1},{\"Key\":\"9600BBFF8F7503000B181F00\",\"Value\":1},{\"Key\":\"BF0CBBFF897D0300F9011F00\",\"Value\":1},{\"Key\":\"21F7BAFF218C03003AAC1E00\",\"Value\":1},{\"Key\":\"2B11BBFF6184030072EA1E00\",\"Value\":1},{\"Key\":\"BBF7BAFFE57E0300A0E81E00\",\"Value\":1},{\"Key\":\"0C00BBFF668303009BDD1E00\",\"Value\":1},{\"Key\":\"460BBBFFB3860300B6D81E00\",\"Value\":1},{\"Key\":\"79FCBAFF8C8803001BC31E00\",\"Value\":1},{\"Key\":\"36EBBAFF5C860300E7BA1E00\",\"Value\":1},{\"Key\":\"5736BBFFA6660300B9991F00\",\"Value\":1},{\"Key\":\"F735BBFFD5690300418B1F00\",\"Value\":1},{\"Key\":\"7419BBFF4E7D0300F8111F00\",\"Value\":1},{\"Key\":\"57CCBAFFD79F0300401F1E00\",\"Value\":1},{\"Key\":\"42CABAFF7BB00300DFC21D00\",\"Value\":1},{\"Key\":\"96E5BAFFE0A903007D031E00\",\"Value\":1},{\"Key\":\"6FCCBAFF7BA4030055081E00\",\"Value\":1},{\"Key\":\"6DE1BAFFD3C8030060491D00\",\"Value\":1},{\"Key\":\"85BFBAFFEFC30300BB491D00\",\"Value\":1},{\"Key\":\"ABD9BAFF9DBF0300F6861D00\",\"Value\":1},{\"Key\":\"AFCBBAFFACC60300C13F1D00\",\"Value\":1},{\"Key\":\"E2D8BAFFE2C1030088751D00\",\"Value\":1},{\"Key\":\"4ACCBAFF13C90300B7291D00\",\"Value\":1},{\"Key\":\"62CEBAFF94CA0300EE1F1D00\",\"Value\":1},{\"Key\":\"2BD4BAFF15C3030086651D00\",\"Value\":1},{\"Key\":\"5AE2BAFF4FC503007C641D00\",\"Value\":1},{\"Key\":\"B6DFBAFF6DD60300C3D61C00\",\"Value\":1},{\"Key\":\"B7CEBAFF3BD7030011BD1C00\",\"Value\":1},{\"Key\":\"68D7BAFF9FCF0300AB041D00\",\"Value\":1},{\"Key\":\"74A8BAFFE6A80300D3CB1D00\",\"Value\":1},{\"Key\":\"2CA8BAFF5BAA03002DC31D00\",\"Value\":1},{\"Key\":\"65CDBAFF21D303001BDD1C00\",\"Value\":1},{\"Key\":\"739FBAFF40A9030022C21D00\",\"Value\":1},{\"Key\":\"AEE7BAFF15DE03008D7C1C00\",\"Value\":1},{\"Key\":\"BC97BAFFD7AD03005FA41D00\",\"Value\":1},{\"Key\":\"420ABBFF6AE303005B421C00\",\"Value\":1},{\"Key\":\"64B5BAFF01C103004D561D00\",\"Value\":1},{\"Key\":\"043ABBFF95E80300E0331C00\",\"Value\":1},{\"Key\":\"83E1BAFF67DE0300C46B1C00\",\"Value\":1},{\"Key\":\"A3A6BAFF0DC1030091481D00\",\"Value\":1},{\"Key\":\"DDB6BAFF26C60300AD291D00\",\"Value\":1},{\"Key\":\"15AABAFF51C40300AF291D00\",\"Value\":1},{\"Key\":\"C8B8BAFFCCC8030019131D00\",\"Value\":1},{\"Key\":\"35F8BAFF20E20300E13C1C00\",\"Value\":1},{\"Key\":\"650BBBFF3FE4030022311C00\",\"Value\":1},{\"Key\":\"B32CBBFF60E7030034311C00\",\"Value\":1},{\"Key\":\"15EBBAFF16D4030047F31C00\",\"Value\":1},{\"Key\":\"0DF6BAFFFDD7030011DD1C00\",\"Value\":1},{\"Key\":\"CE6DBBFFF0EC0300B8261C00\",\"Value\":1},{\"Key\":\"EDEBBAFF6BD90300D7C91C00\",\"Value\":1},{\"Key\":\"600ABBFFB3DD030049C21C00\",\"Value\":1},{\"Key\":\"E8BCBAFF1CD50300FFBC1C00\",\"Value\":1},{\"Key\":\"C5AABAFF90D30300FEBE1C00\",\"Value\":1},{\"Key\":\"B0A0BAFF58D003007BD41C00\",\"Value\":1},{\"Key\":\"2E95BAFFD5D1030019B81C00\",\"Value\":1},{\"Key\":\"10B8BAFF48DA0300585E1C00\",\"Value\":1},{\"Key\":\"96BCBBFFF2F20300EA011C00\",\"Value\":1},{\"Key\":\"D10EBCFF7CFA0300D6D11B00\",\"Value\":1},{\"Key\":\"6911BBFF4AE203000A8A1C00\",\"Value\":1},{\"Key\":\"6716BBFFA6E10300F89C1C00\",\"Value\":1},{\"Key\":\"5B2DBBFF69E503009E821C00\",\"Value\":1},{\"Key\":\"EB7DBBFF45EE030003921C00\",\"Value\":1},{\"Key\":\"D690BBFFD8F00300ED911C00\",\"Value\":1},{\"Key\":\"158BBBFF93F00300DD831C00\",\"Value\":1},{\"Key\":\"1781BBFFD1EF0300BC721C00\",\"Value\":1},{\"Key\":\"0090BBFFBBF10300466D1C00\",\"Value\":1},{\"Key\":\"E477BBFFE5EE0300655D1C00\",\"Value\":1},{\"Key\":\"6B91BBFFCCF10300BE721C00\",\"Value\":1},{\"Key\":\"8AA0BBFF6AF30300AD821C00\",\"Value\":1},{\"Key\":\"50B3BBFF87F5030098741C00\",\"Value\":1},{\"Key\":\"E0B2BBFF79F50300386B1C00\",\"Value\":1},{\"Key\":\"DDCDBBFFF4F7030012531C00\",\"Value\":1},{\"Key\":\"BDE5BBFFBDFA0300CE5E1C00\",\"Value\":1},{\"Key\":\"7DE7BBFF9BFA0300A3491C00\",\"Value\":1},{\"Key\":\"640FBCFF4EFF0300CB481C00\",\"Value\":1},{\"Key\":\"0FFABCFFA3160400C10F1A00\",\"Value\":1},{\"Key\":\"8990BCFFFE0C040019461B00\",\"Value\":1},{\"Key\":\"2838BCFF87020400F61B1C00\",\"Value\":1},{\"Key\":\"E94EBCFF0F05040079121C00\",\"Value\":1},{\"Key\":\"04D1BCFF6417040092C61A00\",\"Value\":1},{\"Key\":\"9AF8BCFFC911040088C11900\",\"Value\":1},{\"Key\":\"74EEBCFF3D1C0400CCBB1A00\",\"Value\":1},{\"Key\":\"08D8BCFF8B180400E69A1A00\",\"Value\":1},{\"Key\":\"B7F9BCFF781D04007C841A00\",\"Value\":1},{\"Key\":\"47EBBCFF58180400054A1A00\",\"Value\":1},{\"Key\":\"17AABCFF6A12040055A41B00\",\"Value\":1},{\"Key\":\"4FBDBCFF891504006AAB1B00\",\"Value\":1},{\"Key\":\"2BC2BCFF22160400FAB31B00\",\"Value\":1},{\"Key\":\"64BABCFFC114040081C71B00\",\"Value\":1},{\"Key\":\"7FB8BCFFAB14040019D41B00\",\"Value\":1},{\"Key\":\"EFC2BCFF8F1604007E321C00\",\"Value\":1},{\"Key\":\"EFA4BCFF1C12040052481C00\",\"Value\":1},{\"Key\":\"AF8EBCFFC40E0400F73D1C00\",\"Value\":1},{\"Key\":\"8FA9BCFFAF12040026341C00\",\"Value\":1},{\"Key\":\"29B6BCFFC1140400FB3C1C00\",\"Value\":1},{\"Key\":\"D7E6BCFFA11A040052861A00\",\"Value\":1},{\"Key\":\"DCF8BCFFAD1B04006A5D1A00\",\"Value\":1},{\"Key\":\"D6F8BCFF481B040031561A00\",\"Value\":1},{\"Key\":\"2CF8BCFF341C0400F56B1A00\",\"Value\":1},{\"Key\":\"0FFABCFFE6180400AB361A00\",\"Value\":1},{\"Key\":\"10FABCFFFC1204001BD91900\",\"Value\":1},{\"Key\":\"24F7BCFF55170400A3251A00\",\"Value\":1},{\"Key\":\"FEEBBCFFC612040003F01900\",\"Value\":1},{\"Key\":\"7E02BDFFC01504004CF41900\",\"Value\":1},{\"Key\":\"CDC6BCFF400C04001D671900\",\"Value\":1},{\"Key\":\"95D3BCFFAD0C04001EB01900\",\"Value\":1},{\"Key\":\"67E4BCFF4F0F040049961900\",\"Value\":1},{\"Key\":\"06D2BCFF370E040095191900\",\"Value\":1},{\"Key\":\"1BC4BCFFED0B0400383E1900\",\"Value\":1},{\"Key\":\"876CBCFF12180400A0AB1700\",\"Value\":1},{\"Key\":\"4BAEBCFF810F04006FC11800\",\"Value\":1},{\"Key\":\"FEB7BCFFC410040068BF1800\",\"Value\":1},{\"Key\":\"A9BFBCFF8314040066AE1800\",\"Value\":1},{\"Key\":\"7DCDBCFF4E0D0400D22A1900\",\"Value\":1},{\"Key\":\"7DC3BCFF151E040020781800\",\"Value\":1},{\"Key\":\"CFAFBCFF0E1F0400EC511800\",\"Value\":1},{\"Key\":\"7DC3BCFFE30F040000CE1800\",\"Value\":1},{\"Key\":\"85AEBCFFBE1404001DA01800\",\"Value\":1},{\"Key\":\"58B5BCFF661A0400B0811800\",\"Value\":1},{\"Key\":\"E28EBCFFF01A0400D4211800\",\"Value\":1},{\"Key\":\"65A2BCFFB611040088A91800\",\"Value\":1},{\"Key\":\"B2B8BCFF0A1E0400F86A1800\",\"Value\":1},{\"Key\":\"F190BCFF8B1B0400A7CA1700\",\"Value\":1},{\"Key\":\"2078BCFF881804008FCD1700\",\"Value\":1},{\"Key\":\"9C78BCFF4219040035AA1700\",\"Value\":1},{\"Key\":\"15D1BCFFC80F0400DAE11800\",\"Value\":1},{\"Key\":\"EE87BCFF5B1A040001BB1700\",\"Value\":1},{\"Key\":\"A0C4BCFFA71904001E951800\",\"Value\":1},{\"Key\":\"5083BCFF541A0400499F1700\",\"Value\":1},{\"Key\":\"3782BCFF08450400A3201600\",\"Value\":1},{\"Key\":\"9562BCFF411D0400C95B1700\",\"Value\":1},{\"Key\":\"D266BCFF8C260400EA001700\",\"Value\":1},{\"Key\":\"BC8CBCFF371904003F3D1800\",\"Value\":1},{\"Key\":\"B76ABCFF1E2004007E421700\",\"Value\":1},{\"Key\":\"8571BCFFC6200400753D1700\",\"Value\":1},{\"Key\":\"ED63BCFF41210400BA351700\",\"Value\":1},{\"Key\":\"989DBCFF68460400C9C71500\",\"Value\":1},{\"Key\":\"3767BCFF92240400A8151700\",\"Value\":1},{\"Key\":\"8C82BCFFA2410400233F1600\",\"Value\":1},{\"Key\":\"8988BCFF06420400213C1600\",\"Value\":1},{\"Key\":\"EF87BCFFE7440400C8211600\",\"Value\":1},{\"Key\":\"C58ABCFF0A2004000D4E1700\",\"Value\":1},{\"Key\":\"9A83BCFF04210400173F1700\",\"Value\":1},{\"Key\":\"A35EBCFF7F3D04003A581600\",\"Value\":1},{\"Key\":\"5183BCFFD1220400C72C1700\",\"Value\":1},{\"Key\":\"CF90BCFF4E240400831A1700\",\"Value\":1},{\"Key\":\"6784BCFFE0260400CCFC1600\",\"Value\":1},{\"Key\":\"B1A3BCFFD5240400700B1700\",\"Value\":1},{\"Key\":\"64A4BCFF9725040061FF1600\",\"Value\":1},{\"Key\":\"1A7CBCFF004704000A021600\",\"Value\":1},{\"Key\":\"5180BCFF6C28040048EB1600\",\"Value\":1},{\"Key\":\"C398BCFFF826040013F01600\",\"Value\":1},{\"Key\":\"7E8ABCFFB2470400DDF11500\",\"Value\":1},{\"Key\":\"4A97BCFF9E28040024DF1600\",\"Value\":1},{\"Key\":\"C299BCFF5E47040042E41500\",\"Value\":1},{\"Key\":\"DA99BCFF292A0400D3CC1600\",\"Value\":1},{\"Key\":\"5F98BCFF26420400D7891500\",\"Value\":1},{\"Key\":\"CA84BCFF612B0400BDCA1600\",\"Value\":1},{\"Key\":\"379ABCFF542C040097B81600\",\"Value\":1},{\"Key\":\"5184BCFF7B2D040040B81600\",\"Value\":1},{\"Key\":\"FBA4BCFF932D0400FBA91600\",\"Value\":1},{\"Key\":\"708EBCFF7C460400E5BE1500\",\"Value\":1},{\"Key\":\"928EBCFFFB45040054B61500\",\"Value\":1},{\"Key\":\"8896BCFF1D450400BAAE1500\",\"Value\":1},{\"Key\":\"1E96BCFF143204008F961600\",\"Value\":1},{\"Key\":\"B19EBCFFEE4204004C971500\",\"Value\":1},{\"Key\":\"A8A9BCFF2C4104007B8D1500\",\"Value\":1},{\"Key\":\"A5A5BCFF163D04007B601500\",\"Value\":1},{\"Key\":\"2D8CBCFF0A3C0400F9231500\",\"Value\":1},{\"Key\":\"F796BCFF6C3B0400F3EE1400\",\"Value\":1},{\"Key\":\"1C9FBCFF983B0400D9E51400\",\"Value\":1},{\"Key\":\"6AA1BCFF273B040088D11400\",\"Value\":1},{\"Key\":\"A3AABCFF653B0400E2C71400\",\"Value\":1},{\"Key\":\"8599BCFFD8390400BBBA1400\",\"Value\":1},{\"Key\":\"9283BAFFA77B0300C4EE0E00\",\"Value\":1},{\"Key\":\"157FBAFF367D0300ECCF0E00\",\"Value\":1},{\"Key\":\"9569BAFFFF790300C89F0E00\",\"Value\":1},{\"Key\":\"0956BAFF417803001D9A0E00\",\"Value\":1},{\"Key\":\"AC62BAFF217A0300E9870E00\",\"Value\":1},{\"Key\":\"9E59BAFFA47A03002E760E00\",\"Value\":1},{\"Key\":\"5C6DBAFFE77C030020730E00\",\"Value\":1},{\"Key\":\"995CBAFFC77C03004D5D0E00\",\"Value\":1},{\"Key\":\"C76CBAFF947E0300693D0E00\",\"Value\":1},{\"Key\":\"BC50BAFFA878030067290E00\",\"Value\":1},{\"Key\":\"7D4DBAFFF7710300B90F0E00\",\"Value\":1},{\"Key\":\"AB46BAFF2C660300E1F10D00\",\"Value\":1},{\"Key\":\"B734BAFF585B03006ED90D00\",\"Value\":1},{\"Key\":\"D7CEB9FF007703004EF80C00\",\"Value\":1},{\"Key\":\"92BFB9FFC99803006CC70C00\",\"Value\":1},{\"Key\":\"C2B3B9FFC4920300B8D30C00\",\"Value\":1},{\"Key\":\"F7B6B9FF679E0300FBBF0C00\",\"Value\":1},{\"Key\":\"2AC0B9FFF1A803005BAB0C00\",\"Value\":1},{\"Key\":\"8FC8B9FF49B50300A1910C00\",\"Value\":1},{\"Key\":\"3993B9FF2DC8030078570C00\",\"Value\":1},{\"Key\":\"9C9FB9FF6FCB0300D64D0C00\",\"Value\":1},{\"Key\":\"7581B9FFF6CB030001490C00\",\"Value\":1},{\"Key\":\"078DB9FF25CD0300ED450C00\",\"Value\":1},{\"Key\":\"1B75B9FFCBCF03000D370C00\",\"Value\":1},{\"Key\":\"706CB9FFB2D20300CE200C00\",\"Value\":1},{\"Key\":\"B53BB9FF5DD1030078020C00\",\"Value\":1},{\"Key\":\"0D2EB9FF83D50300E8DE0B00\",\"Value\":1},{\"Key\":\"23B4B7FF1BF50300A84C0800\",\"Value\":1},{\"Key\":\"F29EB7FFE4ED030037600800\",\"Value\":1},{\"Key\":\"6DB5B7FF53EE0300115F0800\",\"Value\":1},{\"Key\":\"7CEDC2FF2F99040011C01100\",\"Value\":1},{\"Key\":\"02F1C2FF499A04001CCB1100\",\"Value\":1},{\"Key\":\"D107C3FFF5990400F7CA1100\",\"Value\":1},{\"Key\":\"C114C3FF189C0400D3DF1100\",\"Value\":1},{\"Key\":\"2E42C3FF479A0400F8CD1100\",\"Value\":1},{\"Key\":\"1D5CC3FF9C9204004CB71100\",\"Value\":1},{\"Key\":\"1144C3FFB48E040014A51100\",\"Value\":1},{\"Key\":\"1B86C3FF8C8B04008B601100\",\"Value\":1},{\"Key\":\"119CC3FF9F8A0400EA581100\",\"Value\":1},{\"Key\":\"63BDC3FF997E0400C92C1100\",\"Value\":1},{\"Key\":\"23B4C3FFD57F040038391100\",\"Value\":1},{\"Key\":\"FC9DC3FFA27B04003E341100\",\"Value\":1},{\"Key\":\"A8CBC3FF0D720400D0151100\",\"Value\":1},{\"Key\":\"DA44C4FF979F0400F4091100\",\"Value\":1},{\"Key\":\"835BC4FF40AE040004111100\",\"Value\":1},{\"Key\":\"8066C4FF87BE0400C0201100\",\"Value\":1},{\"Key\":\"24CAC4FF7AE4040055981100\",\"Value\":1},{\"Key\":\"F1D5C4FF63EC0400C2A81100\",\"Value\":1},{\"Key\":\"37E7C4FFD6EA04002C9C1100\",\"Value\":1},{\"Key\":\"A5E3C4FF20F20400D2B51100\",\"Value\":1},{\"Key\":\"2FEFC4FF45F40400DDB71100\",\"Value\":1},{\"Key\":\"17FCC4FFC8FB0400DECE1100\",\"Value\":1},{\"Key\":\"792BC5FFF301050057CC1100\",\"Value\":1},{\"Key\":\"983CC5FFE80505008AD01100\",\"Value\":1},{\"Key\":\"6D54C5FF360E050065E51100\",\"Value\":1},{\"Key\":\"1CD8CAFF73F2050095EB1400\",\"Value\":1},{\"Key\":\"0CE6CAFF12F60500BEF11400\",\"Value\":1},{\"Key\":\"EAE7CAFF73F305009E001500\",\"Value\":1},{\"Key\":\"3EEDCAFF5EE805007C321500\",\"Value\":1},{\"Key\":\"BA11CBFFD6E60500B95C1500\",\"Value\":1},{\"Key\":\"2D0ECBFFEDDC0500D38F1500\",\"Value\":1},{\"Key\":\"BB42CBFF37E1050032D41500\",\"Value\":1},{\"Key\":\"5D3DCBFF52DC050050E91500\",\"Value\":1},{\"Key\":\"1F55CBFF9EE305006EDC1500\",\"Value\":1},{\"Key\":\"E19BCBFF59D705008D521600\",\"Value\":1},{\"Key\":\"909CCBFF2FD6050039611600\",\"Value\":1},{\"Key\":\"62BBCBFF84D8050083671600\",\"Value\":1},{\"Key\":\"C6B1CBFF26D705002E761600\",\"Value\":1},{\"Key\":\"6EBACBFFEFD7050056791600\",\"Value\":1},{\"Key\":\"F2C5CBFF81D90500FB891600\",\"Value\":1},{\"Key\":\"D6D7CBFF10DB050038881600\",\"Value\":1},{\"Key\":\"BBBBCBFFDFDA050004A31600\",\"Value\":1},{\"Key\":\"DEE6CBFFF7DE0500B5A81600\",\"Value\":1},{\"Key\":\"B7F0CBFF2EE605003CCA1600\",\"Value\":1},{\"Key\":\"5BEACBFFE9F40500E3001700\",\"Value\":1},{\"Key\":\"0DE9CBFF74FA0500D7151700\",\"Value\":1},{\"Key\":\"48FECBFFB0FF05004E1F1700\",\"Value\":1},{\"Key\":\"B7F9CBFF8801060006281700\",\"Value\":1},{\"Key\":\"8C04CCFF84050600BB301700\",\"Value\":1},{\"Key\":\"4804CCFF5F0A060057421700\",\"Value\":1},{\"Key\":\"A2F5CBFF76060600633B1700\",\"Value\":1},{\"Key\":\"5E00CCFFEF0E0600E4561700\",\"Value\":1},{\"Key\":\"2612CCFF31110600A1541700\",\"Value\":1},{\"Key\":\"8519CCFF90150600FE621700\",\"Value\":1},{\"Key\":\"6811CCFFB9140600E6641700\",\"Value\":1},{\"Key\":\"5210CCFF441C060015901700\",\"Value\":1},{\"Key\":\"A930CCFFAB2106001B951700\",\"Value\":1},{\"Key\":\"7868CCFFE22C060069B61700\",\"Value\":1},{\"Key\":\"6279CCFFAB320600F7DF1700\",\"Value\":1},{\"Key\":\"2783CCFF983406004DE91700\",\"Value\":1},{\"Key\":\"1F89CCFFBC3506008BFD1700\",\"Value\":1},{\"Key\":\"C09ECCFF6F3806003DFB1700\",\"Value\":1},{\"Key\":\"9BC4CCFFB6380600F2421800\",\"Value\":1},{\"Key\":\"EDD2CCFF743A06007E401800\",\"Value\":1},{\"Key\":\"0CDCCCFF6D3A06000C4C1800\",\"Value\":1},{\"Key\":\"77C9CCFFB2370600A5531800\",\"Value\":1},{\"Key\":\"6BD5CCFF67380600716D1800\",\"Value\":1},{\"Key\":\"E4F1CCFF703C06003E771800\",\"Value\":1},{\"Key\":\"22FECCFF463E0600C16B1800\",\"Value\":1},{\"Key\":\"1BF2CCFF8A3D0600C3A51800\",\"Value\":1},{\"Key\":\"A9FECCFF823F0600899E1800\",\"Value\":1},{\"Key\":\"4006CDFF9540060029A61800\",\"Value\":1},{\"Key\":\"6810CDFFDB410600E3A81800\",\"Value\":1},{\"Key\":\"4412CDFFD441060020C51800\",\"Value\":1},{\"Key\":\"F809CDFF46400600B5D01800\",\"Value\":1},{\"Key\":\"1711CDFF4C4106001ED71800\",\"Value\":1},{\"Key\":\"6F0FCDFFAC400600F7E51800\",\"Value\":1},{\"Key\":\"B312CDFFB4400600E1F21800\",\"Value\":1},{\"Key\":\"CE07CDFF773D060024181900\",\"Value\":1},{\"Key\":\"EF19CDFF76400600FB181900\",\"Value\":1},{\"Key\":\"A113CDFFBD3F06003D121900\",\"Value\":1},{\"Key\":\"A404CDFF5E37060030621900\",\"Value\":1},{\"Key\":\"7D0FCDFFC936060087901900\",\"Value\":1},{\"Key\":\"A105CDFF43330600DEA21900\",\"Value\":1},{\"Key\":\"6427CDFF7B38060017A91900\",\"Value\":1},{\"Key\":\"9819CDFFB635060013B01900\",\"Value\":1},{\"Key\":\"E334CDFFAC340600B2D21900\",\"Value\":1},{\"Key\":\"493BCDFFF6370600DBC31900\",\"Value\":1},{\"Key\":\"757CCDFF0936060000021A00\",\"Value\":1},{\"Key\":\"CD8FCDFFDA3806007C031A00\",\"Value\":1},{\"Key\":\"EB9BCDFF0C360600AF231A00\",\"Value\":1},{\"Key\":\"DBABCDFF67390600AF1A1A00\",\"Value\":1},{\"Key\":\"74A8CDFFFF360600F32B1A00\",\"Value\":1},{\"Key\":\"8795CDFFFC3206000E3A1A00\",\"Value\":1},{\"Key\":\"A6B2CDFF143506005F451A00\",\"Value\":1},{\"Key\":\"B9ABCDFF973306000F4F1A00\",\"Value\":1},{\"Key\":\"D9C3CDFFE6340600D75B1A00\",\"Value\":1},{\"Key\":\"F2AACDFFCB32060007651A00\",\"Value\":1},{\"Key\":\"6AC7CDFF3E340600B1701A00\",\"Value\":1},{\"Key\":\"8BDFCDFF8135060067991A00\",\"Value\":1},{\"Key\":\"08D5CDFF9F340600B2841A00\",\"Value\":1},{\"Key\":\"96D6CDFF54360600F9A41A00\",\"Value\":1},{\"Key\":\"5AEACDFF7536060059A61A00\",\"Value\":1},{\"Key\":\"00FFCDFF1A3F060057FD1A00\",\"Value\":1},{\"Key\":\"7614CEFF6F3F06005BFD1A00\",\"Value\":1},{\"Key\":\"5754CEFF42460600F2581B00\",\"Value\":1},{\"Key\":\"716BCEFF8A47060044671B00\",\"Value\":1},{\"Key\":\"9DA1CEFFB449060052C41B00\",\"Value\":1},{\"Key\":\"B3AFCEFF464B06003CDE1B00\",\"Value\":1},{\"Key\":\"9AACCEFF8F4B06006EE71B00\",\"Value\":1},{\"Key\":\"36C0CEFFB54C06005EF01B00\",\"Value\":1},{\"Key\":\"2BC0CEFFEC4C0600C3051C00\",\"Value\":1},{\"Key\":\"D7CFCEFFEC4C0600CD131C00\",\"Value\":1},{\"Key\":\"42EACEFF0F4D06000C2E1C00\",\"Value\":1},{\"Key\":\"69F1CEFF474D0600FB3B1C00\",\"Value\":1},{\"Key\":\"67E5CEFF484D0600BB4E1C00\",\"Value\":1},{\"Key\":\"A7F9CEFFEC4C060079631C00\",\"Value\":1},{\"Key\":\"A7FFCEFFEC4C0600A87A1C00\",\"Value\":1},{\"Key\":\"4F0DCFFFEC4C060039931C00\",\"Value\":1},{\"Key\":\"4F04CFFFEC4C06006BA61C00\",\"Value\":1},{\"Key\":\"C507CFFFEC4C060016AC1C00\",\"Value\":1},{\"Key\":\"540BCFFFEC4C0600C0BE1C00\",\"Value\":1},{\"Key\":\"2F0DCFFFEC4C060088D71C00\",\"Value\":1},{\"Key\":\"DE2BCFFFEC4C06009B9C1C00\",\"Value\":1},{\"Key\":\"D543CFFFEC4C06005E5E1C00\",\"Value\":1},{\"Key\":\"E158CFFFEC4C0600F63C1C00\",\"Value\":1},{\"Key\":\"345FCFFFEC4C0600BF3E1C00\",\"Value\":1},{\"Key\":\"B37CCFFFEC4C06000B4E1C00\",\"Value\":1},{\"Key\":\"D08FCFFFEC4C060061591C00\",\"Value\":1},{\"Key\":\"3385CFFFEC4C06004F671C00\",\"Value\":1},{\"Key\":\"9E7FCFFFEC4C0600C5681C00\",\"Value\":1},{\"Key\":\"5D85CFFFEC4C060004781C00\",\"Value\":1},{\"Key\":\"7187CFFFEC4C06009C871C00\",\"Value\":1},{\"Key\":\"5375CFFFEC4C06008C7F1C00\",\"Value\":1},{\"Key\":\"0B8ECFFFEC4C0600C4D71C00\",\"Value\":1},{\"Key\":\"728DCFFFEC4C0600A0F11C00\",\"Value\":1},{\"Key\":\"A484CFFFEC4C06004E0A1D00\",\"Value\":1},{\"Key\":\"3087CFFFEC4C0600A8121D00\",\"Value\":1},{\"Key\":\"2F6BCFFFEC4C060073051D00\",\"Value\":1},{\"Key\":\"7177CFFFEC4C0600741D1D00\",\"Value\":1},{\"Key\":\"B88ACFFFEC4C060005291D00\",\"Value\":1},{\"Key\":\"1775CFFFEC4C0600EE281D00\",\"Value\":1},{\"Key\":\"9380CFFFEC4C06006C431D00\",\"Value\":1},{\"Key\":\"C686CFFFB64C0600385A1D00\",\"Value\":1},{\"Key\":\"CB71CFFF904C0600BB601D00\",\"Value\":1},{\"Key\":\"7ED8D0FF8F5B0600AD0E2200\",\"Value\":1},{\"Key\":\"B3EDD0FF455C060070F82100\",\"Value\":1},{\"Key\":\"47EED0FF955C0600E1082200\",\"Value\":1},{\"Key\":\"88EDD0FF745C06008E222200\",\"Value\":1},{\"Key\":\"0819D1FF165E0600EE392200\",\"Value\":1},{\"Key\":\"CF2FD1FF5B5E06004C512200\",\"Value\":1},{\"Key\":\"9A45D1FF715F06009B512200\",\"Value\":1},{\"Key\":\"B248D1FFDD5E060038612200\",\"Value\":1},{\"Key\":\"4659D1FFFF5F06007F5F2200\",\"Value\":1},{\"Key\":\"4C6ED1FF2F61060097622200\",\"Value\":1},{\"Key\":\"C075D1FFA15F06008D7A2200\",\"Value\":1},{\"Key\":\"8A85D1FF52610600D6722200\",\"Value\":1},{\"Key\":\"2481D1FFD55E060087912200\",\"Value\":1},{\"Key\":\"D9B5D1FF085F0600B3B52200\",\"Value\":1},{\"Key\":\"55A3D1FFDC5D0600C0B52200\",\"Value\":1},{\"Key\":\"A7B7D1FFA15F060029B02200\",\"Value\":1},{\"Key\":\"08B4D1FF365C060002D42200\",\"Value\":1},{\"Key\":\"2BDDD1FF935D0600CEDC2200\",\"Value\":1},{\"Key\":\"7BDBD1FFB35B060093F32200\",\"Value\":1},{\"Key\":\"E306D2FF6F5A06000F1E2300\",\"Value\":1},{\"Key\":\"1F1CD2FFEA59060036492300\",\"Value\":1},{\"Key\":\"C937D2FF3A5A06004A6A2300\",\"Value\":1},{\"Key\":\"6E1FD2FFC659060065722300\",\"Value\":1},{\"Key\":\"963CD2FFD65A0600D27B2300\",\"Value\":1},{\"Key\":\"6934D2FF665B06001D952300\",\"Value\":1},{\"Key\":\"1A3CD2FFA25C0600ABA72300\",\"Value\":1},{\"Key\":\"0D50D2FF595D06005DA92300\",\"Value\":1},{\"Key\":\"A35DD2FF0360060027C92300\",\"Value\":1},{\"Key\":\"6685D2FF6B63060028E52300\",\"Value\":1},{\"Key\":\"997CD2FF8D64060062F62300\",\"Value\":1},{\"Key\":\"DF87D2FFB164060098F42300\",\"Value\":1},{\"Key\":\"8275D2FF3C660600480D2400\",\"Value\":1},{\"Key\":\"5887D2FF2C6706002C142400\",\"Value\":1},{\"Key\":\"CE8ED2FF0D690600252B2400\",\"Value\":1},{\"Key\":\"A09BD2FF336A060017372400\",\"Value\":1},{\"Key\":\"CD9BD2FFC66B0600404C2400\",\"Value\":1},{\"Key\":\"FAA7D2FFF76C0600DB672400\",\"Value\":1},{\"Key\":\"7FBCD2FFBC6D060078692400\",\"Value\":1},{\"Key\":\"DBB4D2FF866D060025812400\",\"Value\":1},{\"Key\":\"F4C7D2FF716E0600B67F2400\",\"Value\":1},{\"Key\":\"A5BCD2FF266D060035942400\",\"Value\":1},{\"Key\":\"ACBAD2FF5E6B06007CAB2400\",\"Value\":1},{\"Key\":\"6FC6D2FF0A6B06000EBE2400\",\"Value\":1},{\"Key\":\"34A8D2FF5F6906001CB92400\",\"Value\":1},{\"Key\":\"CCB3D2FF9569060012C12400\",\"Value\":1},{\"Key\":\"77C6D2FFBA69060095D32400\",\"Value\":1},{\"Key\":\"84B8D2FF7B68060044D72400\",\"Value\":1},{\"Key\":\"F1CAD2FF3569060069DF2400\",\"Value\":1},{\"Key\":\"EEB5D2FFBB6706004FDF2400\",\"Value\":1},{\"Key\":\"58BDD2FFFB6506005DFE2400\",\"Value\":1},{\"Key\":\"6DD3D2FFD6670600E0FB2400\",\"Value\":1},{\"Key\":\"44DCD2FFF3680600E5F72400\",\"Value\":1},{\"Key\":\"FAD1D2FF8065060033152500\",\"Value\":1},{\"Key\":\"19E5D2FF0D6706001B172500\",\"Value\":1},{\"Key\":\"AAD8D2FFD8630600762D2500\",\"Value\":1},{\"Key\":\"9CF1D2FF56660600D9292500\",\"Value\":1},{\"Key\":\"F6DFD2FF2964060065312500\",\"Value\":1},{\"Key\":\"6CEDD2FF0B630600AA472500\",\"Value\":1},{\"Key\":\"0FE1D2FFD5600600B1542500\",\"Value\":1},{\"Key\":\"E3F5D2FFC0620600E3522500\",\"Value\":1},{\"Key\":\"AE00D3FFF0600600096A2500\",\"Value\":1},{\"Key\":\"8BF6D2FF5D5D0600C6842500\",\"Value\":1},{\"Key\":\"9FF7D2FFDB5C06003C8B2500\",\"Value\":1},{\"Key\":\"B40DD3FF235D0600B2982500\",\"Value\":1},{\"Key\":\"1D06D3FFFE5A0600B8A52500\",\"Value\":1},{\"Key\":\"1FFDD2FFBB59060009AB2500\",\"Value\":1},{\"Key\":\"48F5D2FF44580600C9B22500\",\"Value\":1},{\"Key\":\"6D08D3FF655806002CBD2500\",\"Value\":1},{\"Key\":\"42F8D2FFA854060060D72500\",\"Value\":1},{\"Key\":\"1006D3FFEB52060074F12500\",\"Value\":1},{\"Key\":\"06FAD2FF0A51060057FD2500\",\"Value\":1},{\"Key\":\"DFE2D2FF024C0600C0242600\",\"Value\":1},{\"Key\":\"AFE4D2FFC84A0600EF362600\",\"Value\":1},{\"Key\":\"D7EBD2FFB04806006F552600\",\"Value\":1},{\"Key\":\"18CAD2FF46480600764B2600\",\"Value\":1},{\"Key\":\"17CED2FFDA460600B7672600\",\"Value\":1},{\"Key\":\"32CDD2FF4A46060081742600\",\"Value\":1},{\"Key\":\"15E4D2FFE4450600DF8C2600\",\"Value\":1},{\"Key\":\"98CDD2FF71450600118D2600\",\"Value\":1},{\"Key\":\"5DDDD2FFEC440600EAA32600\",\"Value\":1},{\"Key\":\"E1CED2FF9644060052AF2600\",\"Value\":1},{\"Key\":\"D8DFD2FFFE430600CEC42600\",\"Value\":1},{\"Key\":\"78E6D2FF9443060093CE2600\",\"Value\":1},{\"Key\":\"CEDDD2FF3A4306009FEE2600\",\"Value\":1},{\"Key\":\"D4F7D2FF3A4306001CF02600\",\"Value\":1},{\"Key\":\"A0F6D2FF3A43060085052700\",\"Value\":1},{\"Key\":\"9CF3D2FF4E430600CF192700\",\"Value\":1},{\"Key\":\"3BF5D2FF3A430600D14D2700\",\"Value\":1},{\"Key\":\"67EAD2FFEE420600BD612700\",\"Value\":1},{\"Key\":\"21E0D2FFE042060001792700\",\"Value\":1},{\"Key\":\"F9EAD2FF12430600A9822700\",\"Value\":1},{\"Key\":\"6DDAD2FF324406000AAA2700\",\"Value\":1},{\"Key\":\"80CED2FF4E440600A8B62700\",\"Value\":1},{\"Key\":\"27D4D2FF7044060058C72700\",\"Value\":1},{\"Key\":\"B5D5D2FFAA440600B1DA2700\",\"Value\":1},{\"Key\":\"B2D3D2FF2546060094002800\",\"Value\":1},{\"Key\":\"01CFD2FFED460600AC1F2800\",\"Value\":1},{\"Key\":\"30D7D2FFF2470600BA332800\",\"Value\":1},{\"Key\":\"D1CFD2FF2D4806000D3B2800\",\"Value\":1},{\"Key\":\"32E6D2FFF0480600B0472800\",\"Value\":1},{\"Key\":\"D4F3D2FFF94806001A442800\",\"Value\":1},{\"Key\":\"2D06D3FF074806008E2B2800\",\"Value\":1},{\"Key\":\"F006D3FF4A450600C0E72700\",\"Value\":1},{\"Key\":\"381CD3FFB9450600ACEE2700\",\"Value\":1},{\"Key\":\"4C2ED3FF2745060039D32700\",\"Value\":1},{\"Key\":\"0548D3FF27450600C2BB2700\",\"Value\":1},{\"Key\":\"119FD3FF7348060084E32700\",\"Value\":1},{\"Key\":\"5996D3FF7448060047FA2700\",\"Value\":1},{\"Key\":\"FB87D3FFD048060045122800\",\"Value\":1},{\"Key\":\"5E20D3FF474406000CAF2700\",\"Value\":1},{\"Key\":\"E508D3FF3D44060098B52700\",\"Value\":1},{\"Key\":\"3BF4D2FF3E44060036B72700\",\"Value\":1},{\"Key\":\"41C0D2FF4244060043B42700\",\"Value\":1},{\"Key\":\"8DBBD2FF02440600CCAC2700\",\"Value\":1},{\"Key\":\"A3A8D2FF044406000FC02700\",\"Value\":1},{\"Key\":\"8E89D2FF45440600C0DA2700\",\"Value\":1},{\"Key\":\"5194D2FF0E4506004AF12700\",\"Value\":1},{\"Key\":\"FD9BD2FF654606001C2F2800\",\"Value\":1},{\"Key\":\"EC9CD2FF05470600D93B2800\",\"Value\":1},{\"Key\":\"668CD2FF644706009E452800\",\"Value\":1},{\"Key\":\"7383D2FFAD470600294E2800\",\"Value\":1},{\"Key\":\"6285D2FFA6480600276B2800\",\"Value\":1},{\"Key\":\"3385D2FF9B49060086862800\",\"Value\":1},{\"Key\":\"8486D2FF944A060050A82800\",\"Value\":1},{\"Key\":\"7276D2FFA44A0600F2B22800\",\"Value\":1},{\"Key\":\"CD73D2FFB14B0600DFD02800\",\"Value\":1},{\"Key\":\"E76ED2FF6F4C060033E82800\",\"Value\":1},{\"Key\":\"AD5ED2FFBC4B060012E62800\",\"Value\":1},{\"Key\":\"2268D2FF434D060095002900\",\"Value\":1},{\"Key\":\"9E5AD2FF344D0600B8142900\",\"Value\":1},{\"Key\":\"7D5FD2FFF64D060052262900\",\"Value\":1},{\"Key\":\"ED5CD2FF514E06001A3D2900\",\"Value\":1},{\"Key\":\"EB6FD2FF884F0600C8412900\",\"Value\":1},{\"Key\":\"B965D2FF164F0600AE522900\",\"Value\":1},{\"Key\":\"DC5AD2FFA74E0600B6612900\",\"Value\":1},{\"Key\":\"1B63D2FF604F0600E9732900\",\"Value\":1},{\"Key\":\"125CD2FF354F06003F872900\",\"Value\":1},{\"Key\":\"D361D2FF834F0600139F2900\",\"Value\":1},{\"Key\":\"C945D2FFFB4D060001952900\",\"Value\":1},{\"Key\":\"9367D2FFAC4F06005AB02900\",\"Value\":1},{\"Key\":\"6647D2FF604D0600F8B22900\",\"Value\":1},{\"Key\":\"C74BD2FF604D06005DBC2900\",\"Value\":1},{\"Key\":\"7D5FD2FFB54E0600CEC92900\",\"Value\":1},{\"Key\":\"3E5FD2FF594E060033DF2900\",\"Value\":1},{\"Key\":\"8946D2FF584C06000ADD2900\",\"Value\":1},{\"Key\":\"5A45D2FF0E4C06006EF02900\",\"Value\":1},{\"Key\":\"B85AD2FF664D060005FA2900\",\"Value\":1},{\"Key\":\"2652D2FFC74C060060FD2900\",\"Value\":1},{\"Key\":\"6C5CD2FF3C4D0600C8052A00\",\"Value\":1},{\"Key\":\"CB45D2FF3F4B0600CB152A00\",\"Value\":1},{\"Key\":\"2D5BD2FF444C0600301C2A00\",\"Value\":1},{\"Key\":\"F644D2FF2E4A0600C2432A00\",\"Value\":1},{\"Key\":\"3F46D2FF684906007B552A00\",\"Value\":1},{\"Key\":\"8C5BD2FF63490600316B2A00\",\"Value\":1},{\"Key\":\"BC4FD2FF90480600F2702A00\",\"Value\":1},{\"Key\":\"4046D2FFFB4606006C882A00\",\"Value\":1},{\"Key\":\"A326D2FF92410600DED52A00\",\"Value\":1},{\"Key\":\"6D1BD2FF5B4006009AEB2A00\",\"Value\":1},{\"Key\":\"EE27D2FF6F400600B3F62A00\",\"Value\":1},{\"Key\":\"4034D2FF58400600A4012B00\",\"Value\":1},{\"Key\":\"091AD2FFAE3F0600B3052B00\",\"Value\":1},{\"Key\":\"D922D2FFAF3F06007C072B00\",\"Value\":1},{\"Key\":\"5221D2FF953E0600383A2B00\",\"Value\":1},{\"Key\":\"7017D2FF563E06009D352B00\",\"Value\":1},{\"Key\":\"071AD2FFCF3C0600C45A2B00\",\"Value\":1},{\"Key\":\"0222D2FF953B06004E772B00\",\"Value\":1},{\"Key\":\"B430D2FFAA3C060075742B00\",\"Value\":1},{\"Key\":\"4317D2FFBF380600F7942B00\",\"Value\":1},{\"Key\":\"0608D2FF9037060056982B00\",\"Value\":1},{\"Key\":\"8218D2FFF33606008AB42B00\",\"Value\":1},{\"Key\":\"CF0FD2FFBD350600FABC2B00\",\"Value\":1},{\"Key\":\"441BD2FF1F350600EBD12B00\",\"Value\":1},{\"Key\":\"FA0ED2FF2233060040E42B00\",\"Value\":1},{\"Key\":\"4B0FD2FF8B2D060025252C00\",\"Value\":1},{\"Key\":\"691AD2FF622C06006D382C00\",\"Value\":1},{\"Key\":\"6611D2FF092A06003B4D2C00\",\"Value\":1},{\"Key\":\"7C12D2FF8B290600D5532C00\",\"Value\":1},{\"Key\":\"ED0FD2FFBA230600C48E2C00\",\"Value\":1},{\"Key\":\"0F05D2FFB5210600BC992C00\",\"Value\":1},{\"Key\":\"C904D2FF102106005FA02C00\",\"Value\":1},{\"Key\":\"B81BD2FF5320060033BB2C00\",\"Value\":1},{\"Key\":\"5308D2FFC51E06003EBC2C00\",\"Value\":1},{\"Key\":\"0DFDD1FF861B0600DBD12C00\",\"Value\":1},{\"Key\":\"621CD2FF5D1D06005BD82C00\",\"Value\":1},{\"Key\":\"0908D2FF801A06007CE32C00\",\"Value\":1},{\"Key\":\"F70AD2FF8B170600A4012D00\",\"Value\":1},{\"Key\":\"301ED2FFE71806002B022D00\",\"Value\":1},{\"Key\":\"1406D2FFB61306009F192D00\",\"Value\":1},{\"Key\":\"8A14D2FF951106002D332D00\",\"Value\":1},{\"Key\":\"7728D2FFA012060066382D00\",\"Value\":1},{\"Key\":\"061AD2FF960F06009F482D00\",\"Value\":1},{\"Key\":\"CD2BD2FF9E0E06003A582D00\",\"Value\":1},{\"Key\":\"7123D2FFBC0B0600B96A2D00\",\"Value\":1},{\"Key\":\"0225D2FF10090600D67E2D00\",\"Value\":1},{\"Key\":\"BD35D2FF450A0600FF7C2D00\",\"Value\":1},{\"Key\":\"7630D2FF0B050600399B2D00\",\"Value\":1},{\"Key\":\"CD25D2FFFA0506003E922D00\",\"Value\":1},{\"Key\":\"E932D2FF6D00060022BA2D00\",\"Value\":1},{\"Key\":\"7A31D2FF7CF90500F7E32D00\",\"Value\":1},{\"Key\":\"8B4AD2FFDDF80500FEF02D00\",\"Value\":1},{\"Key\":\"EE47D2FF38F705001FFB2D00\",\"Value\":1},{\"Key\":\"2347D2FF12F40500170F2E00\",\"Value\":1},{\"Key\":\"8E47D2FFF3F005003A222E00\",\"Value\":1},{\"Key\":\"0C35D2FFF5EF0500E9202E00\",\"Value\":1},{\"Key\":\"0042D2FFEEEC05001B382E00\",\"Value\":1},{\"Key\":\"DA51D2FFABEC05004C3D2E00\",\"Value\":1},{\"Key\":\"1155D2FF85EA05005A4B2E00\",\"Value\":1},{\"Key\":\"114AD2FF63E80500F9572E00\",\"Value\":1},{\"Key\":\"6B65D2FFB4E8050003582E00\",\"Value\":1},{\"Key\":\"035CD2FF7DE505000A712E00\",\"Value\":1},{\"Key\":\"B065D2FF9DE30500637E2E00\",\"Value\":1},{\"Key\":\"715AD2FF9BDF0500DBA02E00\",\"Value\":1},{\"Key\":\"0688D2FF79D205001E112F00\",\"Value\":1},{\"Key\":\"EE88D2FF9FD005002E232F00\",\"Value\":1},{\"Key\":\"F68CD2FF99CF05004A2B2F00\",\"Value\":1},{\"Key\":\"6487D2FFFDCD050083492F00\",\"Value\":1},{\"Key\":\"0395D2FF2ACB05007D642F00\",\"Value\":1},{\"Key\":\"A4D4D2FFCBC40500DD8D3000\",\"Value\":1},{\"Key\":\"3DD2D2FF26C5050048933000\",\"Value\":1},{\"Key\":\"E1CDD2FF7EC6050071A93000\",\"Value\":1},{\"Key\":\"69CAD2FFA1C705008BBF3000\",\"Value\":1},{\"Key\":\"B7E9D2FF03C605008BC63000\",\"Value\":1},{\"Key\":\"55D6D2FFD2C80500F1DF3000\",\"Value\":1},{\"Key\":\"0AECD2FFE9C60500E9D73000\",\"Value\":1},{\"Key\":\"62E6D2FFAAC7050076DF3000\",\"Value\":1},{\"Key\":\"C7EDD2FF0AC80500B8F93000\",\"Value\":1},{\"Key\":\"FBEAD2FF09C90500FB063100\",\"Value\":1},{\"Key\":\"D1F3D2FF1CC90500DD0F3100\",\"Value\":1},{\"Key\":\"60E4D2FFB5CC050037393100\",\"Value\":1},{\"Key\":\"1406D3FF4CCB05004E453100\",\"Value\":1},{\"Key\":\"66EDD2FFCFCC050015483100\",\"Value\":1},{\"Key\":\"BCFFD2FFF2CB05009A493100\",\"Value\":1},{\"Key\":\"D411D3FF14CC0500B56D3100\",\"Value\":1},{\"Key\":\"3A12D3FF8FCD05008F8D3100\",\"Value\":1},{\"Key\":\"4611D3FF2ECD050088843100\",\"Value\":1},{\"Key\":\"9F11D3FF90CE050068AA3100\",\"Value\":1},{\"Key\":\"DD11D3FFD3CE050044BD3100\",\"Value\":1},{\"Key\":\"8D13D3FFD0CE050012C93100\",\"Value\":1},{\"Key\":\"A51BD3FFD1CE050070D03100\",\"Value\":1},{\"Key\":\"6726D3FFFECE050037EB3100\",\"Value\":1},{\"Key\":\"3A23D3FFE5CE0500E3013200\",\"Value\":1},{\"Key\":\"091ED3FFADCE05005C0B3200\",\"Value\":1},{\"Key\":\"0B1DD3FF1FCE0500E0213200\",\"Value\":1},{\"Key\":\"DF2DD3FF8BCE05005D263200\",\"Value\":1},{\"Key\":\"0B33D3FF6FCE0500BB363200\",\"Value\":1},{\"Key\":\"BC35D3FF4CCD0500985D3200\",\"Value\":1},{\"Key\":\"B744D3FF46CD050009703200\",\"Value\":1},{\"Key\":\"402CD3FF26CD0500BA773200\",\"Value\":1},{\"Key\":\"C959D3FFBACC050025913200\",\"Value\":1},{\"Key\":\"1167D3FFC5CC0500CA853200\",\"Value\":1},{\"Key\":\"0766D3FF7DCC0500949A3200\",\"Value\":1},{\"Key\":\"CF82D3FF60CC050046AA3200\",\"Value\":1},{\"Key\":\"52A1D3FF4FCB0500B7A23200\",\"Value\":1},{\"Key\":\"4DAAD3FFDBCA050035AB3200\",\"Value\":1},{\"Key\":\"91BDD3FF6DCA050060AB3200\",\"Value\":1},{\"Key\":\"64BCD3FF63CA05008CBD3200\",\"Value\":1},{\"Key\":\"AEC6D3FF3ACA05001EC83200\",\"Value\":1},{\"Key\":\"52E0D3FFFFC9050044CA3200\",\"Value\":1},{\"Key\":\"A9EDD3FFA9C90500E2C83200\",\"Value\":1},{\"Key\":\"CC09D4FFCCC7050090C83200\",\"Value\":1},{\"Key\":\"D012D4FF6AC705001FD23200\",\"Value\":1},{\"Key\":\"1E1ED4FF5FC605000BC73200\",\"Value\":1},{\"Key\":\"AC2FD4FFD5C6050046E43200\",\"Value\":1},{\"Key\":\"792DD4FF6DC6050020DD3200\",\"Value\":1},{\"Key\":\"3C81D4FFD7C4050099223300\",\"Value\":1},{\"Key\":\"2CA4D4FF96C6050062593300\",\"Value\":1},{\"Key\":\"45B5D4FF53C5050022573300\",\"Value\":1},{\"Key\":\"55A1D4FF84C7050039623300\",\"Value\":1},{\"Key\":\"FCBAD4FF81C60500DC6E3300\",\"Value\":1},{\"Key\":\"D8ACD4FF67C805009B7C3300\",\"Value\":1},{\"Key\":\"8DB4D4FFF5C905000AAC3300\",\"Value\":1},{\"Key\":\"E0CBD4FF4CCA05007FC33300\",\"Value\":1},{\"Key\":\"6BE0D4FF7BCA05002CD83300\",\"Value\":1},{\"Key\":\"E8E8D4FFE6CA05008DE83300\",\"Value\":1},{\"Key\":\"95E3D4FFF2CA05003EF73300\",\"Value\":1},{\"Key\":\"2AE9D4FFCACA0500C10E3400\",\"Value\":1},{\"Key\":\"BBEED4FF66CA05001C203400\",\"Value\":1},{\"Key\":\"12EED4FF3ACA05005B283400\",\"Value\":1},{\"Key\":\"FD1FD5FF1CCA0500003B3400\",\"Value\":1},{\"Key\":\"6846D5FFA2CA05006C5A3400\",\"Value\":1},{\"Key\":\"F86FD5FF96CA05000B653400\",\"Value\":1},{\"Key\":\"DD8DD5FF79CA050008A43400\",\"Value\":1},{\"Key\":\"CFA1D5FF00CA050007AF3400\",\"Value\":1},{\"Key\":\"89A5D5FFF1C90500C8B83400\",\"Value\":1},{\"Key\":\"9FB8D5FF1CCA05007EC53400\",\"Value\":1},{\"Key\":\"DECBD5FF3ACA050014D13400\",\"Value\":1},{\"Key\":\"4BBDD5FF81CA050031F13400\",\"Value\":1},{\"Key\":\"2DD1D5FF3ACA0500C8063500\",\"Value\":1},{\"Key\":\"50EBD5FF7FCA050099453500\",\"Value\":1},{\"Key\":\"9FFFD5FF3ACA0500543A3500\",\"Value\":1},{\"Key\":\"F0F7D5FF42CA0500A4503500\",\"Value\":1},{\"Key\":\"9CE6D5FF7ECA0500FE4E3500\",\"Value\":1},{\"Key\":\"1300D6FF3ACA050088653500\",\"Value\":1},{\"Key\":\"7614D6FF18CA050086853500\",\"Value\":1},{\"Key\":\"4E0AD6FF92CA05002F8C3500\",\"Value\":1},{\"Key\":\"0916D6FF96CA0500049D3500\",\"Value\":1},{\"Key\":\"A415D6FF64CA050092AF3500\",\"Value\":1},{\"Key\":\"360ED6FF84CA050060AF3500\",\"Value\":1},{\"Key\":\"D614D6FF8CCA05000AC13500\",\"Value\":1},{\"Key\":\"F514D6FF96CA050049CF3500\",\"Value\":1},{\"Key\":\"D015D6FF96CA0500D4E03500\",\"Value\":1},{\"Key\":\"A21ED6FF93CA0500E2F13500\",\"Value\":1},{\"Key\":\"C029D6FF42CA050031103600\",\"Value\":1},{\"Key\":\"0B2BD6FF5ACA050039243600\",\"Value\":1},{\"Key\":\"CA38D6FF90CA05000B323600\",\"Value\":1},{\"Key\":\"DC32D6FF7FCA0500C1493600\",\"Value\":1},{\"Key\":\"3737D6FF3ACA0500A9733600\",\"Value\":1},{\"Key\":\"F377D6FF83CA050008233700\",\"Value\":1},{\"Key\":\"FF60D6FFDECA0500FA2C3700\",\"Value\":1},{\"Key\":\"1B82D6FF69CA05005C483700\",\"Value\":1},{\"Key\":\"0A84D6FFC1C905003E593700\",\"Value\":1},{\"Key\":\"7F8BD6FF8CC3050041823700\",\"Value\":1},{\"Key\":\"E2A4D6FF2EB8050030A93700\",\"Value\":1},{\"Key\":\"D3A3D6FF4BB80500C3CE3700\",\"Value\":1},{\"Key\":\"0CB1D6FF87B405005BDB3700\",\"Value\":1},{\"Key\":\"77AFD6FF9DB5050062ED3700\",\"Value\":1},{\"Key\":\"4AAFD6FF58B705004E003800\",\"Value\":1},{\"Key\":\"E8C1D6FFC6B40500CB093800\",\"Value\":1},{\"Key\":\"67D7D6FF3BB10500FB143800\",\"Value\":1},{\"Key\":\"1AD5D6FFD6B3050037293800\",\"Value\":1},{\"Key\":\"E1E2D6FF26B10500EC2B3800\",\"Value\":1},{\"Key\":\"C6E1D6FF95B0050023463800\",\"Value\":1},{\"Key\":\"ABE2D6FFD2AD05002D5E3800\",\"Value\":1},{\"Key\":\"4AD6D6FFC2B00500B7603800\",\"Value\":1},{\"Key\":\"6705D7FFF4960500BF983800\",\"Value\":1},{\"Key\":\"C80CD7FFF29005002EA53800\",\"Value\":1},{\"Key\":\"CB0CD7FF73890500F8BB3800\",\"Value\":1},{\"Key\":\"2769D7FFF23C050057AB3900\",\"Value\":1},{\"Key\":\"4D88D7FF3B340500B8B83900\",\"Value\":1},{\"Key\":\"90A6D7FFE43E05008E233A00\",\"Value\":1},{\"Key\":\"47BAD7FF05360500B2373A00\",\"Value\":1},{\"Key\":\"40D2D7FF6E2D05009A2C3A00\",\"Value\":1},{\"Key\":\"07C5D7FFE031050004473A00\",\"Value\":1},{\"Key\":\"02C5D7FF75310500125A3A00\",\"Value\":1},{\"Key\":\"C6CED7FFF42D0500FA6F3A00\",\"Value\":1},{\"Key\":\"CAE4D7FF18290500EC773A00\",\"Value\":1},{\"Key\":\"30D7D7FFD32A0500247F3A00\",\"Value\":1},{\"Key\":\"4EDFD7FF40260500D4933A00\",\"Value\":1},{\"Key\":\"D5F1D7FFF823050028953A00\",\"Value\":1},{\"Key\":\"C5CFD7FF8B2105000EAF3A00\",\"Value\":1},{\"Key\":\"B4FBD7FF4C170500ABC33A00\",\"Value\":1},{\"Key\":\"0FE4D7FF4A130500A9DB3A00\",\"Value\":1},{\"Key\":\"C012D8FF470605009EFA3A00\",\"Value\":1},{\"Key\":\"B813D8FF5C0005005C103B00\",\"Value\":1},{\"Key\":\"0C30D8FF2D00050093053B00\",\"Value\":1},{\"Key\":\"9F1AD8FF59FB04002B233B00\",\"Value\":1},{\"Key\":\"C02CD8FFB5F9040099213B00\",\"Value\":1},{\"Key\":\"8B3FD8FF40F40400C92D3B00\",\"Value\":1},{\"Key\":\"CA4FD8FF70EF04005A383B00\",\"Value\":1},{\"Key\":\"783BD8FFF1EB0400274F3B00\",\"Value\":1},{\"Key\":\"7A51D8FF72DF0400887A3B00\",\"Value\":1},{\"Key\":\"A56FD8FF95DA04004D813B00\",\"Value\":1},{\"Key\":\"CE70D8FF0DD80400798B3B00\",\"Value\":1},{\"Key\":\"E46ED8FFB5D40400989C3B00\",\"Value\":1},{\"Key\":\"4977D8FF41D60400C9903B00\",\"Value\":1},{\"Key\":\"3382D8FF03D00400E7A73B00\",\"Value\":1},{\"Key\":\"1490D8FFA4CC04008DAE3B00\",\"Value\":1},{\"Key\":\"6F8AD8FFD0CF040023A43B00\",\"Value\":1},{\"Key\":\"1E96D8FFE9C4040057CD3B00\",\"Value\":1},{\"Key\":\"6D9DD8FFD6C40400E9C93B00\",\"Value\":1},{\"Key\":\"09AAD8FF2ABD04000DE73B00\",\"Value\":1},{\"Key\":\"2192D8FF57BE040020F03B00\",\"Value\":1},{\"Key\":\"27B2D8FF6AB90400E2F43B00\",\"Value\":1},{\"Key\":\"4BAAD8FFE8B7040089043C00\",\"Value\":1},{\"Key\":\"7ABDD8FF8EB10400CF1A3C00\",\"Value\":1},{\"Key\":\"AFC4D8FFACA904001E4A3C00\",\"Value\":1},{\"Key\":\"C2DBD8FFC0A50400CE543C00\",\"Value\":1},{\"Key\":\"0CC6D8FF0BA6040094663C00\",\"Value\":1},{\"Key\":\"DFCED8FF9BA204008C793C00\",\"Value\":1},{\"Key\":\"D6D6D8FF6CA0040046853C00\",\"Value\":1},{\"Key\":\"D0C7D8FF9AA20400E0803C00\",\"Value\":1},{\"Key\":\"CCCFD8FF8F9E0400809F3C00\",\"Value\":1},{\"Key\":\"2ED0D8FF4F9D0400A8A93C00\",\"Value\":1},{\"Key\":\"4CD8D8FF4D9B04001FB23C00\",\"Value\":1},{\"Key\":\"38E1D8FFCE9704006CC63C00\",\"Value\":1},{\"Key\":\"58E4D8FFE6950400A5D43C00\",\"Value\":1},{\"Key\":\"22E6D8FFD68F0400871E3D00\",\"Value\":1},{\"Key\":\"4EF7D8FF158D04009F213D00\",\"Value\":1},{\"Key\":\"B6FDD8FFA38A0400742F3D00\",\"Value\":1},{\"Key\":\"F7FCD8FF648804003D443D00\",\"Value\":1},{\"Key\":\"BA08D9FF3682040099673D00\",\"Value\":1},{\"Key\":\"9819D9FF667E0400A4723D00\",\"Value\":1},{\"Key\":\"E314D9FF007C04001A863D00\",\"Value\":1},{\"Key\":\"3319D9FF267A0400FF8B3D00\",\"Value\":1},{\"Key\":\"9B1DD9FFB0740400A9A43D00\",\"Value\":1},{\"Key\":\"0143D9FF33540400DB273E00\",\"Value\":1},{\"Key\":\"643BD9FF4E4F040003453E00\",\"Value\":1},{\"Key\":\"3C49D9FFB54D0400ED3F3E00\",\"Value\":1},{\"Key\":\"1539D9FFCF4B04001F573E00\",\"Value\":1},{\"Key\":\"493ED9FFA1460400336B3E00\",\"Value\":1},{\"Key\":\"917AD9FFA927040077BE3E00\",\"Value\":1},{\"Key\":\"5C82D9FFA7240400E4C43E00\",\"Value\":1},{\"Key\":\"7782D9FF4621040045D53E00\",\"Value\":1},{\"Key\":\"5C95D9FFC61C0400A6D63E00\",\"Value\":1},{\"Key\":\"4C82D9FFCE1D040093EA3E00\",\"Value\":1},{\"Key\":\"B696D9FFFB190400DBE53E00\",\"Value\":1},{\"Key\":\"1E9BD9FF5B16040037F63E00\",\"Value\":1},{\"Key\":\"53B6D9FF730904005E233F00\",\"Value\":1},{\"Key\":\"B9BCD9FFFE040400363A3F00\",\"Value\":1},{\"Key\":\"B8CED9FFC3FE030022483F00\",\"Value\":1},{\"Key\":\"86D4D9FFBAF90300F16B3F00\",\"Value\":1},{\"Key\":\"3FD4D9FFF5F80300BB753F00\",\"Value\":1},{\"Key\":\"ACE6D9FFF7F50300D7643F00\",\"Value\":1},{\"Key\":\"4BE4D9FF07F2030050C13F00\",\"Value\":1},{\"Key\":\"60E8D9FFF0F0030009C83F00\",\"Value\":1},{\"Key\":\"AEE2D9FF87F203007ADE3F00\",\"Value\":1},{\"Key\":\"C6F4D9FF5EF20300992E4000\",\"Value\":1},{\"Key\":\"BFFAD9FFE9F30300AD4D4000\",\"Value\":1},{\"Key\":\"2412DAFFCBEE0300494F4000\",\"Value\":1},{\"Key\":\"6328DAFF1CF2030057B94000\",\"Value\":1},{\"Key\":\"D128DAFF93F103004ECE4000\",\"Value\":1},{\"Key\":\"F74CDAFFAAF20300743E4100\",\"Value\":1},{\"Key\":\"4B5CDAFFF6ED030065404100\",\"Value\":1},{\"Key\":\"1A72DAFFABE90300E0464100\",\"Value\":1},{\"Key\":\"3874DAFFF3E9030034634100\",\"Value\":1},{\"Key\":\"2C83DAFF09E7030067664100\",\"Value\":1},{\"Key\":\"5D83DAFF0CE60300407F4100\",\"Value\":1},{\"Key\":\"04F8DAFFDFCE0300A4C44100\",\"Value\":1},{\"Key\":\"000CDBFFF9CB030086CD4100\",\"Value\":1},{\"Key\":\"BA27DBFF37C60300C3E94100\",\"Value\":1},{\"Key\":\"531DDBFFADC6030073FE4100\",\"Value\":1},{\"Key\":\"D133DBFF37C30300DBF64100\",\"Value\":1},{\"Key\":\"A950DBFFD1BC030000054200\",\"Value\":1},{\"Key\":\"EF59DBFFAAB9030044204200\",\"Value\":1},{\"Key\":\"735FDBFFE0B80300BC1F4200\",\"Value\":1},{\"Key\":\"7572DBFF83B3030007314200\",\"Value\":1},{\"Key\":\"596CDBFF5CB20300D1454200\",\"Value\":1},{\"Key\":\"9D91DBFF38AA03000F404200\",\"Value\":1},{\"Key\":\"7E9ADBFFF2A603007B494200\",\"Value\":1},{\"Key\":\"A79BDBFFABA5030009524200\",\"Value\":1},{\"Key\":\"10C1DBFF60960300D49A4200\",\"Value\":1},{\"Key\":\"E495DBFF0D9F030006914200\",\"Value\":1},{\"Key\":\"443EDBFF979E0300CE024300\",\"Value\":1},{\"Key\":\"66B6DBFF367B0300F5364300\",\"Value\":1},{\"Key\":\"8FCBDBFF3E7603000D394300\",\"Value\":1},{\"Key\":\"57DDDBFF426C0300B45D4300\",\"Value\":1},{\"Key\":\"EBE6DBFFCA6803002B714300\",\"Value\":1},{\"Key\":\"EFF8DBFF966203007E794300\",\"Value\":1},{\"Key\":\"F315DCFF89600300167E4300\",\"Value\":1},{\"Key\":\"7310DCFF7B6D03000CB64300\",\"Value\":1},{\"Key\":\"9A1FDCFFF06B030080B34300\",\"Value\":1},{\"Key\":\"0D16DCFF536D0300B3BC4300\",\"Value\":1},{\"Key\":\"271FDCFFA26C0300ECC54300\",\"Value\":1},{\"Key\":\"2318DCFF976C030022D24300\",\"Value\":1},{\"Key\":\"52D3DBFF815E0300F9F74400\",\"Value\":1},{\"Key\":\"27D5DBFF2B5E0300F2134500\",\"Value\":1},{\"Key\":\"E5D3DBFF13E20200BF824800\",\"Value\":1},{\"Key\":\"21C8DBFF15E202002F8E4800\",\"Value\":1},{\"Key\":\"20C0DBFFF5E102009F964800\",\"Value\":1},{\"Key\":\"4FCADBFF7DDC0200A4A84800\",\"Value\":1},{\"Key\":\"C0B2DBFFC2E20200B3A14800\",\"Value\":1},{\"Key\":\"B5ABDBFF23DB020060D34800\",\"Value\":1},{\"Key\":\"E7BEDBFF42D4020046DF4800\",\"Value\":1},{\"Key\":\"2C9BDBFF45C30200FC5E4900\",\"Value\":1},{\"Key\":\"1796DBFF84C002003A714900\",\"Value\":1},{\"Key\":\"C4A9DBFF4DBB020001744900\",\"Value\":1},{\"Key\":\"9595DBFF4FB70200B19C4900\",\"Value\":1},{\"Key\":\"0FA1DBFF5AB00200B2AC4900\",\"Value\":1},{\"Key\":\"2492DBFFF4B00200FDBC4900\",\"Value\":1},{\"Key\":\"41A3DBFF32AC0200DEBE4900\",\"Value\":1},{\"Key\":\"AA98DBFF43AB02000FCD4900\",\"Value\":1},{\"Key\":\"3999DBFF09A302005CEF4900\",\"Value\":1},{\"Key\":\"2075DCFF40170200332E4E00\",\"Value\":1},{\"Key\":\"2A76DCFFEE160200F3384E00\",\"Value\":1},{\"Key\":\"73E5DCFFBD0D0200F2F14D00\",\"Value\":1},{\"Key\":\"94EADCFF7F0D0200B6E74D00\",\"Value\":1},{\"Key\":\"6FF7DCFF770C02008FE34D00\",\"Value\":1},{\"Key\":\"E6F5DCFF8A0C020059D84D00\",\"Value\":1},{\"Key\":\"D705DDFF480B020099EE4D00\",\"Value\":1},{\"Key\":\"610DDDFFF30A0200B1D84D00\",\"Value\":1},{\"Key\":\"5022DDFFA7080200D7D74D00\",\"Value\":1},{\"Key\":\"6647DDFF25050200D3EE4D00\",\"Value\":1},{\"Key\":\"3A58DDFF1E03020040EC4D00\",\"Value\":1},{\"Key\":\"0C6DDDFF8D01020045FA4D00\",\"Value\":1},{\"Key\":\"2A71DDFF1F01020098EE4D00\",\"Value\":1},{\"Key\":\"2B89DDFF1AFE0100C5194E00\",\"Value\":1},{\"Key\":\"788EDDFFACFD010008254E00\",\"Value\":1},{\"Key\":\"4A82DDFF18FF0100E4224E00\",\"Value\":1},{\"Key\":\"0299DDFF9EFF0100F8824E00\",\"Value\":1},{\"Key\":\"F3C2DDFF82F401007D904E00\",\"Value\":1},{\"Key\":\"F4DDDDFF33F0010010984E00\",\"Value\":1},{\"Key\":\"74C4DEFFB8E60100D63A4E00\",\"Value\":1},{\"Key\":\"1E0EE1FF35430100105B4F00\",\"Value\":1},{\"Key\":\"FF10E2FF35430100D7195000\",\"Value\":1},{\"Key\":\"1F1DE2FF354301009C275000\",\"Value\":1},{\"Key\":\"201AE2FF3543010053375000\",\"Value\":1},{\"Key\":\"E51FE2FF354301003C2F5000\",\"Value\":1},{\"Key\":\"1517E2FF35430100103A5000\",\"Value\":1},{\"Key\":\"C8B8E4FFACC0010024235600\",\"Value\":1},{\"Key\":\"C252E4FF3CC0010004B15700\",\"Value\":1},{\"Key\":\"286EE4FFF5BF0100B4D15700\",\"Value\":1},{\"Key\":\"AC65E4FF8DC00100C0DC5700\",\"Value\":1},{\"Key\":\"517FE4FF1BBF01000FD45700\",\"Value\":1},{\"Key\":\"3D7AE4FFEBBF01002CE85700\",\"Value\":1},{\"Key\":\"596CE4FF93C001004CF25700\",\"Value\":1},{\"Key\":\"A98DE4FF9FBE0100E9DF5700\",\"Value\":1},{\"Key\":\"3483E4FFC2BF01005AF35700\",\"Value\":1},{\"Key\":\"228DE4FF42BF010058F95700\",\"Value\":1},{\"Key\":\"3482E4FF4BC0010001085800\",\"Value\":1},{\"Key\":\"0C91E4FF8DBF010077075800\",\"Value\":1},{\"Key\":\"7D8FE4FF98C10100525E5800\",\"Value\":1},{\"Key\":\"0996E4FF98C101008B725800\",\"Value\":1},{\"Key\":\"69ABE4FF98C10100146A5800\",\"Value\":1},{\"Key\":\"C483E4FF98C10100CA745800\",\"Value\":1},{\"Key\":\"3DA3E4FF98C101001B7C5800\",\"Value\":1},{\"Key\":\"5D98E4FF96C10100A8935800\",\"Value\":1},{\"Key\":\"1478E4FF03C30100CEB15800\",\"Value\":1},{\"Key\":\"756EE4FFB3C601008DC15800\",\"Value\":1},{\"Key\":\"A969E4FF66C6010069BB5800\",\"Value\":1},{\"Key\":\"8E71E4FFB8C90100C4D75800\",\"Value\":1},{\"Key\":\"7D7CE4FFE0C901003DE75800\",\"Value\":1},{\"Key\":\"866EE4FF5ACF010013F45800\",\"Value\":1},{\"Key\":\"B864E4FF65D30100DBFE5800\",\"Value\":1},{\"Key\":\"A678E4FF06CF010033105900\",\"Value\":1},{\"Key\":\"9779E4FF2CCE0100FFFB5800\",\"Value\":1},{\"Key\":\"1E65E5FF8BE50000F4FE5F00\",\"Value\":1},{\"Key\":\"A044E5FF03EA000085006000\",\"Value\":1},{\"Key\":\"8757E5FFB3E7000042146000\",\"Value\":1},{\"Key\":\"015BE5FFF4E600002D0D6000\",\"Value\":1},{\"Key\":\"8369E5FFE8E4000010F55F00\",\"Value\":1},{\"Key\":\"4F62E5FFCAE500007CF35F00\",\"Value\":3},{\"Key\":\"9274E5FF59E40000BCFD5F00\",\"Value\":1},{\"Key\":\"1471E5FF46E4000031F25F00\",\"Value\":1},{\"Key\":\"4A80E5FFA0E3000094FB5F00\",\"Value\":1},{\"Key\":\"5349E5FF5AEA000037DE5F00\",\"Value\":1},{\"Key\":\"4755E5FFBBE800004FD75F00\",\"Value\":1},{\"Key\":\"375AE5FF10E80000B7D55F00\",\"Value\":1},{\"Key\":\"9430E5FF6EEE000063206000\",\"Value\":1},{\"Key\":\"1757E5FF6BE80000631C6000\",\"Value\":1},{\"Key\":\"5452E5FFC8E80000921A6000\",\"Value\":1},{\"Key\":\"4C3FE5FFD1EE0000B83D6000\",\"Value\":1},{\"Key\":\"5861E5FF2FF1000000C26000\",\"Value\":1},{\"Key\":\"3C4EE5FF9EF10000BAD96000\",\"Value\":1},{\"Key\":\"1451E5FFD0F00000AFDA6000\",\"Value\":1},{\"Key\":\"1253E5FFC8EF00004CDD6000\",\"Value\":1},{\"Key\":\"1751E5FF7AED000088E86000\",\"Value\":1},{\"Key\":\"D754E5FF5BF00000F0D86000\",\"Value\":1},{\"Key\":\"5056E5FFE4EA00007CEE6000\",\"Value\":1},{\"Key\":\"D968E5FF4AF00000E1BC6000\",\"Value\":1},{\"Key\":\"AD5FE5FF95EB000057E36000\",\"Value\":1},{\"Key\":\"6C60E5FF97EA0000EAE66000\",\"Value\":1},{\"Key\":\"AC5CE5FF2FE90000C4F06000\",\"Value\":1},{\"Key\":\"8262E5FF64F00000CAC56000\",\"Value\":1},{\"Key\":\"D262E5FF6EEA0000AFE56000\",\"Value\":1},{\"Key\":\"BD69E5FF59E900008AE46000\",\"Value\":1},{\"Key\":\"3365E5FFBEE6000037F76000\",\"Value\":1},{\"Key\":\"AE87E5FFF5E70000A4CE6000\",\"Value\":1},{\"Key\":\"A275E5FF0BE60000E1ED6000\",\"Value\":1},{\"Key\":\"3376E5FF88E60000D3E96000\",\"Value\":1},{\"Key\":\"6899E5FFF0E6000054C86000\",\"Value\":1},{\"Key\":\"279DE5FF12E60000D6CC6000\",\"Value\":1},{\"Key\":\"88A4E5FF10E7000058BE6000\",\"Value\":1},{\"Key\":\"207FE5FF52E5000022EB6000\",\"Value\":1},{\"Key\":\"CB99E5FF3DE9000093B26000\",\"Value\":1},{\"Key\":\"059FE5FF6BE90000EFAB6000\",\"Value\":1},{\"Key\":\"0A97E5FF12EA0000EFAB6000\",\"Value\":1},{\"Key\":\"7A9AE5FFC2E900008FAB6000\",\"Value\":1},{\"Key\":\"1C98E5FF89EA0000D39E6000\",\"Value\":1},{\"Key\":\"859EE5FF5AEA0000DE986000\",\"Value\":1},{\"Key\":\"4EA2E5FF4AEA000084946000\",\"Value\":1},{\"Key\":\"ED84E5FFE2E30000E5F56000\",\"Value\":1},{\"Key\":\"C0B3E5FF1EE4000010D16000\",\"Value\":1},{\"Key\":\"E785E5FF20E4000023F26000\",\"Value\":1},{\"Key\":\"B7AAE5FF46E300001CED6000\",\"Value\":1},{\"Key\":\"A7AAE5FF88E900009A996000\",\"Value\":1},{\"Key\":\"DE85E5FF0CE30000EDFF6000\",\"Value\":1},{\"Key\":\"F48BE5FF89E300000CF66000\",\"Value\":1},{\"Key\":\"FAA9E5FF11EA0000E68E6000\",\"Value\":1},{\"Key\":\"638AE5FFABE2000063036100\",\"Value\":1},{\"Key\":\"AF8AE5FF4BE20000E1086100\",\"Value\":1},{\"Key\":\"6FC7E5FF5DE400006DCD6000\",\"Value\":1},{\"Key\":\"EB8FE5FF2AE20000ED0A6100\",\"Value\":1},{\"Key\":\"A094E5FF4AE30000E5F56000\",\"Value\":1},{\"Key\":\"D897E5FF82E2000035046100\",\"Value\":1},{\"Key\":\"9664E5FF3BF000003A746000\",\"Value\":1},{\"Key\":\"DA71E5FF11E500007CD75F00\",\"Value\":1},{\"Key\":\"CA77E5FFB7E4000081D45F00\",\"Value\":3},{\"Key\":\"EE8CE5FFEFE20000C6DF5F00\",\"Value\":1},{\"Key\":\"F687E5FFFAE300000BD25F00\",\"Value\":1},{\"Key\":\"6691E5FF16E30000CFD95F00\",\"Value\":1},{\"Key\":\"9F7EE5FFDCE50000F8C35F00\",\"Value\":1},{\"Key\":\"B07CE5FFEDE600006BB75F00\",\"Value\":1},{\"Key\":\"AC69E5FFDCE6000090CE5F00\",\"Value\":1},{\"Key\":\"8383E5FF99E600002FB55F00\",\"Value\":1},{\"Key\":\"ED65E5FF1DEA000054B45F00\",\"Value\":1},{\"Key\":\"EEA0E5FF1FE30000A1F85F00\",\"Value\":1},{\"Key\":\"719BE5FFE3E20000A4F25F00\",\"Value\":1},{\"Key\":\"5599E5FF05E3000032F75F00\",\"Value\":1},{\"Key\":\"FACBE5FF7DE900006A3B6000\",\"Value\":1},{\"Key\":\"ADA6E5FFA1E20000A4E75F00\",\"Value\":1},{\"Key\":\"0BDAE5FFEEE800003B586000\",\"Value\":1},{\"Key\":\"20E6E5FF3FE6000066896000\",\"Value\":1},{\"Key\":\"9AA6E5FF40E3000039EF6000\",\"Value\":1},{\"Key\":\"92A2E5FF3CE30000DFF16000\",\"Value\":1},{\"Key\":\"0E97E5FF5AE300001EF36000\",\"Value\":1},{\"Key\":\"8291E5FF70E5000040DD6000\",\"Value\":1},{\"Key\":\"A48AE5FFF7E400006BE56000\",\"Value\":1},{\"Key\":\"058AE5FF86E400007FE96000\",\"Value\":1},{\"Key\":\"F725AFFFA1BC0300C8080B00\",\"Value\":1},{\"Key\":\"032EB0FFB1A80300A5E30A00\",\"Value\":1},{\"Key\":\"A136B0FF85A303002BF70A00\",\"Value\":1},{\"Key\":\"0A93B0FFA7A00300EDD10A00\",\"Value\":1},{\"Key\":\"40F3B7FFFEF30300F55D0800\",\"Value\":1},{\"Key\":\"13C9B7FF10F00300F9570800\",\"Value\":1},{\"Key\":\"74C9B7FFDAEB030059670800\",\"Value\":1},{\"Key\":\"E407B7FF84150400990E0800\",\"Value\":1},{\"Key\":\"6C00B7FF1C130400AE1B0800\",\"Value\":1}],\"SerializedName\":\"WorldObjectLocatorManager\",\"UniqueFile\":true}"}}