{"Version":"0.0.0","Data":{"WorldItemManager":"{\"Version\":\"0.0.0\",\"WorldItemStates\":[{\"ObjectNameId\":\"\",\"ItemId\":590,\"Position\":{\"x\":1549.77966,\"y\":138.415,\"z\":-278.405579},\"Rotation\":{\"x\":0.3454943,\"y\":118.832779,\"z\":3.14218426},\"Unnamed\":true},{\"ObjectNameId\":\"\",\"ItemId\":590,\"Position\":{\"x\":1187.866,\"y\":128.795,\"z\":806.264},\"Rotation\":{\"x\":6.956867,\"y\":91.84704,\"z\":4.64985466},\"Unnamed\":true},{\"ObjectNameId\":\"World.GolfCart.01\",\"Position\":{\"x\":735.561462,\"y\":92.11,\"z\":1492.85645},\"Rotation\":{\"y\":59.3326035}},{\"ObjectNameId\":\"World.GolfCart.02\",\"Position\":{\"x\":1030.9928,\"y\":83.629,\"z\":1523.309},\"Rotation\":{\"y\":310.235138}},{\"ObjectNameId\":\"World.GolfCart.03\",\"Position\":{\"x\":1582.8606,\"y\":98.373,\"z\":1340.59045},\"Rotation\":{\"y\":146.876465}},{\"ObjectNameId\":\"World.GolfCart.04\",\"Position\":{\"x\":1014.11,\"y\":140.11,\"z\":1223.06},\"Rotation\":{\"y\":146.876465}},{\"ObjectNameId\":\"World.GolfCart.05\",\"Position\":{\"x\":1903.9,\"y\":15.253,\"z\":461.64},\"Rotation\":{\"y\":146.876465}},{\"ObjectNameId\":\"World.GolfCart.06\",\"Position\":{\"x\":1839.567,\"y\":15.09,\"z\":355.608978},\"Rotation\":{\"y\":97.15335}},{\"ObjectNameId\":\"World.GolfCart.07\",\"Position\":{\"x\":1707.07,\"y\":45.61,\"z\":561.72},\"Rotation\":{\"x\":356.325043,\"y\":229.34375,\"z\":1.9684552}},{\"ObjectNameId\":\"World.GolfCart.08\",\"Position\":{\"x\":897.75,\"y\":154.85,\"z\":927.72},\"Rotation\":{\"x\":1.01497149,\"y\":72.85578,\"z\":3.286398}},{\"ObjectNameId\":\"World.GolfCart.09\",\"Position\":{\"x\":1184.64734,\"y\":130.15,\"z\":800.166},\"Rotation\":{\"y\":304.951}},{\"ObjectNameId\":\"World.GolfCart.10\",\"Position\":{\"x\":-847.99,\"y\":138.363,\"z\":-1337.79},\"Rotation\":{\"y\":219.315521}},{\"ObjectNameId\":\"World.GolfCart.11\",\"Position\":{\"x\":-705.4219,\"y\":172.638962,\"z\":-1080.06165},\"Rotation\":{\"x\":2.49688029,\"y\":336.279327,\"z\":44.41001},\"ItemStateData\":[{\"Power\":1000.0,\"StateDataTypeId\":1,\"Version\":\"0.0.0\"}]},{\"ObjectNameId\":\"World.GolfCart.12\",\"Position\":{\"x\":-601.248169,\"y\":195.189377,\"z\":-1193.61938},\"Rotation\":{\"x\":5.49814034,\"y\":194.265274,\"z\":357.209869},\"ItemStateData\":[{\"Power\":1000.0,\"StateDataTypeId\":1,\"Version\":\"0.0.0\"}]},{\"ObjectNameId\":\"World.GolfCart.13\",\"Position\":{\"x\":1044.47864,\"y\":16.305,\"z\":1825.028},\"Rotation\":{\"x\":7.10553932}},{\"ObjectNameId\":\"World.GolfCart.14\",\"Position\":{\"x\":-716.72,\"y\":141.351,\"z\":-1227.72},\"Rotation\":{\"x\":13.4699831,\"y\":193.8168,\"z\":358.864166}},{\"ObjectNameId\":\"World.GolfCart.15\",\"Position\":{\"x\":-605.359436,\"y\":94.19678,\"z\":575.340637},\"Rotation\":{\"x\":358.337463,\"y\":272.9678,\"z\":3.139852},\"ItemStateData\":[{\"Power\":1000.0,\"StateDataTypeId\":1,\"Version\":\"0.0.0\"}]},{\"ObjectNameId\":\"World.HangGlider.01\",\"ItemId\":626,\"Position\":{\"x\":-504.4314,\"y\":322.9,\"z\":-307.391937},\"Rotation\":{\"x\":347.33783,\"y\":304.745667,\"z\":6.05460072}},{\"ObjectNameId\":\"World.HangGlider.02\",\"ItemId\":626,\"Position\":{\"x\":-129.59,\"y\":409.49,\"z\":-1028.08},\"Rotation\":{\"x\":345.409454,\"y\":329.2675,\"z\":0.93207866},\"State\":1},{\"ObjectNameId\":\"World.HangGlider.03\",\"ItemId\":626,\"Position\":{\"x\":366.28,\"y\":528.44,\"z\":-160.22},\"Rotation\":{\"x\":345.409454,\"y\":329.2675,\"z\":0.932078242}},{\"ObjectNameId\":\"World.HangGlider.04\",\"ItemId\":626,\"Position\":{\"x\":-1184.1,\"y\":221.613,\"z\":-1728.82288},\"Rotation\":{\"x\":334.249817,\"y\":201.601212,\"z\":0.28331387}},{\"ObjectNameId\":\"World.HangGlider.05\",\"ItemId\":626,\"Position\":{\"x\":730.2074,\"y\":369.476257,\"z\":737.528931},\"Rotation\":{\"x\":347.887054,\"y\":74.54709,\"z\":6.092104}},{\"ObjectNameId\":\"World.HangGlider.06\",\"ItemId\":626,\"Position\":{\"x\":1083.82,\"y\":276.317383,\"z\":-108.445892},\"Rotation\":{\"x\":344.984741,\"y\":55.88374,\"z\":1.21760261}},{\"ObjectNameId\":\"World.HangGlider.07\",\"ItemId\":626,\"Position\":{\"x\":797.909,\"y\":227.65,\"z\":974.662},\"Rotation\":{\"x\":344.984772,\"y\":85.53987,\"z\":1.21760166}},{\"ObjectNameId\":\"World.HangGlider.08\",\"ItemId\":626,\"Position\":{\"x\":-30.42196,\"y\":250.851,\"z\":665.780762},\"Rotation\":{\"x\":345.7998,\"y\":29.4513283,\"z\":359.714478}},{\"ObjectNameId\":\"World.HangGlider.09\",\"ItemId\":626,\"Position\":{\"x\":1297.53906,\"y\":193.973,\"z\":-30.139},\"Rotation\":{\"x\":344.984741,\"y\":92.78199,\"z\":1.217601}},{\"ObjectNameId\":\"World.HangGlider.10\",\"ItemId\":626,\"Position\":{\"x\":789.7307,\"y\":400.973053,\"z\":273.9027},\"Rotation\":{\"x\":347.482727,\"y\":134.715927,\"z\":6.64512062}},{\"ObjectNameId\":\"World.HangGlider.11\",\"ItemId\":626,\"Position\":{\"x\":-1772.03,\"y\":83.56678,\"z\":1171.02441},\"Rotation\":{\"x\":347.06366,\"y\":258.640076,\"z\":4.550671}},{\"ObjectNameId\":\"World.HangGlider.12\",\"ItemId\":626,\"Position\":{\"x\":-1297.054,\"y\":79.975,\"z\":1740.63477},\"Rotation\":{\"x\":345.6263,\"y\":51.9747849,\"z\":2.88373137}},{\"ObjectNameId\":\"World.HangGlider.13\",\"ItemId\":626,\"Position\":{\"x\":-799.537,\"y\":189.46,\"z\":-281.768},\"Rotation\":{\"x\":345.6263,\"y\":325.6798,\"z\":2.883733}},{\"ObjectNameId\":\"World.HangGlider.14\",\"ItemId\":626,\"Position\":{\"x\":846.108,\"y\":208.549,\"z\":1105.33716},\"Rotation\":{\"x\":345.6263,\"y\":41.03186,\"z\":2.88373685}},{\"ObjectNameId\":\"World.KnightV.01\",\"ItemId\":630,\"Position\":{\"x\":-1271.26,\"y\":103.854,\"z\":-14.9114027},\"Rotation\":{\"z\":326.879028}},{\"ObjectNameId\":\"World.KnightV.02\",\"ItemId\":630,\"Position\":{\"x\":-1121.4198,\"y\":37.108,\"z\":1628.24243},\"Rotation\":{\"x\":352.2902,\"y\":49.62521,\"z\":311.589752},\"State\":1},{\"ObjectNameId\":\"World.KnightV.03\",\"ItemId\":630,\"Position\":{\"x\":-238.128,\"y\":97.089,\"z\":950.960266},\"Rotation\":{\"x\":356.628723,\"y\":69.52765,\"z\":37.52209}},{\"ObjectNameId\":\"World.KnightV.04\",\"ItemId\":630,\"Position\":{\"x\":-1031.791,\"y\":226.86,\"z\":-625.11},\"Rotation\":{\"x\":351.3573,\"y\":158.840546,\"z\":335.1593},\"State\":1},{\"ObjectNameId\":\"World.KnightV.05\",\"ItemId\":630,\"Position\":{\"x\":1285.29871,\"y\":228.157,\"z\":-725.347},\"Rotation\":{\"x\":354.536316,\"y\":258.733917,\"z\":33.54773}},{\"ObjectNameId\":\"World.KnightV.06\",\"ItemId\":630,\"Position\":{\"x\":1106.58667,\"y\":87.5037155,\"z\":1622.528},\"Rotation\":{\"x\":353.512939,\"y\":186.727982,\"z\":59.38967}},{\"ObjectNameId\":\"World.KnightV.07\",\"ItemId\":630,\"Position\":{\"x\":1454.986,\"y\":192.25,\"z\":-417.372},\"Rotation\":{\"x\":355.17334,\"y\":306.921173,\"z\":323.681152}},{\"ObjectNameId\":\"World.KnightV.08\",\"ItemId\":630,\"Position\":{\"x\":-1092.74023,\"y\":93.476,\"z\":1277.42529},\"Rotation\":{\"x\":353.6405,\"y\":269.1214,\"z\":53.79985}},{\"ObjectNameId\":\"World.KnightV.09\",\"ItemId\":630,\"Position\":{\"x\":-1177.635,\"y\":227.554,\"z\":-1697.917},\"Rotation\":{\"x\":0.430921555,\"y\":210.561981,\"z\":312.084717}},{\"ObjectNameId\":\"World.KnightV.10\",\"ItemId\":630,\"Position\":{\"x\":-973.578,\"y\":272.885,\"z\":-783.283},\"Rotation\":{\"x\":359.134064,\"y\":148.511169,\"z\":308.603241}},{\"ObjectNameId\":\"World.KnightV.11\",\"ItemId\":630,\"Position\":{\"x\":-734.531,\"y\":134.001541,\"z\":28.555},\"Rotation\":{\"x\":359.134064,\"y\":275.3971,\"z\":308.603241}},{\"ObjectNameId\":\"World.KnightV.12\",\"ItemId\":630,\"Position\":{\"x\":-973.578,\"y\":272.885,\"z\":-783.283},\"Rotation\":{\"x\":359.134064,\"y\":148.511169,\"z\":308.603241}},{\"ObjectNameId\":\"World.KnightV.13\",\"ItemId\":630,\"Position\":{\"x\":-1132.82556,\"y\":278.821,\"z\":-1086.89417},\"Rotation\":{\"x\":356.135834,\"y\":114.3761,\"z\":40.2333832}},{\"ObjectNameId\":\"7bbcdaf5-2069-4d00-9038-b321247aeabb\",\"ItemId\":630,\"Position\":{\"x\":-406.984222,\"y\":14.8694,\"z\":1542.63538},\"Rotation\":{\"x\":51.86794,\"y\":121.927345,\"z\":82.9193954},\"RuntimeCreated\":true},{\"ObjectNameId\":\"1224495b-d16d-4f3f-a872-673a280c583e\",\"ItemId\":630,\"Position\":{\"x\":-1658.69458,\"y\":14.55979,\"z\":754.9581},\"Rotation\":{\"x\":5.73294735,\"y\":260.768646,\"z\":251.680176},\"State\":1,\"RuntimeCreated\":true},{\"ObjectNameId\":\"0b132b29-5697-45a6-97ff-c8bc380aedce\",\"ItemId\":630,\"Position\":{\"x\":-1110.60181,\"y\":127.586807,\"z\":-171.6442},\"Rotation\":{\"x\":312.954834,\"y\":148.549713,\"z\":260.383423},\"State\":1,\"RuntimeCreated\":true},{\"ObjectNameId\":\"17e6a8b4-33c9-4007-b8ca-38bb80c823fa\",\"ItemId\":630,\"Position\":{\"x\":-1014.183,\"y\":97.9734039,\"z\":1024.56},\"Rotation\":{\"x\":86.6186447,\"y\":214.533951,\"z\":133.052826},\"State\":1,\"RuntimeCreated\":true},{\"ObjectNameId\":\"4190bba9-2058-43ad-9218-4dcde0ffcd26\",\"ItemId\":630,\"Position\":{\"x\":-1255.60352,\"y\":100.464073,\"z\":1404.43213},\"Rotation\":{\"x\":347.052673,\"y\":276.7711,\"z\":112.255844},\"State\":1,\"RuntimeCreated\":true},{\"ObjectNameId\":\"c712dc86-20d1-40a2-b4d2-ff554145993f\",\"ItemId\":630,\"State\":1,\"RuntimeCreated\":true},{\"ObjectNameId\":\"dfc8b8b9-eb2a-42de-9725-3e9e7e636c98\",\"ItemId\":630,\"Position\":{\"x\":-1188.68945,\"y\":65.7753448,\"z\":128.815445},\"Rotation\":{\"x\":11.0128088,\"y\":175.50119,\"z\":243.883057},\"RuntimeCreated\":true},{\"ObjectNameId\":\"526849e7-37d9-4d84-b209-699aa39cd3d8\",\"ItemId\":630,\"Position\":{\"x\":-1316.00488,\"y\":91.2484055,\"z\":1298.997},\"Rotation\":{\"x\":11.8972492,\"y\":196.437531,\"z\":359.884644},\"RuntimeCreated\":true},{\"ObjectNameId\":\"270edd9a-1c2a-4eb6-8e53-762547b3c80f\",\"ItemId\":630,\"State\":1,\"RuntimeCreated\":true},{\"ObjectNameId\":\"6d4e30d2-d071-463b-87be-863cda31e38f\",\"ItemId\":630,\"State\":1,\"RuntimeCreated\":true},{\"ObjectNameId\":\"f9a747ea-8e3d-4cc1-a2d9-e6f91c5c517b\",\"ItemId\":630,\"State\":1,\"RuntimeCreated\":true},{\"ObjectNameId\":\"d24fcb24-7b95-47b7-8d3d-1e5441fa4183\",\"ItemId\":630,\"Position\":{\"x\":-1217.65576,\"y\":125.158821,\"z\":-77.51272},\"Rotation\":{\"x\":359.960968,\"y\":25.1825924,\"z\":359.8992},\"RuntimeCreated\":true},{\"ObjectNameId\":\"cfece34e-e198-424d-a220-36bae2089aa7\",\"ItemId\":630,\"Position\":{\"x\":-1116.62354,\"y\":129.140976,\"z\":-142.114059},\"Rotation\":{\"x\":27.0565948,\"y\":329.9332,\"z\":358.566254},\"RuntimeCreated\":true},{\"ObjectNameId\":\"6d204f73-7718-4d3d-9703-544d4435a8e5\",\"ItemId\":626,\"State\":1,\"RuntimeCreated\":true},{\"ObjectNameId\":\"6bb9c0b9-702e-4a64-a8d1-edc93488b213\",\"ItemId\":626,\"State\":1,\"RuntimeCreated\":true},{\"ObjectNameId\":\"af76448a-aa0b-47e6-98e0-91d3d086ef4d\",\"ItemId\":626,\"State\":1,\"RuntimeCreated\":true},{\"ObjectNameId\":\"e8f57b9f-bb45-4959-b8ef-d4587c9794d2\",\"ItemId\":626,\"Position\":{\"x\":-86.19579,\"y\":435.2466,\"z\":-1010.8454},\"Rotation\":{\"x\":2.42797732,\"y\":187.016083,\"z\":359.635864},\"RuntimeCreated\":true},{\"ObjectNameId\":\"5b2aa630-ceb3-465e-9746-0c19626a2824\",\"ItemId\":626,\"State\":1,\"RuntimeCreated\":true},{\"ObjectNameId\":\"6f4fa561-ddd5-4599-9235-3a5291780977\",\"ItemId\":626,\"State\":1,\"RuntimeCreated\":true},{\"ObjectNameId\":\"6fa9f0df-2aac-4290-8aad-505eb59d4ce9\",\"ItemId\":626,\"State\":1,\"RuntimeCreated\":true},{\"ObjectNameId\":\"1f025ed4-25f2-494a-8e35-8a2eaa3e42f4\",\"ItemId\":626,\"State\":1,\"RuntimeCreated\":true},{\"ObjectNameId\":\"a620d104-e615-4fa4-bc44-3c879c3e3aef\",\"ItemId\":626,\"State\":1,\"RuntimeCreated\":true},{\"ObjectNameId\":\"2330018c-164e-48ef-9e2e-b9d161e0b471\",\"ItemId\":626,\"State\":1,\"RuntimeCreated\":true},{\"ObjectNameId\":\"b2027de7-a57b-4fcf-9460-cd16da9c3ffd\",\"ItemId\":626,\"State\":1,\"RuntimeCreated\":true},{\"ObjectNameId\":\"db20080c-c55d-46f8-8642-e73521ba917e\",\"ItemId\":626,\"State\":1,\"RuntimeCreated\":true},{\"ObjectNameId\":\"6b226b3b-5836-4ab1-a88d-92726882ef3a\",\"ItemId\":626,\"State\":1,\"RuntimeCreated\":true},{\"ObjectNameId\":\"48e5c950-605e-4ca3-930a-a55a274148db\",\"ItemId\":626,\"State\":1,\"RuntimeCreated\":true},{\"ObjectNameId\":\"7e29884d-bd4c-4d8b-b383-9cae7d843d59\",\"ItemId\":626,\"State\":1,\"RuntimeCreated\":true},{\"ObjectNameId\":\"aba98741-6d1e-4410-9ca3-f9057a69c1c1\",\"ItemId\":626,\"State\":1,\"RuntimeCreated\":true},{\"ObjectNameId\":\"bef60b99-ac98-4804-89c3-0874411c481a\",\"ItemId\":626,\"State\":1,\"RuntimeCreated\":true},{\"ObjectNameId\":\"be7d7ffb-80f7-4334-a6c6-55272b43c732\",\"ItemId\":626,\"State\":1,\"RuntimeCreated\":true},{\"ObjectNameId\":\"ee5b723f-0c14-4ca9-8a4a-96450f3a56d6\",\"ItemId\":626,\"State\":1,\"RuntimeCreated\":true},{\"ObjectNameId\":\"7044e7c3-78d6-4b31-aa44-936ae1b50ef6\",\"ItemId\":626,\"State\":1,\"RuntimeCreated\":true},{\"ObjectNameId\":\"3cb2e8c6-648b-44e3-9570-154af33a784d\",\"ItemId\":626,\"State\":1,\"RuntimeCreated\":true},{\"ObjectNameId\":\"70179be8-1d20-41cb-8606-f8f933dcac31\",\"ItemId\":626,\"State\":1,\"RuntimeCreated\":true},{\"ObjectNameId\":\"242e14aa-783b-4ac2-8635-5e4f19ea14bd\",\"ItemId\":626,\"Position\":{\"x\":-113.859085,\"y\":360.8086,\"z\":-1150.52783},\"Rotation\":{\"x\":350.917877,\"y\":131.3647,\"z\":359.526},\"RuntimeCreated\":true},{\"ObjectNameId\":\"4e65915f-f8b4-4041-8748-351f8f20f79c\",\"ItemId\":626,\"State\":1,\"RuntimeCreated\":true},{\"ObjectNameId\":\"fee0af31-f00c-4f49-a3ae-f50775d9e754\",\"ItemId\":626,\"State\":1,\"RuntimeCreated\":true},{\"ObjectNameId\":\"6b0a07b8-ed40-4330-b8f8-4d511ef89d21\",\"ItemId\":626,\"State\":1,\"RuntimeCreated\":true},{\"ObjectNameId\":\"08276a15-cf3c-46ab-a89f-2f7ce9c820b1\",\"ItemId\":626,\"State\":1,\"RuntimeCreated\":true},{\"ObjectNameId\":\"9f69df6e-43f7-46b0-b1b3-59e1c33a6dab\",\"ItemId\":626,\"State\":1,\"RuntimeCreated\":true},{\"ObjectNameId\":\"421fc8b8-a3ee-41d8-8007-f8866f7c74f9\",\"ItemId\":626,\"State\":1,\"RuntimeCreated\":true},{\"ObjectNameId\":\"417ad9a4-cd2c-4eec-8763-6afb4fc65d8e\",\"ItemId\":626,\"State\":1,\"RuntimeCreated\":true},{\"ObjectNameId\":\"1594f2ad-cfd3-4eb0-bd26-678e457c1810\",\"ItemId\":626,\"State\":1,\"RuntimeCreated\":true},{\"ObjectNameId\":\"afdcec75-c342-4fb8-97d1-a20b47785f0e\",\"ItemId\":626,\"Position\":{\"x\":428.597076,\"y\":515.670044,\"z\":-205.66507},\"Rotation\":{\"x\":319.77652,\"y\":157.472748,\"z\":3.63473225},\"State\":1,\"RuntimeCreated\":true},{\"ObjectNameId\":\"11390a35-388f-4ee7-92aa-5ca93dcc61c4\",\"ItemId\":626,\"State\":1,\"RuntimeCreated\":true},{\"ObjectNameId\":\"6e7a1c25-b685-4e25-b151-2b4562e5b2ad\",\"ItemId\":626,\"State\":1,\"RuntimeCreated\":true},{\"ObjectNameId\":\"141b6010-eff7-4c4c-ac68-b8d9b4a223f0\",\"ItemId\":626,\"Position\":{\"x\":555.4187,\"y\":522.558838,\"z\":-180.595367},\"Rotation\":{\"x\":327.181671,\"y\":112.953262,\"z\":0.0688134655},\"RuntimeCreated\":true}]}"}}