{"Version":"0.0.0","Data":{"ZipLineManager":"{\"Version\":\"0.0.0\",\"Ziplines\":[{\"_anchorAPosition\":{\"x\":-601.938354,\"y\":97.04076,\"z\":574.652832},\"_anchorBPosition\":{\"x\":-627.5878,\"y\":96.97718,\"z\":596.7417},\"_canBeDismantled\":true},{\"_anchorAPosition\":{\"x\":-591.87915,\"y\":95.3479462,\"z\":572.2427},\"_anchorBPosition\":{\"x\":-608.733032,\"y\":95.77432,\"z\":531.2528},\"_canBeDismantled\":true},{\"_anchorAPosition\":{\"x\":-566.5162,\"y\":99.9655457,\"z\":601.771057},\"_anchorBPosition\":{\"x\":-601.4436,\"y\":96.91861,\"z\":574.6433},\"_canBeDismantled\":true},{\"_anchorAPosition\":{\"x\":-589.9801,\"y\":96.17424,\"z\":575.1272},\"_anchorBPosition\":{\"x\":-559.06134,\"y\":96.82183,\"z\":587.0816},\"_canBeDismantled\":true},{\"_anchorAPosition\":{\"x\":-1014.21283,\"y\":84.7333,\"z\":120.465843},\"_anchorBPosition\":{\"x\":-1020.84216,\"y\":88.21846,\"z\":118.257172},\"_canBeDismantled\":true}]}"}}